Batch 1770/2797, Loss: 0.4582, Train Acc: 83.26%
Batch 1775/2797, Loss: 0.4578, Train Acc: 83.27%
Batch 1780/2797, Loss: 0.4575, Train Acc: 83.28%
Batch 1785/2797, Loss: 0.4572, Train Acc: 83.29%
Batch 1790/2797, Loss: 0.4569, Train Acc: 83.30%
Batch 1795/2797, Loss: 0.4566, Train Acc: 83.31%
Batch 1800/2797, Loss: 0.4565, Train Acc: 83.32%
Batch 1805/2797, Loss: 0.4562, Train Acc: 83.33%
Batch 1810/2797, Loss: 0.4560, Train Acc: 83.33%
Batch 1815/2797, Loss: 0.4559, Train Acc: 83.34%
Batch 1820/2797, Loss: 0.4556, Train Acc: 83.35%
Batch 1825/2797, Loss: 0.4554, Train Acc: 83.35%
Batch 1830/2797, Loss: 0.4551, Train Acc: 83.36%
Batch 1835/2797, Loss: 0.4550, Train Acc: 83.37%
Batch 1840/2797, Loss: 0.4548, Train Acc: 83.38%
Batch 1845/2797, Loss: 0.4547, Train Acc: 83.38%
Batch 1850/2797, Loss: 0.4545, Train Acc: 83.39%
Batch 1855/2797, Loss: 0.4541, Train Acc: 83.40%
Batch 1860/2797, Loss: 0.4539, Train Acc: 83.41%
Batch 1865/2797, Loss: 0.4536, Train Acc: 83.42%
Batch 1870/2797, Loss: 0.4535, Train Acc: 83.42%
Batch 1875/2797, Loss: 0.4533, Train Acc: 83.43%
Batch 1880/2797, Loss: 0.4530, Train Acc: 83.45%
Batch 1885/2797, Loss: 0.4529, Train Acc: 83.45%
Batch 1890/2797, Loss: 0.4526, Train Acc: 83.46%
Batch 1895/2797, Loss: 0.4523, Train Acc: 83.47%
Batch 1900/2797, Loss: 0.4522, Train Acc: 83.47%
Batch 1905/2797, Loss: 0.4519, Train Acc: 83.48%
Batch 1910/2797, Loss: 0.4516, Train Acc: 83.49%
Batch 1915/2797, Loss: 0.4514, Train Acc: 83.50%
Batch 1920/2797, Loss: 0.4512, Train Acc: 83.50%
Batch 1925/2797, Loss: 0.4509, Train Acc: 83.51%
Batch 1930/2797, Loss: 0.4508, Train Acc: 83.51%
Batch 1935/2797, Loss: 0.4506, Train Acc: 83.52%
Batch 1940/2797, Loss: 0.4504, Train Acc: 83.52%
Batch 1945/2797, Loss: 0.4503, Train Acc: 83.52%
Batch 1950/2797, Loss: 0.4501, Train Acc: 83.53%
Batch 1955/2797, Loss: 0.4499, Train Acc: 83.53%
Batch 1960/2797, Loss: 0.4497, Train Acc: 83.54%
Batch 1965/2797, Loss: 0.4495, Train Acc: 83.55%
Batch 1970/2797, Loss: 0.4493, Train Acc: 83.55%
Batch 1975/2797, Loss: 0.4491, Train Acc: 83.56%
Batch 1980/2797, Loss: 0.4490, Train Acc: 83.56%
Batch 1985/2797, Loss: 0.4489, Train Acc: 83.56%
Batch 1990/2797, Loss: 0.4487, Train Acc: 83.56%
Batch 1995/2797, Loss: 0.4485, Train Acc: 83.57%
Batch 2000/2797, Loss: 0.4483, Train Acc: 83.57%
Batch 2005/2797, Loss: 0.4481, Train Acc: 83.58%
Batch 2010/2797, Loss: 0.4479, Train Acc: 83.59%
Batch 2015/2797, Loss: 0.4476, Train Acc: 83.60%
Batch 2020/2797, Loss: 0.4475, Train Acc: 83.60%
Batch 2025/2797, Loss: 0.4474, Train Acc: 83.60%
Batch 2030/2797, Loss: 0.4472, Train Acc: 83.61%
Batch 2035/2797, Loss: 0.4469, Train Acc: 83.62%
Batch 2040/2797, Loss: 0.4468, Train Acc: 83.62%
Batch 2045/2797, Loss: 0.4466, Train Acc: 83.62%
Batch 2050/2797, Loss: 0.4464, Train Acc: 83.63%
Batch 2055/2797, Loss: 0.4461, Train Acc: 83.64%
Batch 2060/2797, Loss: 0.4458, Train Acc: 83.66%
Batch 2065/2797, Loss: 0.4456, Train Acc: 83.66%
Batch 2070/2797, Loss: 0.4455, Train Acc: 83.66%
Batch 2075/2797, Loss: 0.4452, Train Acc: 83.67%
Batch 2080/2797, Loss: 0.4450, Train Acc: 83.68%
Batch 2085/2797, Loss: 0.4450, Train Acc: 83.68%
Batch 2090/2797, Loss: 0.4449, Train Acc: 83.68%
Batch 2095/2797, Loss: 0.4447, Train Acc: 83.69%
Batch 2100/2797, Loss: 0.4446, Train Acc: 83.69%
Batch 2105/2797, Loss: 0.4444, Train Acc: 83.69%
Batch 2110/2797, Loss: 0.4443, Train Acc: 83.70%
Batch 2115/2797, Loss: 0.4442, Train Acc: 83.69%
Batch 2120/2797, Loss: 0.4441, Train Acc: 83.70%
Batch 2125/2797, Loss: 0.4439, Train Acc: 83.70%
Batch 2130/2797, Loss: 0.4437, Train Acc: 83.71%
Batch 2135/2797, Loss: 0.4435, Train Acc: 83.71%
Batch 2140/2797, Loss: 0.4433, Train Acc: 83.72%
Batch 2145/2797, Loss: 0.4432, Train Acc: 83.72%
Batch 2150/2797, Loss: 0.4431, Train Acc: 83.72%
Batch 2155/2797, Loss: 0.4430, Train Acc: 83.73%
Batch 2160/2797, Loss: 0.4426, Train Acc: 83.74%
Batch 2165/2797, Loss: 0.4425, Train Acc: 83.75%
Batch 2170/2797, Loss: 0.4423, Train Acc: 83.75%
Batch 2175/2797, Loss: 0.4421, Train Acc: 83.76%
Batch 2180/2797, Loss: 0.4418, Train Acc: 83.77%
Batch 2185/2797, Loss: 0.4417, Train Acc: 83.77%
Batch 2190/2797, Loss: 0.4414, Train Acc: 83.78%
Batch 2195/2797, Loss: 0.4415, Train Acc: 83.78%
Batch 2200/2797, Loss: 0.4412, Train Acc: 83.79%
Batch 2205/2797, Loss: 0.4410, Train Acc: 83.79%
Batch 2210/2797, Loss: 0.4410, Train Acc: 83.79%
Batch 2215/2797, Loss: 0.4409, Train Acc: 83.79%
Batch 2220/2797, Loss: 0.4408, Train Acc: 83.80%
Batch 2225/2797, Loss: 0.4406, Train Acc: 83.80%
Batch 2230/2797, Loss: 0.4405, Train Acc: 83.81%
Batch 2235/2797, Loss: 0.4403, Train Acc: 83.81%
Batch 2240/2797, Loss: 0.4401, Train Acc: 83.82%
Batch 2245/2797, Loss: 0.4399, Train Acc: 83.82%
Batch 2250/2797, Loss: 0.4397, Train Acc: 83.83%
Batch 2255/2797, Loss: 0.4395, Train Acc: 83.83%
Batch 2260/2797, Loss: 0.4394, Train Acc: 83.83%
Batch 2265/2797, Loss: 0.4392, Train Acc: 83.84%
Batch 2270/2797, Loss: 0.4391, Train Acc: 83.84%
Batch 2275/2797, Loss: 0.4390, Train Acc: 83.85%
Batch 2280/2797, Loss: 0.4388, Train Acc: 83.86%
Batch 2285/2797, Loss: 0.4388, Train Acc: 83.86%
Batch 2290/2797, Loss: 0.4387, Train Acc: 83.87%
Batch 2295/2797, Loss: 0.4385, Train Acc: 83.87%
Batch 2300/2797, Loss: 0.4384, Train Acc: 83.88%
Batch 2305/2797, Loss: 0.4382, Train Acc: 83.88%
Batch 2310/2797, Loss: 0.4379, Train Acc: 83.89%
Batch 2315/2797, Loss: 0.4378, Train Acc: 83.90%
Batch 2320/2797, Loss: 0.4375, Train Acc: 83.90%
Batch 2325/2797, Loss: 0.4373, Train Acc: 83.91%
Batch 2330/2797, Loss: 0.4372, Train Acc: 83.91%
Batch 2335/2797, Loss: 0.4370, Train Acc: 83.92%
Batch 2340/2797, Loss: 0.4367, Train Acc: 83.93%
Batch 2345/2797, Loss: 0.4364, Train Acc: 83.94%
Batch 2350/2797, Loss: 0.4363, Train Acc: 83.94%
Batch 2355/2797, Loss: 0.4362, Train Acc: 83.95%
Batch 2360/2797, Loss: 0.4361, Train Acc: 83.95%
Batch 2365/2797, Loss: 0.4358, Train Acc: 83.96%
Batch 2370/2797, Loss: 0.4357, Train Acc: 83.96%
Batch 2375/2797, Loss: 0.4355, Train Acc: 83.97%
Batch 2380/2797, Loss: 0.4353, Train Acc: 83.98%
Batch 2385/2797, Loss: 0.4351, Train Acc: 83.98%
Batch 2390/2797, Loss: 0.4350, Train Acc: 83.99%
Batch 2395/2797, Loss: 0.4348, Train Acc: 83.99%
Batch 2400/2797, Loss: 0.4345, Train Acc: 84.00%
Batch 2405/2797, Loss: 0.4343, Train Acc: 84.01%
Batch 2410/2797, Loss: 0.4341, Train Acc: 84.01%
Batch 2415/2797, Loss: 0.4339, Train Acc: 84.02%
Batch 2420/2797, Loss: 0.4337, Train Acc: 84.03%
Batch 2425/2797, Loss: 0.4336, Train Acc: 84.03%
Batch 2430/2797, Loss: 0.4336, Train Acc: 84.03%
Batch 2435/2797, Loss: 0.4335, Train Acc: 84.03%
Batch 2440/2797, Loss: 0.4335, Train Acc: 84.03%
Batch 2445/2797, Loss: 0.4334, Train Acc: 84.04%
Batch 2450/2797, Loss: 0.4333, Train Acc: 84.04%
Batch 2455/2797, Loss: 0.4332, Train Acc: 84.04%
Batch 2460/2797, Loss: 0.4330, Train Acc: 84.05%
Batch 2465/2797, Loss: 0.4328, Train Acc: 84.05%
Batch 2470/2797, Loss: 0.4327, Train Acc: 84.06%
Batch 2475/2797, Loss: 0.4325, Train Acc: 84.07%
Batch 2480/2797, Loss: 0.4324, Train Acc: 84.07%
Batch 2485/2797, Loss: 0.4323, Train Acc: 84.07%
Batch 2490/2797, Loss: 0.4321, Train Acc: 84.08%
Batch 2495/2797, Loss: 0.4319, Train Acc: 84.09%
Batch 2500/2797, Loss: 0.4317, Train Acc: 84.09%
Batch 2505/2797, Loss: 0.4315, Train Acc: 84.10%
Batch 2510/2797, Loss: 0.4313, Train Acc: 84.11%
Batch 2515/2797, Loss: 0.4312, Train Acc: 84.11%
Batch 2520/2797, Loss: 0.4311, Train Acc: 84.11%
Batch 2525/2797, Loss: 0.4310, Train Acc: 84.12%
Batch 2530/2797, Loss: 0.4310, Train Acc: 84.11%
Batch 2535/2797, Loss: 0.4308, Train Acc: 84.12%
Batch 2540/2797, Loss: 0.4308, Train Acc: 84.12%
Batch 2545/2797, Loss: 0.4306, Train Acc: 84.13%
Batch 2550/2797, Loss: 0.4306, Train Acc: 84.13%
Batch 2555/2797, Loss: 0.4304, Train Acc: 84.14%
Batch 2560/2797, Loss: 0.4302, Train Acc: 84.14%
Batch 2565/2797, Loss: 0.4300, Train Acc: 84.15%
Batch 2570/2797, Loss: 0.4298, Train Acc: 84.15%
Batch 2575/2797, Loss: 0.4296, Train Acc: 84.16%
Batch 2580/2797, Loss: 0.4296, Train Acc: 84.16%
Batch 2585/2797, Loss: 0.4294, Train Acc: 84.17%
Batch 2590/2797, Loss: 0.4292, Train Acc: 84.17%
Batch 2595/2797, Loss: 0.4291, Train Acc: 84.18%
Batch 2600/2797, Loss: 0.4290, Train Acc: 84.18%
Batch 2605/2797, Loss: 0.4289, Train Acc: 84.19%
Batch 2610/2797, Loss: 0.4287, Train Acc: 84.19%
Batch 2615/2797, Loss: 0.4285, Train Acc: 84.20%
Batch 2620/2797, Loss: 0.4284, Train Acc: 84.20%
Batch 2625/2797, Loss: 0.4283, Train Acc: 84.20%
Batch 2630/2797, Loss: 0.4283, Train Acc: 84.20%
Batch 2635/2797, Loss: 0.4282, Train Acc: 84.21%
Batch 2640/2797, Loss: 0.4281, Train Acc: 84.21%
Batch 2645/2797, Loss: 0.4280, Train Acc: 84.22%
Batch 2650/2797, Loss: 0.4278, Train Acc: 84.22%
Batch 2655/2797, Loss: 0.4276, Train Acc: 84.23%
Batch 2660/2797, Loss: 0.4275, Train Acc: 84.24%
Batch 2665/2797, Loss: 0.4274, Train Acc: 84.24%
Batch 2670/2797, Loss: 0.4274, Train Acc: 84.24%
Batch 2675/2797, Loss: 0.4272, Train Acc: 84.25%
Batch 2680/2797, Loss: 0.4270, Train Acc: 84.25%
Batch 2685/2797, Loss: 0.4269, Train Acc: 84.26%
Batch 2690/2797, Loss: 0.4266, Train Acc: 84.27%
Batch 2695/2797, Loss: 0.4266, Train Acc: 84.27%
Batch 2700/2797, Loss: 0.4264, Train Acc: 84.28%
Batch 2705/2797, Loss: 0.4263, Train Acc: 84.28%
Batch 2710/2797, Loss: 0.4263, Train Acc: 84.28%
Batch 2715/2797, Loss: 0.4262, Train Acc: 84.29%
Batch 2720/2797, Loss: 0.4259, Train Acc: 84.29%
Batch 2725/2797, Loss: 0.4258, Train Acc: 84.30%
Batch 2730/2797, Loss: 0.4256, Train Acc: 84.30%
Batch 2735/2797, Loss: 0.4255, Train Acc: 84.30%
Batch 2740/2797, Loss: 0.4253, Train Acc: 84.31%
Batch 2745/2797, Loss: 0.4252, Train Acc: 84.32%
Batch 2750/2797, Loss: 0.4251, Train Acc: 84.32%
Batch 2755/2797, Loss: 0.4249, Train Acc: 84.32%
Batch 2760/2797, Loss: 0.4248, Train Acc: 84.33%
Batch 2765/2797, Loss: 0.4246, Train Acc: 84.33%
Batch 2770/2797, Loss: 0.4245, Train Acc: 84.34%
Batch 2775/2797, Loss: 0.4245, Train Acc: 84.34%
Batch 2780/2797, Loss: 0.4244, Train Acc: 84.34%
Batch 2785/2797, Loss: 0.4242, Train Acc: 84.34%
Batch 2790/2797, Loss: 0.4241, Train Acc: 84.35%
Batch 2795/2797, Loss: 0.4240, Train Acc: 84.35%
Learning Rate: 0.000400
Epoch 1/50, Average Loss: 0.4240, Train Accuracy: 84.35%
Validation Batch 5/700, Validation Accuracy: 89.06%
Validation Batch 10/700, Validation Accuracy: 86.25%
Validation Batch 15/700, Validation Accuracy: 85.26%
Validation Batch 20/700, Validation Accuracy: 85.16%
Validation Batch 25/700, Validation Accuracy: 85.69%
Validation Batch 30/700, Validation Accuracy: 85.68%
Validation Batch 35/700, Validation Accuracy: 85.36%
Validation Batch 40/700, Validation Accuracy: 85.31%
Validation Batch 45/700, Validation Accuracy: 85.50%
Validation Batch 50/700, Validation Accuracy: 85.59%
Validation Batch 55/700, Validation Accuracy: 85.47%
Validation Batch 60/700, Validation Accuracy: 85.27%
Validation Batch 65/700, Validation Accuracy: 85.29%
Validation Batch 70/700, Validation Accuracy: 85.22%
Validation Batch 75/700, Validation Accuracy: 85.09%
Validation Batch 80/700, Validation Accuracy: 85.02%
Validation Batch 85/700, Validation Accuracy: 85.06%
Validation Batch 90/700, Validation Accuracy: 85.03%
Validation Batch 95/700, Validation Accuracy: 85.03%
Validation Batch 100/700, Validation Accuracy: 85.02%
Validation Batch 105/700, Validation Accuracy: 85.01%
Validation Batch 110/700, Validation Accuracy: 84.88%
Validation Batch 115/700, Validation Accuracy: 84.85%
Validation Batch 120/700, Validation Accuracy: 84.90%
Validation Batch 125/700, Validation Accuracy: 84.91%
Validation Batch 130/700, Validation Accuracy: 84.87%
Validation Batch 135/700, Validation Accuracy: 84.87%
Validation Batch 140/700, Validation Accuracy: 84.88%
Validation Batch 145/700, Validation Accuracy: 84.88%
Validation Batch 150/700, Validation Accuracy: 84.96%
Validation Batch 155/700, Validation Accuracy: 84.94%
Validation Batch 160/700, Validation Accuracy: 84.92%
Validation Batch 165/700, Validation Accuracy: 84.92%
Validation Batch 170/700, Validation Accuracy: 84.93%
Validation Batch 175/700, Validation Accuracy: 84.92%
Validation Batch 180/700, Validation Accuracy: 84.93%
Validation Batch 185/700, Validation Accuracy: 84.94%
Validation Batch 190/700, Validation Accuracy: 84.96%
Validation Batch 195/700, Validation Accuracy: 84.97%
Validation Batch 200/700, Validation Accuracy: 84.97%
Validation Batch 205/700, Validation Accuracy: 84.99%
Validation Batch 210/700, Validation Accuracy: 85.01%
Validation Batch 215/700, Validation Accuracy: 85.04%
Validation Batch 220/700, Validation Accuracy: 85.10%
Validation Batch 225/700, Validation Accuracy: 85.11%
Validation Batch 230/700, Validation Accuracy: 85.11%
Validation Batch 235/700, Validation Accuracy: 85.12%
Validation Batch 240/700, Validation Accuracy: 85.16%
Validation Batch 245/700, Validation Accuracy: 85.22%
Validation Batch 250/700, Validation Accuracy: 85.18%
Validation Batch 255/700, Validation Accuracy: 85.20%
Validation Batch 260/700, Validation Accuracy: 85.20%
Validation Batch 265/700, Validation Accuracy: 85.18%
Validation Batch 270/700, Validation Accuracy: 85.18%
Validation Batch 275/700, Validation Accuracy: 85.14%
Validation Batch 280/700, Validation Accuracy: 85.10%
Validation Batch 285/700, Validation Accuracy: 85.16%
Validation Batch 290/700, Validation Accuracy: 85.15%
Validation Batch 295/700, Validation Accuracy: 85.17%
Validation Batch 300/700, Validation Accuracy: 85.19%
Validation Batch 305/700, Validation Accuracy: 85.14%
Validation Batch 310/700, Validation Accuracy: 85.12%
Validation Batch 315/700, Validation Accuracy: 85.12%
Validation Batch 320/700, Validation Accuracy: 85.10%
Validation Batch 325/700, Validation Accuracy: 85.10%
Validation Batch 330/700, Validation Accuracy: 85.07%
Validation Batch 335/700, Validation Accuracy: 85.08%
Validation Batch 340/700, Validation Accuracy: 85.09%
Validation Batch 345/700, Validation Accuracy: 85.08%
Validation Batch 350/700, Validation Accuracy: 85.10%
Validation Batch 355/700, Validation Accuracy: 85.11%
Validation Batch 360/700, Validation Accuracy: 85.13%
Validation Batch 365/700, Validation Accuracy: 85.11%
Validation Batch 370/700, Validation Accuracy: 85.11%
Validation Batch 375/700, Validation Accuracy: 85.11%
Validation Batch 380/700, Validation Accuracy: 85.13%
Validation Batch 385/700, Validation Accuracy: 85.12%
Validation Batch 390/700, Validation Accuracy: 85.12%
Validation Batch 395/700, Validation Accuracy: 85.12%
Validation Batch 400/700, Validation Accuracy: 85.13%
Validation Batch 405/700, Validation Accuracy: 85.12%
Validation Batch 410/700, Validation Accuracy: 85.12%
Validation Batch 415/700, Validation Accuracy: 85.15%
Validation Batch 420/700, Validation Accuracy: 85.15%
Validation Batch 425/700, Validation Accuracy: 85.16%
Validation Batch 430/700, Validation Accuracy: 85.19%
Validation Batch 435/700, Validation Accuracy: 85.20%
Validation Batch 440/700, Validation Accuracy: 85.18%
Validation Batch 445/700, Validation Accuracy: 85.21%
Validation Batch 450/700, Validation Accuracy: 85.23%
Validation Batch 455/700, Validation Accuracy: 85.22%
Validation Batch 460/700, Validation Accuracy: 85.21%
Validation Batch 465/700, Validation Accuracy: 85.21%
Validation Batch 470/700, Validation Accuracy: 85.21%
Validation Batch 475/700, Validation Accuracy: 85.18%
Validation Batch 480/700, Validation Accuracy: 85.20%
Validation Batch 485/700, Validation Accuracy: 85.18%
Validation Batch 490/700, Validation Accuracy: 85.20%
Validation Batch 495/700, Validation Accuracy: 85.22%
Validation Batch 500/700, Validation Accuracy: 85.21%
Validation Batch 505/700, Validation Accuracy: 85.24%
Validation Batch 510/700, Validation Accuracy: 85.25%
Validation Batch 515/700, Validation Accuracy: 85.24%
Validation Batch 520/700, Validation Accuracy: 85.24%
Validation Batch 525/700, Validation Accuracy: 85.22%
Validation Batch 530/700, Validation Accuracy: 85.24%
Validation Batch 535/700, Validation Accuracy: 85.22%
Validation Batch 540/700, Validation Accuracy: 85.21%
Validation Batch 545/700, Validation Accuracy: 85.22%
Validation Batch 550/700, Validation Accuracy: 85.22%
Validation Batch 555/700, Validation Accuracy: 85.20%
Validation Batch 560/700, Validation Accuracy: 85.21%
Validation Batch 565/700, Validation Accuracy: 85.21%
Validation Batch 570/700, Validation Accuracy: 85.21%
Validation Batch 575/700, Validation Accuracy: 85.21%
Validation Batch 580/700, Validation Accuracy: 85.22%
Validation Batch 585/700, Validation Accuracy: 85.24%
Validation Batch 590/700, Validation Accuracy: 85.23%
Validation Batch 595/700, Validation Accuracy: 85.22%
Validation Batch 600/700, Validation Accuracy: 85.23%
Validation Batch 605/700, Validation Accuracy: 85.23%
Validation Batch 610/700, Validation Accuracy: 85.24%
Validation Batch 615/700, Validation Accuracy: 85.24%
Validation Batch 620/700, Validation Accuracy: 85.22%
Validation Batch 625/700, Validation Accuracy: 85.22%
Validation Batch 630/700, Validation Accuracy: 85.21%
Validation Batch 635/700, Validation Accuracy: 85.21%
Validation Batch 640/700, Validation Accuracy: 85.20%
Validation Batch 645/700, Validation Accuracy: 85.21%
Validation Batch 650/700, Validation Accuracy: 85.20%
Validation Batch 655/700, Validation Accuracy: 85.21%
Validation Batch 660/700, Validation Accuracy: 85.21%
Validation Batch 665/700, Validation Accuracy: 85.21%
Validation Batch 670/700, Validation Accuracy: 85.20%
Validation Batch 675/700, Validation Accuracy: 85.19%
Validation Batch 680/700, Validation Accuracy: 85.20%
Validation Batch 685/700, Validation Accuracy: 85.19%
Validation Batch 690/700, Validation Accuracy: 85.17%
Validation Batch 695/700, Validation Accuracy: 85.17%
Validation Batch 700/700, Validation Accuracy: 85.17%
Validation Accuracy for Epoch 1: 85.17%
New Best Model Saved! Validation Accuracy: 85.17%

--- Epoch 2/50 ---
Batch 5/2797, Loss: 0.3079, Train Acc: 88.44%
Batch 10/2797, Loss: 0.3299, Train Acc: 86.48%
Batch 15/2797, Loss: 0.3339, Train Acc: 86.93%
Batch 20/2797, Loss: 0.3391, Train Acc: 86.72%
Batch 25/2797, Loss: 0.3434, Train Acc: 86.69%
Batch 30/2797, Loss: 0.3504, Train Acc: 86.61%
Batch 35/2797, Loss: 0.3512, Train Acc: 86.54%
Batch 40/2797, Loss: 0.3536, Train Acc: 86.64%
Batch 45/2797, Loss: 0.3566, Train Acc: 86.49%
Batch 50/2797, Loss: 0.3573, Train Acc: 86.38%
Batch 55/2797, Loss: 0.3592, Train Acc: 86.41%
Batch 60/2797, Loss: 0.3626, Train Acc: 86.29%
Batch 65/2797, Loss: 0.3679, Train Acc: 86.01%
Batch 70/2797, Loss: 0.3713, Train Acc: 85.83%
Batch 75/2797, Loss: 0.3716, Train Acc: 85.84%
Batch 80/2797, Loss: 0.3725, Train Acc: 85.98%
Batch 85/2797, Loss: 0.3724, Train Acc: 85.97%
Batch 90/2797, Loss: 0.3737, Train Acc: 85.90%
Batch 95/2797, Loss: 0.3741, Train Acc: 85.86%
Batch 100/2797, Loss: 0.3752, Train Acc: 85.88%
Batch 105/2797, Loss: 0.3763, Train Acc: 85.89%
Batch 110/2797, Loss: 0.3765, Train Acc: 85.90%
Batch 115/2797, Loss: 0.3775, Train Acc: 85.94%
Batch 120/2797, Loss: 0.3803, Train Acc: 85.90%
Batch 125/2797, Loss: 0.3802, Train Acc: 85.94%
Batch 130/2797, Loss: 0.3791, Train Acc: 85.97%
Batch 135/2797, Loss: 0.3802, Train Acc: 85.97%
Batch 140/2797, Loss: 0.3800, Train Acc: 85.99%
Batch 145/2797, Loss: 0.3814, Train Acc: 85.91%
Batch 150/2797, Loss: 0.3811, Train Acc: 85.92%
Batch 155/2797, Loss: 0.3801, Train Acc: 85.97%
Batch 160/2797, Loss: 0.3811, Train Acc: 85.90%
Batch 165/2797, Loss: 0.3829, Train Acc: 85.80%
Batch 170/2797, Loss: 0.3838, Train Acc: 85.76%
Batch 175/2797, Loss: 0.3847, Train Acc: 85.71%
Batch 180/2797, Loss: 0.3840, Train Acc: 85.72%
Batch 185/2797, Loss: 0.3840, Train Acc: 85.75%
Batch 190/2797, Loss: 0.3834, Train Acc: 85.79%
Batch 195/2797, Loss: 0.3846, Train Acc: 85.78%
Batch 200/2797, Loss: 0.3840, Train Acc: 85.80%
Batch 205/2797, Loss: 0.3850, Train Acc: 85.75%
Batch 210/2797, Loss: 0.3861, Train Acc: 85.74%
Batch 215/2797, Loss: 0.3859, Train Acc: 85.72%
Batch 220/2797, Loss: 0.3860, Train Acc: 85.72%
Batch 225/2797, Loss: 0.3857, Train Acc: 85.74%
Batch 230/2797, Loss: 0.3856, Train Acc: 85.73%
Batch 235/2797, Loss: 0.3850, Train Acc: 85.75%
Batch 240/2797, Loss: 0.3848, Train Acc: 85.76%
Batch 245/2797, Loss: 0.3857, Train Acc: 85.73%
Batch 250/2797, Loss: 0.3851, Train Acc: 85.76%
Batch 255/2797, Loss: 0.3846, Train Acc: 85.77%
Batch 260/2797, Loss: 0.3857, Train Acc: 85.71%
Batch 265/2797, Loss: 0.3854, Train Acc: 85.73%
Batch 270/2797, Loss: 0.3846, Train Acc: 85.76%
Batch 275/2797, Loss: 0.3837, Train Acc: 85.80%
Batch 280/2797, Loss: 0.3834, Train Acc: 85.80%
Batch 285/2797, Loss: 0.3839, Train Acc: 85.78%
Batch 290/2797, Loss: 0.3829, Train Acc: 85.80%
Batch 295/2797, Loss: 0.3830, Train Acc: 85.79%
Batch 300/2797, Loss: 0.3832, Train Acc: 85.77%
Batch 305/2797, Loss: 0.3832, Train Acc: 85.77%
Batch 310/2797, Loss: 0.3830, Train Acc: 85.74%
Batch 315/2797, Loss: 0.3822, Train Acc: 85.78%
Batch 320/2797, Loss: 0.3823, Train Acc: 85.77%
Batch 325/2797, Loss: 0.3821, Train Acc: 85.76%
Batch 330/2797, Loss: 0.3826, Train Acc: 85.76%
Batch 335/2797, Loss: 0.3829, Train Acc: 85.77%
Batch 340/2797, Loss: 0.3829, Train Acc: 85.78%
Batch 345/2797, Loss: 0.3828, Train Acc: 85.78%
Batch 350/2797, Loss: 0.3824, Train Acc: 85.81%
Batch 355/2797, Loss: 0.3823, Train Acc: 85.83%
Batch 360/2797, Loss: 0.3832, Train Acc: 85.84%
Batch 365/2797, Loss: 0.3834, Train Acc: 85.82%
Batch 370/2797, Loss: 0.3831, Train Acc: 85.85%
Batch 375/2797, Loss: 0.3837, Train Acc: 85.84%
Batch 380/2797, Loss: 0.3831, Train Acc: 85.86%
Batch 385/2797, Loss: 0.3829, Train Acc: 85.87%
Batch 390/2797, Loss: 0.3831, Train Acc: 85.83%
Batch 395/2797, Loss: 0.3832, Train Acc: 85.82%
Batch 400/2797, Loss: 0.3830, Train Acc: 85.83%
Batch 405/2797, Loss: 0.3829, Train Acc: 85.83%
Batch 410/2797, Loss: 0.3835, Train Acc: 85.82%
Batch 415/2797, Loss: 0.3834, Train Acc: 85.83%
Batch 420/2797, Loss: 0.3837, Train Acc: 85.81%
Batch 425/2797, Loss: 0.3842, Train Acc: 85.77%
Batch 430/2797, Loss: 0.3847, Train Acc: 85.76%
Batch 435/2797, Loss: 0.3845, Train Acc: 85.77%
Batch 440/2797, Loss: 0.3845, Train Acc: 85.75%
Batch 445/2797, Loss: 0.3848, Train Acc: 85.74%
Batch 450/2797, Loss: 0.3851, Train Acc: 85.73%
Batch 455/2797, Loss: 0.3849, Train Acc: 85.74%
Batch 460/2797, Loss: 0.3850, Train Acc: 85.71%
Batch 465/2797, Loss: 0.3843, Train Acc: 85.75%
Batch 470/2797, Loss: 0.3847, Train Acc: 85.74%
Batch 475/2797, Loss: 0.3844, Train Acc: 85.76%
Batch 480/2797, Loss: 0.3841, Train Acc: 85.78%
Batch 485/2797, Loss: 0.3841, Train Acc: 85.77%
Batch 490/2797, Loss: 0.3844, Train Acc: 85.75%
Batch 495/2797, Loss: 0.3839, Train Acc: 85.78%
Batch 500/2797, Loss: 0.3834, Train Acc: 85.79%
Batch 505/2797, Loss: 0.3834, Train Acc: 85.79%
Batch 510/2797, Loss: 0.3836, Train Acc: 85.78%
Batch 515/2797, Loss: 0.3838, Train Acc: 85.77%
Batch 520/2797, Loss: 0.3830, Train Acc: 85.79%
Batch 525/2797, Loss: 0.3829, Train Acc: 85.81%
Batch 530/2797, Loss: 0.3827, Train Acc: 85.82%
Batch 535/2797, Loss: 0.3827, Train Acc: 85.80%
Batch 540/2797, Loss: 0.3824, Train Acc: 85.81%
Batch 545/2797, Loss: 0.3824, Train Acc: 85.83%
Batch 550/2797, Loss: 0.3824, Train Acc: 85.81%
Batch 555/2797, Loss: 0.3822, Train Acc: 85.80%
Batch 560/2797, Loss: 0.3822, Train Acc: 85.80%
Batch 565/2797, Loss: 0.3825, Train Acc: 85.80%
Batch 570/2797, Loss: 0.3825, Train Acc: 85.80%
Batch 575/2797, Loss: 0.3824, Train Acc: 85.79%
Batch 580/2797, Loss: 0.3822, Train Acc: 85.81%
Batch 585/2797, Loss: 0.3819, Train Acc: 85.82%
Batch 590/2797, Loss: 0.3820, Train Acc: 85.81%
Batch 595/2797, Loss: 0.3825, Train Acc: 85.78%
Batch 600/2797, Loss: 0.3824, Train Acc: 85.79%
Batch 605/2797, Loss: 0.3823, Train Acc: 85.79%
Batch 610/2797, Loss: 0.3819, Train Acc: 85.81%
Batch 615/2797, Loss: 0.3816, Train Acc: 85.81%
Batch 620/2797, Loss: 0.3818, Train Acc: 85.80%
Batch 625/2797, Loss: 0.3823, Train Acc: 85.78%
Batch 630/2797, Loss: 0.3824, Train Acc: 85.77%
Batch 635/2797, Loss: 0.3822, Train Acc: 85.77%
Batch 640/2797, Loss: 0.3821, Train Acc: 85.77%
Batch 645/2797, Loss: 0.3821, Train Acc: 85.77%
Batch 650/2797, Loss: 0.3822, Train Acc: 85.76%
Batch 655/2797, Loss: 0.3820, Train Acc: 85.77%
Batch 660/2797, Loss: 0.3819, Train Acc: 85.77%
Batch 665/2797, Loss: 0.3816, Train Acc: 85.78%
Batch 670/2797, Loss: 0.3815, Train Acc: 85.80%
Batch 675/2797, Loss: 0.3812, Train Acc: 85.81%
Batch 680/2797, Loss: 0.3807, Train Acc: 85.81%
Batch 685/2797, Loss: 0.3806, Train Acc: 85.83%
Batch 690/2797, Loss: 0.3804, Train Acc: 85.83%
Batch 695/2797, Loss: 0.3800, Train Acc: 85.84%
Batch 700/2797, Loss: 0.3798, Train Acc: 85.85%
Batch 705/2797, Loss: 0.3798, Train Acc: 85.85%
Batch 710/2797, Loss: 0.3795, Train Acc: 85.85%
Batch 715/2797, Loss: 0.3795, Train Acc: 85.85%
Batch 720/2797, Loss: 0.3796, Train Acc: 85.84%
Batch 725/2797, Loss: 0.3791, Train Acc: 85.86%
Batch 730/2797, Loss: 0.3791, Train Acc: 85.86%
Batch 735/2797, Loss: 0.3790, Train Acc: 85.86%
Batch 740/2797, Loss: 0.3789, Train Acc: 85.86%
Batch 745/2797, Loss: 0.3791, Train Acc: 85.86%
Batch 750/2797, Loss: 0.3788, Train Acc: 85.86%
Batch 755/2797, Loss: 0.3787, Train Acc: 85.87%
Batch 760/2797, Loss: 0.3786, Train Acc: 85.88%
Batch 765/2797, Loss: 0.3791, Train Acc: 85.85%
Batch 770/2797, Loss: 0.3790, Train Acc: 85.86%
Batch 775/2797, Loss: 0.3794, Train Acc: 85.85%
Batch 780/2797, Loss: 0.3790, Train Acc: 85.87%
Batch 785/2797, Loss: 0.3787, Train Acc: 85.88%
Batch 790/2797, Loss: 0.3785, Train Acc: 85.88%
Batch 795/2797, Loss: 0.3785, Train Acc: 85.88%
Batch 800/2797, Loss: 0.3786, Train Acc: 85.88%
Batch 805/2797, Loss: 0.3783, Train Acc: 85.89%
Batch 810/2797, Loss: 0.3783, Train Acc: 85.89%
Batch 815/2797, Loss: 0.3781, Train Acc: 85.89%
Batch 820/2797, Loss: 0.3781, Train Acc: 85.90%
Batch 825/2797, Loss: 0.3783, Train Acc: 85.89%
Batch 830/2797, Loss: 0.3781, Train Acc: 85.90%
Batch 835/2797, Loss: 0.3778, Train Acc: 85.91%
Batch 840/2797, Loss: 0.3777, Train Acc: 85.92%
Batch 845/2797, Loss: 0.3773, Train Acc: 85.94%
Batch 850/2797, Loss: 0.3772, Train Acc: 85.94%
Batch 855/2797, Loss: 0.3770, Train Acc: 85.95%
Batch 860/2797, Loss: 0.3770, Train Acc: 85.96%
Batch 865/2797, Loss: 0.3771, Train Acc: 85.96%
Batch 870/2797, Loss: 0.3770, Train Acc: 85.96%
Batch 875/2797, Loss: 0.3770, Train Acc: 85.95%
Batch 880/2797, Loss: 0.3768, Train Acc: 85.96%
Batch 885/2797, Loss: 0.3767, Train Acc: 85.95%
Batch 890/2797, Loss: 0.3767, Train Acc: 85.95%
Batch 895/2797, Loss: 0.3765, Train Acc: 85.96%
Batch 900/2797, Loss: 0.3765, Train Acc: 85.96%
Batch 905/2797, Loss: 0.3763, Train Acc: 85.95%
Batch 910/2797, Loss: 0.3761, Train Acc: 85.95%
Batch 915/2797, Loss: 0.3760, Train Acc: 85.95%
Batch 920/2797, Loss: 0.3758, Train Acc: 85.95%
Batch 925/2797, Loss: 0.3756, Train Acc: 85.96%
Batch 930/2797, Loss: 0.3754, Train Acc: 85.97%
Batch 935/2797, Loss: 0.3752, Train Acc: 85.98%
Batch 940/2797, Loss: 0.3751, Train Acc: 85.99%
Batch 945/2797, Loss: 0.3751, Train Acc: 85.98%
Batch 950/2797, Loss: 0.3750, Train Acc: 85.98%
Batch 955/2797, Loss: 0.3750, Train Acc: 85.99%
Batch 960/2797, Loss: 0.3747, Train Acc: 86.00%
Batch 965/2797, Loss: 0.3746, Train Acc: 85.99%
Batch 970/2797, Loss: 0.3745, Train Acc: 85.99%
Batch 975/2797, Loss: 0.3747, Train Acc: 85.99%
Batch 980/2797, Loss: 0.3745, Train Acc: 85.99%
Batch 985/2797, Loss: 0.3745, Train Acc: 85.99%
Batch 990/2797, Loss: 0.3743, Train Acc: 86.00%
Batch 995/2797, Loss: 0.3741, Train Acc: 86.00%
Batch 1000/2797, Loss: 0.3738, Train Acc: 86.01%
Batch 1005/2797, Loss: 0.3736, Train Acc: 86.02%
Batch 1010/2797, Loss: 0.3736, Train Acc: 86.01%
Batch 1015/2797, Loss: 0.3736, Train Acc: 86.01%
Batch 1020/2797, Loss: 0.3735, Train Acc: 86.00%
Batch 1025/2797, Loss: 0.3735, Train Acc: 86.00%
Batch 1030/2797, Loss: 0.3735, Train Acc: 86.00%
Batch 1035/2797, Loss: 0.3732, Train Acc: 86.02%
Batch 1040/2797, Loss: 0.3733, Train Acc: 86.01%
Batch 1045/2797, Loss: 0.3734, Train Acc: 86.01%
Batch 1050/2797, Loss: 0.3734, Train Acc: 86.01%
Batch 1055/2797, Loss: 0.3732, Train Acc: 86.02%
Batch 1060/2797, Loss: 0.3732, Train Acc: 86.02%
Batch 1065/2797, Loss: 0.3729, Train Acc: 86.03%
Batch 1070/2797, Loss: 0.3729, Train Acc: 86.03%
Batch 1075/2797, Loss: 0.3728, Train Acc: 86.04%
Batch 1080/2797, Loss: 0.3728, Train Acc: 86.04%
Batch 1085/2797, Loss: 0.3726, Train Acc: 86.04%
Batch 1090/2797, Loss: 0.3726, Train Acc: 86.05%
Batch 1095/2797, Loss: 0.3725, Train Acc: 86.06%
Batch 1100/2797, Loss: 0.3723, Train Acc: 86.06%
Batch 1105/2797, Loss: 0.3726, Train Acc: 86.05%
Batch 1110/2797, Loss: 0.3726, Train Acc: 86.05%
Batch 1115/2797, Loss: 0.3723, Train Acc: 86.06%
Batch 1120/2797, Loss: 0.3720, Train Acc: 86.08%
Batch 1125/2797, Loss: 0.3719, Train Acc: 86.08%
Batch 1130/2797, Loss: 0.3718, Train Acc: 86.09%
Batch 1135/2797, Loss: 0.3717, Train Acc: 86.09%
Batch 1140/2797, Loss: 0.3718, Train Acc: 86.08%
Batch 1145/2797, Loss: 0.3714, Train Acc: 86.10%
Batch 1150/2797, Loss: 0.3713, Train Acc: 86.10%
Batch 1155/2797, Loss: 0.3712, Train Acc: 86.11%
Batch 1160/2797, Loss: 0.3711, Train Acc: 86.12%
Batch 1165/2797, Loss: 0.3712, Train Acc: 86.11%
Batch 1170/2797, Loss: 0.3711, Train Acc: 86.11%
Batch 1175/2797, Loss: 0.3710, Train Acc: 86.11%
Batch 1180/2797, Loss: 0.3710, Train Acc: 86.11%
Batch 1185/2797, Loss: 0.3710, Train Acc: 86.11%
Batch 1190/2797, Loss: 0.3709, Train Acc: 86.12%
Batch 1195/2797, Loss: 0.3709, Train Acc: 86.13%
Batch 1200/2797, Loss: 0.3710, Train Acc: 86.13%
Batch 1205/2797, Loss: 0.3707, Train Acc: 86.14%
Batch 1210/2797, Loss: 0.3708, Train Acc: 86.14%
Batch 1215/2797, Loss: 0.3707, Train Acc: 86.14%
Batch 1220/2797, Loss: 0.3705, Train Acc: 86.15%
Batch 1225/2797, Loss: 0.3705, Train Acc: 86.14%
Batch 1230/2797, Loss: 0.3703, Train Acc: 86.15%
Batch 1235/2797, Loss: 0.3702, Train Acc: 86.16%
Batch 1240/2797, Loss: 0.3704, Train Acc: 86.15%
Batch 1245/2797, Loss: 0.3705, Train Acc: 86.14%
Batch 1250/2797, Loss: 0.3705, Train Acc: 86.15%
Batch 1255/2797, Loss: 0.3705, Train Acc: 86.14%
Batch 1260/2797, Loss: 0.3704, Train Acc: 86.15%
Batch 1265/2797, Loss: 0.3701, Train Acc: 86.16%
Batch 1270/2797, Loss: 0.3699, Train Acc: 86.17%
Batch 1275/2797, Loss: 0.3697, Train Acc: 86.18%
Batch 1280/2797, Loss: 0.3696, Train Acc: 86.18%
Batch 1285/2797, Loss: 0.3695, Train Acc: 86.18%
Batch 1290/2797, Loss: 0.3695, Train Acc: 86.18%
Batch 1295/2797, Loss: 0.3696, Train Acc: 86.18%
Batch 1300/2797, Loss: 0.3696, Train Acc: 86.17%
Batch 1305/2797, Loss: 0.3694, Train Acc: 86.18%
Batch 1310/2797, Loss: 0.3692, Train Acc: 86.19%
Batch 1315/2797, Loss: 0.3692, Train Acc: 86.19%
Batch 1320/2797, Loss: 0.3692, Train Acc: 86.19%
Batch 1325/2797, Loss: 0.3692, Train Acc: 86.19%
Batch 1330/2797, Loss: 0.3692, Train Acc: 86.18%
Batch 1335/2797, Loss: 0.3691, Train Acc: 86.19%
Batch 1340/2797, Loss: 0.3691, Train Acc: 86.19%
Batch 1345/2797, Loss: 0.3689, Train Acc: 86.20%
Batch 1350/2797, Loss: 0.3689, Train Acc: 86.21%
Batch 1355/2797, Loss: 0.3687, Train Acc: 86.21%
Batch 1360/2797, Loss: 0.3687, Train Acc: 86.22%
Batch 1365/2797, Loss: 0.3686, Train Acc: 86.22%
Batch 1370/2797, Loss: 0.3685, Train Acc: 86.22%
Batch 1375/2797, Loss: 0.3685, Train Acc: 86.23%
Batch 1380/2797, Loss: 0.3683, Train Acc: 86.24%
Batch 1385/2797, Loss: 0.3682, Train Acc: 86.24%
Batch 1390/2797, Loss: 0.3684, Train Acc: 86.24%
Batch 1395/2797, Loss: 0.3682, Train Acc: 86.24%
Batch 1400/2797, Loss: 0.3682, Train Acc: 86.24%
Batch 1405/2797, Loss: 0.3681, Train Acc: 86.25%
Batch 1410/2797, Loss: 0.3681, Train Acc: 86.25%
Batch 1415/2797, Loss: 0.3679, Train Acc: 86.26%
Batch 1420/2797, Loss: 0.3680, Train Acc: 86.25%
Batch 1425/2797, Loss: 0.3679, Train Acc: 86.26%
Batch 1430/2797, Loss: 0.3680, Train Acc: 86.26%
Batch 1435/2797, Loss: 0.3679, Train Acc: 86.26%
Batch 1440/2797, Loss: 0.3679, Train Acc: 86.26%
Batch 1445/2797, Loss: 0.3679, Train Acc: 86.27%
Batch 1450/2797, Loss: 0.3679, Train Acc: 86.27%
Batch 1455/2797, Loss: 0.3678, Train Acc: 86.27%
Batch 1460/2797, Loss: 0.3677, Train Acc: 86.27%
Batch 1465/2797, Loss: 0.3676, Train Acc: 86.27%
Batch 1470/2797, Loss: 0.3676, Train Acc: 86.27%
Batch 1475/2797, Loss: 0.3675, Train Acc: 86.27%
Batch 1480/2797, Loss: 0.3677, Train Acc: 86.27%
Batch 1485/2797, Loss: 0.3675, Train Acc: 86.27%
Batch 1490/2797, Loss: 0.3676, Train Acc: 86.27%
Batch 1495/2797, Loss: 0.3673, Train Acc: 86.28%
Batch 1500/2797, Loss: 0.3671, Train Acc: 86.29%
Batch 1505/2797, Loss: 0.3671, Train Acc: 86.29%
Batch 1510/2797, Loss: 0.3669, Train Acc: 86.29%
Batch 1515/2797, Loss: 0.3670, Train Acc: 86.29%
Batch 1520/2797, Loss: 0.3670, Train Acc: 86.29%
Batch 1525/2797, Loss: 0.3670, Train Acc: 86.30%
Batch 1530/2797, Loss: 0.3670, Train Acc: 86.29%
Batch 1535/2797, Loss: 0.3669, Train Acc: 86.30%
Batch 1540/2797, Loss: 0.3671, Train Acc: 86.29%
Batch 1545/2797, Loss: 0.3671, Train Acc: 86.29%
Batch 1550/2797, Loss: 0.3671, Train Acc: 86.29%
Batch 1555/2797, Loss: 0.3669, Train Acc: 86.30%
Batch 1560/2797, Loss: 0.3670, Train Acc: 86.30%
Batch 1565/2797, Loss: 0.3671, Train Acc: 86.29%
Batch 1570/2797, Loss: 0.3671, Train Acc: 86.30%
Batch 1575/2797, Loss: 0.3670, Train Acc: 86.30%
Batch 1580/2797, Loss: 0.3669, Train Acc: 86.30%
Batch 1585/2797, Loss: 0.3669, Train Acc: 86.30%
Batch 1590/2797, Loss: 0.3669, Train Acc: 86.30%
Batch 1595/2797, Loss: 0.3669, Train Acc: 86.30%
Batch 1600/2797, Loss: 0.3668, Train Acc: 86.30%
Batch 1605/2797, Loss: 0.3667, Train Acc: 86.31%
Batch 1610/2797, Loss: 0.3666, Train Acc: 86.31%
Batch 1615/2797, Loss: 0.3665, Train Acc: 86.31%
Batch 1620/2797, Loss: 0.3664, Train Acc: 86.32%
Batch 1625/2797, Loss: 0.3664, Train Acc: 86.32%
Batch 1630/2797, Loss: 0.3662, Train Acc: 86.33%
Batch 1635/2797, Loss: 0.3663, Train Acc: 86.32%
Batch 1640/2797, Loss: 0.3661, Train Acc: 86.33%
Batch 1645/2797, Loss: 0.3660, Train Acc: 86.33%
Batch 1650/2797, Loss: 0.3660, Train Acc: 86.33%
Batch 1655/2797, Loss: 0.3661, Train Acc: 86.33%
Batch 1660/2797, Loss: 0.3660, Train Acc: 86.33%
Batch 1665/2797, Loss: 0.3660, Train Acc: 86.33%
Batch 1670/2797, Loss: 0.3660, Train Acc: 86.33%
Batch 1675/2797, Loss: 0.3660, Train Acc: 86.32%
Batch 1680/2797, Loss: 0.3662, Train Acc: 86.32%
Batch 1685/2797, Loss: 0.3662, Train Acc: 86.31%
Batch 1690/2797, Loss: 0.3662, Train Acc: 86.31%
Batch 1695/2797, Loss: 0.3660, Train Acc: 86.31%
Batch 1700/2797, Loss: 0.3660, Train Acc: 86.31%
Batch 1705/2797, Loss: 0.3659, Train Acc: 86.32%
Batch 1710/2797, Loss: 0.3658, Train Acc: 86.33%
Batch 1715/2797, Loss: 0.3657, Train Acc: 86.34%
Batch 1720/2797, Loss: 0.3657, Train Acc: 86.33%
Batch 1725/2797, Loss: 0.3656, Train Acc: 86.34%
Batch 1730/2797, Loss: 0.3656, Train Acc: 86.33%
Batch 1735/2797, Loss: 0.3656, Train Acc: 86.34%
Batch 1740/2797, Loss: 0.3655, Train Acc: 86.34%
Batch 1745/2797, Loss: 0.3653, Train Acc: 86.35%
Batch 1750/2797, Loss: 0.3653, Train Acc: 86.35%
Batch 1755/2797, Loss: 0.3653, Train Acc: 86.35%
Batch 1760/2797, Loss: 0.3651, Train Acc: 86.35%
Batch 1765/2797, Loss: 0.3650, Train Acc: 86.36%
Batch 1770/2797, Loss: 0.3648, Train Acc: 86.37%
Batch 1775/2797, Loss: 0.3647, Train Acc: 86.38%
Batch 1780/2797, Loss: 0.3646, Train Acc: 86.38%
Batch 1785/2797, Loss: 0.3647, Train Acc: 86.37%
Batch 1790/2797, Loss: 0.3646, Train Acc: 86.38%
Batch 1795/2797, Loss: 0.3645, Train Acc: 86.38%
Batch 1800/2797, Loss: 0.3644, Train Acc: 86.39%
Batch 1805/2797, Loss: 0.3645, Train Acc: 86.39%
Batch 1810/2797, Loss: 0.3643, Train Acc: 86.39%
Batch 1815/2797, Loss: 0.3643, Train Acc: 86.39%
Batch 1820/2797, Loss: 0.3642, Train Acc: 86.40%
Batch 1825/2797, Loss: 0.3642, Train Acc: 86.40%
Batch 1830/2797, Loss: 0.3641, Train Acc: 86.40%
Batch 1835/2797, Loss: 0.3641, Train Acc: 86.40%
Batch 1840/2797, Loss: 0.3641, Train Acc: 86.40%
Batch 1845/2797, Loss: 0.3640, Train Acc: 86.40%
Batch 1850/2797, Loss: 0.3639, Train Acc: 86.41%
Batch 1855/2797, Loss: 0.3639, Train Acc: 86.41%
Batch 1860/2797, Loss: 0.3639, Train Acc: 86.41%
Batch 1865/2797, Loss: 0.3640, Train Acc: 86.41%
Batch 1870/2797, Loss: 0.3639, Train Acc: 86.41%
Batch 1875/2797, Loss: 0.3638, Train Acc: 86.42%
Batch 1880/2797, Loss: 0.3638, Train Acc: 86.42%
Batch 1885/2797, Loss: 0.3636, Train Acc: 86.42%
Batch 1890/2797, Loss: 0.3635, Train Acc: 86.43%
Batch 1895/2797, Loss: 0.3634, Train Acc: 86.43%
Batch 1900/2797, Loss: 0.3632, Train Acc: 86.44%
Batch 1905/2797, Loss: 0.3632, Train Acc: 86.44%
Batch 1910/2797, Loss: 0.3631, Train Acc: 86.45%
Batch 1915/2797, Loss: 0.3630, Train Acc: 86.45%
Batch 1920/2797, Loss: 0.3629, Train Acc: 86.45%
Batch 1925/2797, Loss: 0.3627, Train Acc: 86.45%
Batch 1930/2797, Loss: 0.3627, Train Acc: 86.46%
Batch 1935/2797, Loss: 0.3626, Train Acc: 86.46%
Batch 1940/2797, Loss: 0.3624, Train Acc: 86.47%
Batch 1945/2797, Loss: 0.3623, Train Acc: 86.47%
Batch 1950/2797, Loss: 0.3622, Train Acc: 86.47%
Batch 1955/2797, Loss: 0.3620, Train Acc: 86.48%
Batch 1960/2797, Loss: 0.3620, Train Acc: 86.48%
Batch 1965/2797, Loss: 0.3620, Train Acc: 86.48%
Batch 1970/2797, Loss: 0.3620, Train Acc: 86.48%
Batch 1975/2797, Loss: 0.3619, Train Acc: 86.48%
Batch 1980/2797, Loss: 0.3619, Train Acc: 86.48%
Batch 1985/2797, Loss: 0.3618, Train Acc: 86.49%
Batch 1990/2797, Loss: 0.3617, Train Acc: 86.50%
Batch 1995/2797, Loss: 0.3616, Train Acc: 86.50%
Batch 2000/2797, Loss: 0.3617, Train Acc: 86.50%
Batch 2005/2797, Loss: 0.3617, Train Acc: 86.49%
Batch 2010/2797, Loss: 0.3617, Train Acc: 86.50%
Batch 2015/2797, Loss: 0.3617, Train Acc: 86.50%
Batch 2020/2797, Loss: 0.3615, Train Acc: 86.50%
Batch 2025/2797, Loss: 0.3614, Train Acc: 86.50%
Batch 2030/2797, Loss: 0.3613, Train Acc: 86.51%
Batch 2035/2797, Loss: 0.3613, Train Acc: 86.51%
Batch 2040/2797, Loss: 0.3613, Train Acc: 86.51%
Batch 2045/2797, Loss: 0.3612, Train Acc: 86.51%
Batch 2050/2797, Loss: 0.3612, Train Acc: 86.51%
Batch 2055/2797, Loss: 0.3609, Train Acc: 86.52%
Batch 2060/2797, Loss: 0.3611, Train Acc: 86.52%
Batch 2065/2797, Loss: 0.3610, Train Acc: 86.52%
Batch 2070/2797, Loss: 0.3610, Train Acc: 86.52%
Batch 2075/2797, Loss: 0.3609, Train Acc: 86.52%
Batch 2080/2797, Loss: 0.3609, Train Acc: 86.52%
Batch 2085/2797, Loss: 0.3610, Train Acc: 86.52%
Batch 2090/2797, Loss: 0.3609, Train Acc: 86.52%
Batch 2095/2797, Loss: 0.3610, Train Acc: 86.51%
Batch 2100/2797, Loss: 0.3611, Train Acc: 86.51%
Batch 2105/2797, Loss: 0.3609, Train Acc: 86.51%
Batch 2110/2797, Loss: 0.3610, Train Acc: 86.51%
Batch 2115/2797, Loss: 0.3610, Train Acc: 86.51%
Batch 2120/2797, Loss: 0.3608, Train Acc: 86.51%
Batch 2125/2797, Loss: 0.3607, Train Acc: 86.52%
Batch 2130/2797, Loss: 0.3607, Train Acc: 86.51%
Batch 2135/2797, Loss: 0.3606, Train Acc: 86.52%
Batch 2140/2797, Loss: 0.3604, Train Acc: 86.52%
Batch 2145/2797, Loss: 0.3604, Train Acc: 86.52%
Batch 2150/2797, Loss: 0.3604, Train Acc: 86.53%
Batch 2155/2797, Loss: 0.3605, Train Acc: 86.53%
Batch 2160/2797, Loss: 0.3603, Train Acc: 86.53%
Batch 2165/2797, Loss: 0.3602, Train Acc: 86.54%
Batch 2170/2797, Loss: 0.3603, Train Acc: 86.53%
Batch 2175/2797, Loss: 0.3601, Train Acc: 86.54%
Batch 2180/2797, Loss: 0.3601, Train Acc: 86.54%
Batch 2185/2797, Loss: 0.3601, Train Acc: 86.54%
Batch 2190/2797, Loss: 0.3601, Train Acc: 86.54%
Batch 2195/2797, Loss: 0.3601, Train Acc: 86.54%
Batch 2200/2797, Loss: 0.3600, Train Acc: 86.55%
Batch 2205/2797, Loss: 0.3599, Train Acc: 86.55%
Batch 2210/2797, Loss: 0.3597, Train Acc: 86.55%
Batch 2215/2797, Loss: 0.3597, Train Acc: 86.56%
Batch 2220/2797, Loss: 0.3596, Train Acc: 86.56%
Batch 2225/2797, Loss: 0.3596, Train Acc: 86.57%
Batch 2230/2797, Loss: 0.3594, Train Acc: 86.57%
Batch 2235/2797, Loss: 0.3596, Train Acc: 86.57%
Batch 2240/2797, Loss: 0.3596, Train Acc: 86.57%
Batch 2245/2797, Loss: 0.3594, Train Acc: 86.58%
Batch 2250/2797, Loss: 0.3594, Train Acc: 86.58%
Batch 2255/2797, Loss: 0.3593, Train Acc: 86.58%
Batch 2260/2797, Loss: 0.3592, Train Acc: 86.58%
Batch 2265/2797, Loss: 0.3593, Train Acc: 86.58%
Batch 2270/2797, Loss: 0.3593, Train Acc: 86.58%
Batch 2275/2797, Loss: 0.3593, Train Acc: 86.58%
Batch 2280/2797, Loss: 0.3594, Train Acc: 86.57%
Batch 2285/2797, Loss: 0.3593, Train Acc: 86.57%
Batch 2290/2797, Loss: 0.3592, Train Acc: 86.58%
Batch 2295/2797, Loss: 0.3592, Train Acc: 86.58%
Batch 2300/2797, Loss: 0.3591, Train Acc: 86.58%
Batch 2305/2797, Loss: 0.3591, Train Acc: 86.58%
Batch 2310/2797, Loss: 0.3590, Train Acc: 86.59%
Batch 2315/2797, Loss: 0.3589, Train Acc: 86.60%
Batch 2320/2797, Loss: 0.3589, Train Acc: 86.60%
Batch 2325/2797, Loss: 0.3588, Train Acc: 86.60%
Batch 2330/2797, Loss: 0.3588, Train Acc: 86.60%
Batch 2335/2797, Loss: 0.3586, Train Acc: 86.60%
Batch 2340/2797, Loss: 0.3586, Train Acc: 86.60%
Batch 2345/2797, Loss: 0.3585, Train Acc: 86.61%
Batch 2350/2797, Loss: 0.3585, Train Acc: 86.61%
Batch 2355/2797, Loss: 0.3584, Train Acc: 86.61%
Batch 2360/2797, Loss: 0.3584, Train Acc: 86.61%
Batch 2365/2797, Loss: 0.3584, Train Acc: 86.61%
Batch 2370/2797, Loss: 0.3584, Train Acc: 86.61%
Batch 2375/2797, Loss: 0.3583, Train Acc: 86.61%
Batch 2380/2797, Loss: 0.3582, Train Acc: 86.62%
Batch 2385/2797, Loss: 0.3581, Train Acc: 86.62%
Batch 2390/2797, Loss: 0.3581, Train Acc: 86.62%
Batch 2395/2797, Loss: 0.3580, Train Acc: 86.62%
Batch 2400/2797, Loss: 0.3580, Train Acc: 86.62%
Batch 2405/2797, Loss: 0.3579, Train Acc: 86.62%
Batch 2410/2797, Loss: 0.3579, Train Acc: 86.63%
Batch 2415/2797, Loss: 0.3579, Train Acc: 86.62%
Batch 2420/2797, Loss: 0.3578, Train Acc: 86.63%
Batch 2425/2797, Loss: 0.3578, Train Acc: 86.63%
Batch 2430/2797, Loss: 0.3577, Train Acc: 86.63%
Batch 2435/2797, Loss: 0.3576, Train Acc: 86.64%
Batch 2440/2797, Loss: 0.3576, Train Acc: 86.64%
Batch 2445/2797, Loss: 0.3576, Train Acc: 86.64%
Batch 2450/2797, Loss: 0.3575, Train Acc: 86.64%
Batch 2455/2797, Loss: 0.3574, Train Acc: 86.65%
Batch 2460/2797, Loss: 0.3573, Train Acc: 86.65%
Batch 2465/2797, Loss: 0.3573, Train Acc: 86.65%
Batch 2470/2797, Loss: 0.3573, Train Acc: 86.65%
Batch 2475/2797, Loss: 0.3573, Train Acc: 86.65%
Batch 2480/2797, Loss: 0.3573, Train Acc: 86.65%
Batch 2485/2797, Loss: 0.3571, Train Acc: 86.66%
Batch 2490/2797, Loss: 0.3571, Train Acc: 86.66%
Batch 2495/2797, Loss: 0.3570, Train Acc: 86.66%
Batch 2500/2797, Loss: 0.3569, Train Acc: 86.66%
Batch 2505/2797, Loss: 0.3570, Train Acc: 86.66%
Batch 2510/2797, Loss: 0.3570, Train Acc: 86.66%
Batch 2515/2797, Loss: 0.3569, Train Acc: 86.66%
Batch 2520/2797, Loss: 0.3568, Train Acc: 86.66%
Batch 2525/2797, Loss: 0.3569, Train Acc: 86.65%
Batch 2530/2797, Loss: 0.3569, Train Acc: 86.65%
Batch 2535/2797, Loss: 0.3568, Train Acc: 86.66%
Batch 2540/2797, Loss: 0.3567, Train Acc: 86.66%
Batch 2545/2797, Loss: 0.3566, Train Acc: 86.66%
Batch 2550/2797, Loss: 0.3565, Train Acc: 86.66%
Batch 2555/2797, Loss: 0.3565, Train Acc: 86.66%
Batch 2560/2797, Loss: 0.3565, Train Acc: 86.66%
Batch 2565/2797, Loss: 0.3565, Train Acc: 86.66%
Batch 2570/2797, Loss: 0.3564, Train Acc: 86.67%
Batch 2575/2797, Loss: 0.3565, Train Acc: 86.67%
Batch 2580/2797, Loss: 0.3565, Train Acc: 86.66%
Batch 2585/2797, Loss: 0.3565, Train Acc: 86.66%
Batch 2590/2797, Loss: 0.3565, Train Acc: 86.66%
Batch 2595/2797, Loss: 0.3564, Train Acc: 86.66%
Batch 2600/2797, Loss: 0.3563, Train Acc: 86.67%
Batch 2605/2797, Loss: 0.3563, Train Acc: 86.67%
Batch 2610/2797, Loss: 0.3563, Train Acc: 86.67%
Batch 2615/2797, Loss: 0.3562, Train Acc: 86.68%
Batch 2620/2797, Loss: 0.3562, Train Acc: 86.68%
Batch 2625/2797, Loss: 0.3561, Train Acc: 86.68%
Batch 2630/2797, Loss: 0.3560, Train Acc: 86.68%
Batch 2635/2797, Loss: 0.3560, Train Acc: 86.68%
Batch 2640/2797, Loss: 0.3558, Train Acc: 86.69%
Batch 2645/2797, Loss: 0.3558, Train Acc: 86.69%
Batch 2650/2797, Loss: 0.3558, Train Acc: 86.69%
Batch 2655/2797, Loss: 0.3557, Train Acc: 86.69%
Batch 2660/2797, Loss: 0.3556, Train Acc: 86.70%
Batch 2665/2797, Loss: 0.3556, Train Acc: 86.70%
Batch 2670/2797, Loss: 0.3555, Train Acc: 86.71%
Batch 2675/2797, Loss: 0.3554, Train Acc: 86.71%
Batch 2680/2797, Loss: 0.3554, Train Acc: 86.71%
Batch 2685/2797, Loss: 0.3554, Train Acc: 86.71%
Batch 2690/2797, Loss: 0.3553, Train Acc: 86.71%
Batch 2695/2797, Loss: 0.3552, Train Acc: 86.71%
Batch 2700/2797, Loss: 0.3551, Train Acc: 86.72%
Batch 2705/2797, Loss: 0.3550, Train Acc: 86.72%
Batch 2710/2797, Loss: 0.3549, Train Acc: 86.72%
Batch 2715/2797, Loss: 0.3548, Train Acc: 86.73%
Batch 2720/2797, Loss: 0.3547, Train Acc: 86.73%
Batch 2725/2797, Loss: 0.3547, Train Acc: 86.74%
Batch 2730/2797, Loss: 0.3547, Train Acc: 86.74%
Batch 2735/2797, Loss: 0.3546, Train Acc: 86.74%
Batch 2740/2797, Loss: 0.3547, Train Acc: 86.74%
Batch 2745/2797, Loss: 0.3546, Train Acc: 86.74%
Batch 2750/2797, Loss: 0.3547, Train Acc: 86.74%
Batch 2755/2797, Loss: 0.3546, Train Acc: 86.74%
Batch 2760/2797, Loss: 0.3544, Train Acc: 86.75%
Batch 2765/2797, Loss: 0.3543, Train Acc: 86.75%
Batch 2770/2797, Loss: 0.3542, Train Acc: 86.75%
Batch 2775/2797, Loss: 0.3543, Train Acc: 86.75%
Batch 2780/2797, Loss: 0.3542, Train Acc: 86.76%
Batch 2785/2797, Loss: 0.3542, Train Acc: 86.76%
Batch 2790/2797, Loss: 0.3542, Train Acc: 86.76%
Batch 2795/2797, Loss: 0.3541, Train Acc: 86.76%
Learning Rate: 0.000600
Epoch 2/50, Average Loss: 0.3541, Train Accuracy: 86.76%
Validation Batch 5/700, Validation Accuracy: 87.81%
Validation Batch 10/700, Validation Accuracy: 86.64%
Validation Batch 15/700, Validation Accuracy: 86.46%
Validation Batch 20/700, Validation Accuracy: 86.17%
Validation Batch 25/700, Validation Accuracy: 86.41%
Validation Batch 30/700, Validation Accuracy: 86.28%
Validation Batch 35/700, Validation Accuracy: 86.21%
Validation Batch 40/700, Validation Accuracy: 86.21%
Validation Batch 45/700, Validation Accuracy: 86.35%
Validation Batch 50/700, Validation Accuracy: 86.55%
Validation Batch 55/700, Validation Accuracy: 86.66%
Validation Batch 60/700, Validation Accuracy: 86.55%
Validation Batch 65/700, Validation Accuracy: 86.49%
Validation Batch 70/700, Validation Accuracy: 86.46%
Validation Batch 75/700, Validation Accuracy: 86.39%
Validation Batch 80/700, Validation Accuracy: 86.24%
Validation Batch 85/700, Validation Accuracy: 86.27%
Validation Batch 90/700, Validation Accuracy: 86.24%
Validation Batch 95/700, Validation Accuracy: 86.21%
Validation Batch 100/700, Validation Accuracy: 86.20%
Validation Batch 105/700, Validation Accuracy: 86.21%
Validation Batch 110/700, Validation Accuracy: 86.09%
Validation Batch 115/700, Validation Accuracy: 86.06%
Validation Batch 120/700, Validation Accuracy: 86.15%
Validation Batch 125/700, Validation Accuracy: 86.22%
Validation Batch 130/700, Validation Accuracy: 86.20%
Validation Batch 135/700, Validation Accuracy: 86.21%
Validation Batch 140/700, Validation Accuracy: 86.17%
Validation Batch 145/700, Validation Accuracy: 86.28%
Validation Batch 150/700, Validation Accuracy: 86.33%
Validation Batch 155/700, Validation Accuracy: 86.36%
Validation Batch 160/700, Validation Accuracy: 86.34%
Validation Batch 165/700, Validation Accuracy: 86.31%
Validation Batch 170/700, Validation Accuracy: 86.31%
Validation Batch 175/700, Validation Accuracy: 86.28%
Validation Batch 180/700, Validation Accuracy: 86.26%
Validation Batch 185/700, Validation Accuracy: 86.28%
Validation Batch 190/700, Validation Accuracy: 86.30%
Validation Batch 195/700, Validation Accuracy: 86.30%
Validation Batch 200/700, Validation Accuracy: 86.33%
Validation Batch 205/700, Validation Accuracy: 86.33%
Validation Batch 210/700, Validation Accuracy: 86.31%
Validation Batch 215/700, Validation Accuracy: 86.32%
Validation Batch 220/700, Validation Accuracy: 86.35%
Validation Batch 225/700, Validation Accuracy: 86.39%
Validation Batch 230/700, Validation Accuracy: 86.41%
Validation Batch 235/700, Validation Accuracy: 86.43%
Validation Batch 240/700, Validation Accuracy: 86.43%
Validation Batch 245/700, Validation Accuracy: 86.47%
Validation Batch 250/700, Validation Accuracy: 86.43%
Validation Batch 255/700, Validation Accuracy: 86.43%
Validation Batch 260/700, Validation Accuracy: 86.43%
Validation Batch 265/700, Validation Accuracy: 86.45%
Validation Batch 270/700, Validation Accuracy: 86.46%
Validation Batch 275/700, Validation Accuracy: 86.44%
Validation Batch 280/700, Validation Accuracy: 86.44%
Validation Batch 285/700, Validation Accuracy: 86.45%
Validation Batch 290/700, Validation Accuracy: 86.49%
Validation Batch 295/700, Validation Accuracy: 86.51%
Validation Batch 300/700, Validation Accuracy: 86.50%
Validation Batch 305/700, Validation Accuracy: 86.48%
Validation Batch 310/700, Validation Accuracy: 86.47%
Validation Batch 315/700, Validation Accuracy: 86.46%
Validation Batch 320/700, Validation Accuracy: 86.45%
Validation Batch 325/700, Validation Accuracy: 86.44%
Validation Batch 330/700, Validation Accuracy: 86.44%
Validation Batch 335/700, Validation Accuracy: 86.45%
Validation Batch 340/700, Validation Accuracy: 86.46%
Validation Batch 345/700, Validation Accuracy: 86.45%
Validation Batch 350/700, Validation Accuracy: 86.46%
Validation Batch 355/700, Validation Accuracy: 86.47%
Validation Batch 360/700, Validation Accuracy: 86.48%
Validation Batch 365/700, Validation Accuracy: 86.47%
Validation Batch 370/700, Validation Accuracy: 86.45%
Validation Batch 375/700, Validation Accuracy: 86.46%
Validation Batch 380/700, Validation Accuracy: 86.47%
Validation Batch 385/700, Validation Accuracy: 86.46%
Validation Batch 390/700, Validation Accuracy: 86.45%
Validation Batch 395/700, Validation Accuracy: 86.44%
Validation Batch 400/700, Validation Accuracy: 86.44%
Validation Batch 405/700, Validation Accuracy: 86.43%
Validation Batch 410/700, Validation Accuracy: 86.44%
Validation Batch 415/700, Validation Accuracy: 86.46%
Validation Batch 420/700, Validation Accuracy: 86.47%
Validation Batch 425/700, Validation Accuracy: 86.47%
Validation Batch 430/700, Validation Accuracy: 86.50%
Validation Batch 435/700, Validation Accuracy: 86.51%
Validation Batch 440/700, Validation Accuracy: 86.49%
Validation Batch 445/700, Validation Accuracy: 86.49%
Validation Batch 450/700, Validation Accuracy: 86.52%
Validation Batch 455/700, Validation Accuracy: 86.51%
Validation Batch 460/700, Validation Accuracy: 86.52%
Validation Batch 465/700, Validation Accuracy: 86.54%
Validation Batch 470/700, Validation Accuracy: 86.55%
Validation Batch 475/700, Validation Accuracy: 86.53%
Validation Batch 480/700, Validation Accuracy: 86.55%
Validation Batch 485/700, Validation Accuracy: 86.54%
Validation Batch 490/700, Validation Accuracy: 86.55%
Validation Batch 495/700, Validation Accuracy: 86.58%
Validation Batch 500/700, Validation Accuracy: 86.57%
Validation Batch 505/700, Validation Accuracy: 86.58%
Validation Batch 510/700, Validation Accuracy: 86.59%
Validation Batch 515/700, Validation Accuracy: 86.57%
Validation Batch 520/700, Validation Accuracy: 86.58%
Validation Batch 525/700, Validation Accuracy: 86.56%
Validation Batch 530/700, Validation Accuracy: 86.55%
Validation Batch 535/700, Validation Accuracy: 86.53%
Validation Batch 540/700, Validation Accuracy: 86.52%
Validation Batch 545/700, Validation Accuracy: 86.53%
Validation Batch 550/700, Validation Accuracy: 86.54%
Validation Batch 555/700, Validation Accuracy: 86.52%
Validation Batch 560/700, Validation Accuracy: 86.53%
Validation Batch 565/700, Validation Accuracy: 86.52%
Validation Batch 570/700, Validation Accuracy: 86.52%
Validation Batch 575/700, Validation Accuracy: 86.51%
Validation Batch 580/700, Validation Accuracy: 86.52%
Validation Batch 585/700, Validation Accuracy: 86.54%
Validation Batch 590/700, Validation Accuracy: 86.54%
Validation Batch 595/700, Validation Accuracy: 86.53%
Validation Batch 600/700, Validation Accuracy: 86.53%
Validation Batch 605/700, Validation Accuracy: 86.53%
Validation Batch 610/700, Validation Accuracy: 86.53%
Validation Batch 615/700, Validation Accuracy: 86.52%
Validation Batch 620/700, Validation Accuracy: 86.51%
Validation Batch 625/700, Validation Accuracy: 86.50%
Validation Batch 630/700, Validation Accuracy: 86.49%
Validation Batch 635/700, Validation Accuracy: 86.48%
Validation Batch 640/700, Validation Accuracy: 86.48%
Validation Batch 645/700, Validation Accuracy: 86.50%
Validation Batch 650/700, Validation Accuracy: 86.49%
Validation Batch 655/700, Validation Accuracy: 86.50%
Validation Batch 660/700, Validation Accuracy: 86.50%
Validation Batch 665/700, Validation Accuracy: 86.50%
Validation Batch 670/700, Validation Accuracy: 86.50%
Validation Batch 675/700, Validation Accuracy: 86.51%
Validation Batch 680/700, Validation Accuracy: 86.51%
Validation Batch 685/700, Validation Accuracy: 86.51%
Validation Batch 690/700, Validation Accuracy: 86.49%
Validation Batch 695/700, Validation Accuracy: 86.49%
Validation Batch 700/700, Validation Accuracy: 86.49%
Validation Accuracy for Epoch 2: 86.49%
New Best Model Saved! Validation Accuracy: 86.49%

--- Epoch 3/50 ---
Batch 5/2797, Loss: 0.3331, Train Acc: 86.88%
Batch 10/2797, Loss: 0.3321, Train Acc: 87.73%
Batch 15/2797, Loss: 0.3393, Train Acc: 87.29%
Batch 20/2797, Loss: 0.3564, Train Acc: 86.95%
Batch 25/2797, Loss: 0.3536, Train Acc: 86.94%
Batch 30/2797, Loss: 0.3599, Train Acc: 86.69%
Batch 35/2797, Loss: 0.3487, Train Acc: 87.05%
Batch 40/2797, Loss: 0.3437, Train Acc: 87.42%
Batch 45/2797, Loss: 0.3421, Train Acc: 87.36%
Batch 50/2797, Loss: 0.3375, Train Acc: 87.58%
Batch 55/2797, Loss: 0.3399, Train Acc: 87.49%
Batch 60/2797, Loss: 0.3383, Train Acc: 87.55%
Batch 65/2797, Loss: 0.3427, Train Acc: 87.49%
Batch 70/2797, Loss: 0.3447, Train Acc: 87.38%
Batch 75/2797, Loss: 0.3416, Train Acc: 87.46%
Batch 80/2797, Loss: 0.3410, Train Acc: 87.38%
Batch 85/2797, Loss: 0.3428, Train Acc: 87.32%
Batch 90/2797, Loss: 0.3414, Train Acc: 87.31%
Batch 95/2797, Loss: 0.3390, Train Acc: 87.40%
Batch 100/2797, Loss: 0.3397, Train Acc: 87.34%
Batch 105/2797, Loss: 0.3390, Train Acc: 87.38%
Batch 110/2797, Loss: 0.3372, Train Acc: 87.41%
Batch 115/2797, Loss: 0.3384, Train Acc: 87.36%
Batch 120/2797, Loss: 0.3377, Train Acc: 87.36%
Batch 125/2797, Loss: 0.3372, Train Acc: 87.41%
Batch 130/2797, Loss: 0.3348, Train Acc: 87.51%
Batch 135/2797, Loss: 0.3368, Train Acc: 87.42%
Batch 140/2797, Loss: 0.3384, Train Acc: 87.35%
Batch 145/2797, Loss: 0.3379, Train Acc: 87.33%
Batch 150/2797, Loss: 0.3381, Train Acc: 87.34%
Batch 155/2797, Loss: 0.3372, Train Acc: 87.38%
Batch 160/2797, Loss: 0.3373, Train Acc: 87.37%
Batch 165/2797, Loss: 0.3383, Train Acc: 87.34%
Batch 170/2797, Loss: 0.3396, Train Acc: 87.30%
Batch 175/2797, Loss: 0.3393, Train Acc: 87.32%
Batch 180/2797, Loss: 0.3400, Train Acc: 87.30%
Batch 185/2797, Loss: 0.3395, Train Acc: 87.33%
Batch 190/2797, Loss: 0.3394, Train Acc: 87.32%
Batch 195/2797, Loss: 0.3389, Train Acc: 87.32%
Batch 200/2797, Loss: 0.3382, Train Acc: 87.37%
Batch 205/2797, Loss: 0.3375, Train Acc: 87.37%
Batch 210/2797, Loss: 0.3368, Train Acc: 87.41%
Batch 215/2797, Loss: 0.3362, Train Acc: 87.44%
Batch 220/2797, Loss: 0.3368, Train Acc: 87.44%
Batch 225/2797, Loss: 0.3370, Train Acc: 87.43%
Batch 230/2797, Loss: 0.3373, Train Acc: 87.41%
Batch 235/2797, Loss: 0.3375, Train Acc: 87.41%
Batch 240/2797, Loss: 0.3365, Train Acc: 87.45%
Batch 245/2797, Loss: 0.3362, Train Acc: 87.44%
Batch 250/2797, Loss: 0.3367, Train Acc: 87.44%
Batch 255/2797, Loss: 0.3366, Train Acc: 87.44%
Batch 260/2797, Loss: 0.3368, Train Acc: 87.44%
Batch 265/2797, Loss: 0.3363, Train Acc: 87.49%
Batch 270/2797, Loss: 0.3352, Train Acc: 87.52%
Batch 275/2797, Loss: 0.3348, Train Acc: 87.54%
Batch 280/2797, Loss: 0.3340, Train Acc: 87.57%
Batch 285/2797, Loss: 0.3338, Train Acc: 87.56%
Batch 290/2797, Loss: 0.3344, Train Acc: 87.55%
Batch 295/2797, Loss: 0.3343, Train Acc: 87.56%
Batch 300/2797, Loss: 0.3354, Train Acc: 87.51%
Batch 305/2797, Loss: 0.3356, Train Acc: 87.48%
Batch 310/2797, Loss: 0.3351, Train Acc: 87.51%
Batch 315/2797, Loss: 0.3355, Train Acc: 87.47%
Batch 320/2797, Loss: 0.3345, Train Acc: 87.50%
Batch 325/2797, Loss: 0.3336, Train Acc: 87.55%
Batch 330/2797, Loss: 0.3330, Train Acc: 87.58%
Batch 335/2797, Loss: 0.3334, Train Acc: 87.55%
Batch 340/2797, Loss: 0.3340, Train Acc: 87.52%
Batch 345/2797, Loss: 0.3340, Train Acc: 87.52%
Batch 350/2797, Loss: 0.3348, Train Acc: 87.50%
Batch 355/2797, Loss: 0.3349, Train Acc: 87.51%
Batch 360/2797, Loss: 0.3344, Train Acc: 87.52%
Batch 365/2797, Loss: 0.3346, Train Acc: 87.51%
Batch 370/2797, Loss: 0.3346, Train Acc: 87.51%
Batch 375/2797, Loss: 0.3345, Train Acc: 87.53%
Batch 380/2797, Loss: 0.3349, Train Acc: 87.52%
Batch 385/2797, Loss: 0.3351, Train Acc: 87.51%
Batch 390/2797, Loss: 0.3350, Train Acc: 87.52%
Batch 395/2797, Loss: 0.3351, Train Acc: 87.51%
Batch 400/2797, Loss: 0.3351, Train Acc: 87.51%
Batch 405/2797, Loss: 0.3352, Train Acc: 87.51%
Batch 410/2797, Loss: 0.3351, Train Acc: 87.51%
Batch 415/2797, Loss: 0.3355, Train Acc: 87.50%
Batch 420/2797, Loss: 0.3357, Train Acc: 87.48%
Batch 425/2797, Loss: 0.3355, Train Acc: 87.49%
Batch 430/2797, Loss: 0.3355, Train Acc: 87.50%
Batch 435/2797, Loss: 0.3347, Train Acc: 87.53%
Batch 440/2797, Loss: 0.3345, Train Acc: 87.56%
Batch 445/2797, Loss: 0.3345, Train Acc: 87.56%
Batch 450/2797, Loss: 0.3346, Train Acc: 87.56%
Batch 455/2797, Loss: 0.3350, Train Acc: 87.55%
Batch 460/2797, Loss: 0.3355, Train Acc: 87.53%
Batch 465/2797, Loss: 0.3354, Train Acc: 87.55%
Batch 470/2797, Loss: 0.3353, Train Acc: 87.56%
Batch 475/2797, Loss: 0.3351, Train Acc: 87.56%
Batch 480/2797, Loss: 0.3350, Train Acc: 87.56%
Batch 485/2797, Loss: 0.3358, Train Acc: 87.53%
Batch 490/2797, Loss: 0.3363, Train Acc: 87.49%
Batch 495/2797, Loss: 0.3362, Train Acc: 87.50%
Batch 500/2797, Loss: 0.3361, Train Acc: 87.48%
Batch 505/2797, Loss: 0.3363, Train Acc: 87.48%
Batch 510/2797, Loss: 0.3361, Train Acc: 87.49%
Batch 515/2797, Loss: 0.3359, Train Acc: 87.49%
Batch 520/2797, Loss: 0.3359, Train Acc: 87.49%
Batch 525/2797, Loss: 0.3362, Train Acc: 87.48%
Batch 530/2797, Loss: 0.3363, Train Acc: 87.48%
Batch 535/2797, Loss: 0.3360, Train Acc: 87.49%
Batch 540/2797, Loss: 0.3359, Train Acc: 87.48%
Batch 545/2797, Loss: 0.3360, Train Acc: 87.48%
Batch 550/2797, Loss: 0.3359, Train Acc: 87.48%
Batch 555/2797, Loss: 0.3357, Train Acc: 87.48%
Batch 560/2797, Loss: 0.3355, Train Acc: 87.49%
Batch 565/2797, Loss: 0.3355, Train Acc: 87.49%
Batch 570/2797, Loss: 0.3354, Train Acc: 87.49%
Batch 575/2797, Loss: 0.3356, Train Acc: 87.48%
Batch 580/2797, Loss: 0.3354, Train Acc: 87.49%
Batch 585/2797, Loss: 0.3353, Train Acc: 87.49%
Batch 590/2797, Loss: 0.3356, Train Acc: 87.48%
Batch 595/2797, Loss: 0.3362, Train Acc: 87.45%
Batch 600/2797, Loss: 0.3364, Train Acc: 87.44%
Batch 605/2797, Loss: 0.3363, Train Acc: 87.43%
Batch 610/2797, Loss: 0.3364, Train Acc: 87.43%
Batch 615/2797, Loss: 0.3361, Train Acc: 87.44%
Batch 620/2797, Loss: 0.3365, Train Acc: 87.43%
Batch 625/2797, Loss: 0.3367, Train Acc: 87.42%
Batch 630/2797, Loss: 0.3367, Train Acc: 87.41%
Batch 635/2797, Loss: 0.3365, Train Acc: 87.42%
Batch 640/2797, Loss: 0.3364, Train Acc: 87.42%
Batch 645/2797, Loss: 0.3362, Train Acc: 87.43%
Batch 650/2797, Loss: 0.3364, Train Acc: 87.43%
Batch 655/2797, Loss: 0.3366, Train Acc: 87.41%
Batch 660/2797, Loss: 0.3367, Train Acc: 87.40%
Batch 665/2797, Loss: 0.3364, Train Acc: 87.41%
Batch 670/2797, Loss: 0.3362, Train Acc: 87.43%
Batch 675/2797, Loss: 0.3363, Train Acc: 87.42%
Batch 680/2797, Loss: 0.3362, Train Acc: 87.44%
Batch 685/2797, Loss: 0.3362, Train Acc: 87.43%
Batch 690/2797, Loss: 0.3363, Train Acc: 87.42%
Batch 695/2797, Loss: 0.3363, Train Acc: 87.41%
Batch 700/2797, Loss: 0.3360, Train Acc: 87.42%
Batch 705/2797, Loss: 0.3360, Train Acc: 87.42%
Batch 710/2797, Loss: 0.3360, Train Acc: 87.43%
Batch 715/2797, Loss: 0.3361, Train Acc: 87.43%
Batch 720/2797, Loss: 0.3359, Train Acc: 87.45%
Batch 725/2797, Loss: 0.3358, Train Acc: 87.45%
Batch 730/2797, Loss: 0.3355, Train Acc: 87.46%
Batch 735/2797, Loss: 0.3355, Train Acc: 87.46%
Batch 740/2797, Loss: 0.3354, Train Acc: 87.46%
Batch 745/2797, Loss: 0.3352, Train Acc: 87.47%
Batch 750/2797, Loss: 0.3352, Train Acc: 87.47%
Batch 755/2797, Loss: 0.3352, Train Acc: 87.47%
Batch 760/2797, Loss: 0.3352, Train Acc: 87.46%
Batch 765/2797, Loss: 0.3353, Train Acc: 87.46%
Batch 770/2797, Loss: 0.3352, Train Acc: 87.46%
Batch 775/2797, Loss: 0.3351, Train Acc: 87.47%
Batch 780/2797, Loss: 0.3353, Train Acc: 87.47%
Batch 785/2797, Loss: 0.3352, Train Acc: 87.46%
Batch 790/2797, Loss: 0.3351, Train Acc: 87.46%
Batch 795/2797, Loss: 0.3349, Train Acc: 87.47%
Batch 800/2797, Loss: 0.3346, Train Acc: 87.48%
Batch 805/2797, Loss: 0.3346, Train Acc: 87.48%
Batch 810/2797, Loss: 0.3345, Train Acc: 87.49%
Batch 815/2797, Loss: 0.3346, Train Acc: 87.49%
Batch 820/2797, Loss: 0.3347, Train Acc: 87.48%
Batch 825/2797, Loss: 0.3346, Train Acc: 87.49%
Batch 830/2797, Loss: 0.3347, Train Acc: 87.49%
Batch 835/2797, Loss: 0.3345, Train Acc: 87.50%
Batch 840/2797, Loss: 0.3344, Train Acc: 87.51%
Batch 845/2797, Loss: 0.3342, Train Acc: 87.52%
Batch 850/2797, Loss: 0.3343, Train Acc: 87.52%
Batch 855/2797, Loss: 0.3340, Train Acc: 87.53%
Batch 860/2797, Loss: 0.3339, Train Acc: 87.53%
Batch 865/2797, Loss: 0.3338, Train Acc: 87.54%
Batch 870/2797, Loss: 0.3340, Train Acc: 87.53%
Batch 875/2797, Loss: 0.3341, Train Acc: 87.53%
Batch 880/2797, Loss: 0.3342, Train Acc: 87.53%
Batch 885/2797, Loss: 0.3342, Train Acc: 87.52%
Batch 890/2797, Loss: 0.3344, Train Acc: 87.52%
Batch 895/2797, Loss: 0.3344, Train Acc: 87.52%
Batch 900/2797, Loss: 0.3344, Train Acc: 87.52%
Batch 905/2797, Loss: 0.3343, Train Acc: 87.53%
Batch 910/2797, Loss: 0.3343, Train Acc: 87.53%
Batch 915/2797, Loss: 0.3342, Train Acc: 87.53%
Batch 920/2797, Loss: 0.3341, Train Acc: 87.53%
Batch 925/2797, Loss: 0.3341, Train Acc: 87.53%
Batch 930/2797, Loss: 0.3342, Train Acc: 87.53%
Batch 935/2797, Loss: 0.3343, Train Acc: 87.53%
Batch 940/2797, Loss: 0.3345, Train Acc: 87.52%
Batch 945/2797, Loss: 0.3343, Train Acc: 87.52%
Batch 950/2797, Loss: 0.3343, Train Acc: 87.52%
Batch 955/2797, Loss: 0.3344, Train Acc: 87.52%
Batch 960/2797, Loss: 0.3346, Train Acc: 87.52%
Batch 965/2797, Loss: 0.3345, Train Acc: 87.52%
Batch 970/2797, Loss: 0.3344, Train Acc: 87.52%
Batch 975/2797, Loss: 0.3344, Train Acc: 87.52%
Batch 980/2797, Loss: 0.3343, Train Acc: 87.53%
Batch 985/2797, Loss: 0.3343, Train Acc: 87.52%
Batch 990/2797, Loss: 0.3340, Train Acc: 87.54%
Batch 995/2797, Loss: 0.3339, Train Acc: 87.54%
Batch 1000/2797, Loss: 0.3339, Train Acc: 87.54%
Batch 1005/2797, Loss: 0.3341, Train Acc: 87.53%
Batch 1010/2797, Loss: 0.3341, Train Acc: 87.52%
Batch 1015/2797, Loss: 0.3341, Train Acc: 87.52%
Batch 1020/2797, Loss: 0.3342, Train Acc: 87.52%
Batch 1025/2797, Loss: 0.3342, Train Acc: 87.52%
Batch 1030/2797, Loss: 0.3342, Train Acc: 87.52%
Batch 1035/2797, Loss: 0.3343, Train Acc: 87.51%
Batch 1040/2797, Loss: 0.3341, Train Acc: 87.52%
Batch 1045/2797, Loss: 0.3342, Train Acc: 87.52%
Batch 1050/2797, Loss: 0.3341, Train Acc: 87.52%
Batch 1055/2797, Loss: 0.3340, Train Acc: 87.53%
Batch 1060/2797, Loss: 0.3341, Train Acc: 87.52%
Batch 1065/2797, Loss: 0.3340, Train Acc: 87.53%
Batch 1070/2797, Loss: 0.3340, Train Acc: 87.53%
Batch 1075/2797, Loss: 0.3339, Train Acc: 87.53%
Batch 1080/2797, Loss: 0.3338, Train Acc: 87.53%
Batch 1085/2797, Loss: 0.3339, Train Acc: 87.52%
Batch 1090/2797, Loss: 0.3339, Train Acc: 87.53%
Batch 1095/2797, Loss: 0.3339, Train Acc: 87.52%
Batch 1100/2797, Loss: 0.3341, Train Acc: 87.51%
Batch 1105/2797, Loss: 0.3340, Train Acc: 87.51%
Batch 1110/2797, Loss: 0.3342, Train Acc: 87.51%
Batch 1115/2797, Loss: 0.3342, Train Acc: 87.50%
Batch 1120/2797, Loss: 0.3343, Train Acc: 87.50%
Batch 1125/2797, Loss: 0.3341, Train Acc: 87.51%
Batch 1130/2797, Loss: 0.3342, Train Acc: 87.50%
Batch 1135/2797, Loss: 0.3343, Train Acc: 87.51%
Batch 1140/2797, Loss: 0.3341, Train Acc: 87.51%
Batch 1145/2797, Loss: 0.3340, Train Acc: 87.52%
Batch 1150/2797, Loss: 0.3338, Train Acc: 87.53%
Batch 1155/2797, Loss: 0.3338, Train Acc: 87.52%
Batch 1160/2797, Loss: 0.3337, Train Acc: 87.52%
Batch 1165/2797, Loss: 0.3337, Train Acc: 87.52%
Batch 1170/2797, Loss: 0.3337, Train Acc: 87.52%
Batch 1175/2797, Loss: 0.3337, Train Acc: 87.52%
Batch 1180/2797, Loss: 0.3336, Train Acc: 87.53%
Batch 1185/2797, Loss: 0.3335, Train Acc: 87.52%
Batch 1190/2797, Loss: 0.3336, Train Acc: 87.51%
Batch 1195/2797, Loss: 0.3336, Train Acc: 87.51%
Batch 1200/2797, Loss: 0.3335, Train Acc: 87.51%
Batch 1205/2797, Loss: 0.3336, Train Acc: 87.51%
Batch 1210/2797, Loss: 0.3337, Train Acc: 87.51%
Batch 1215/2797, Loss: 0.3337, Train Acc: 87.51%
Batch 1220/2797, Loss: 0.3336, Train Acc: 87.52%
Batch 1225/2797, Loss: 0.3333, Train Acc: 87.52%
Batch 1230/2797, Loss: 0.3332, Train Acc: 87.52%
Batch 1235/2797, Loss: 0.3335, Train Acc: 87.51%
Batch 1240/2797, Loss: 0.3337, Train Acc: 87.50%
Batch 1245/2797, Loss: 0.3336, Train Acc: 87.51%
Batch 1250/2797, Loss: 0.3334, Train Acc: 87.52%
Batch 1255/2797, Loss: 0.3333, Train Acc: 87.52%
Batch 1260/2797, Loss: 0.3334, Train Acc: 87.52%
Batch 1265/2797, Loss: 0.3334, Train Acc: 87.52%
Batch 1270/2797, Loss: 0.3335, Train Acc: 87.51%
Batch 1275/2797, Loss: 0.3334, Train Acc: 87.51%
Batch 1280/2797, Loss: 0.3335, Train Acc: 87.52%
Batch 1285/2797, Loss: 0.3334, Train Acc: 87.51%
Batch 1290/2797, Loss: 0.3334, Train Acc: 87.52%
Batch 1295/2797, Loss: 0.3334, Train Acc: 87.52%
Batch 1300/2797, Loss: 0.3333, Train Acc: 87.52%
Batch 1305/2797, Loss: 0.3332, Train Acc: 87.52%
Batch 1310/2797, Loss: 0.3333, Train Acc: 87.52%
Batch 1315/2797, Loss: 0.3333, Train Acc: 87.52%
Batch 1320/2797, Loss: 0.3332, Train Acc: 87.52%
Batch 1325/2797, Loss: 0.3332, Train Acc: 87.52%
Batch 1330/2797, Loss: 0.3331, Train Acc: 87.52%
Batch 1335/2797, Loss: 0.3332, Train Acc: 87.52%
Batch 1340/2797, Loss: 0.3333, Train Acc: 87.52%
Batch 1345/2797, Loss: 0.3332, Train Acc: 87.52%
Batch 1350/2797, Loss: 0.3332, Train Acc: 87.52%
Batch 1355/2797, Loss: 0.3331, Train Acc: 87.52%
Batch 1360/2797, Loss: 0.3331, Train Acc: 87.51%
Batch 1365/2797, Loss: 0.3332, Train Acc: 87.51%
Batch 1370/2797, Loss: 0.3331, Train Acc: 87.52%
Batch 1375/2797, Loss: 0.3329, Train Acc: 87.52%
Batch 1380/2797, Loss: 0.3329, Train Acc: 87.52%
Batch 1385/2797, Loss: 0.3328, Train Acc: 87.52%
Batch 1390/2797, Loss: 0.3328, Train Acc: 87.52%
Batch 1395/2797, Loss: 0.3330, Train Acc: 87.52%
Batch 1400/2797, Loss: 0.3328, Train Acc: 87.52%
Batch 1405/2797, Loss: 0.3329, Train Acc: 87.52%
Batch 1410/2797, Loss: 0.3329, Train Acc: 87.52%
Batch 1415/2797, Loss: 0.3330, Train Acc: 87.51%
Batch 1420/2797, Loss: 0.3330, Train Acc: 87.52%
Batch 1425/2797, Loss: 0.3330, Train Acc: 87.51%
Batch 1430/2797, Loss: 0.3330, Train Acc: 87.51%
Batch 1435/2797, Loss: 0.3330, Train Acc: 87.51%
Batch 1440/2797, Loss: 0.3329, Train Acc: 87.52%
Batch 1445/2797, Loss: 0.3328, Train Acc: 87.52%
Batch 1450/2797, Loss: 0.3328, Train Acc: 87.53%
Batch 1455/2797, Loss: 0.3328, Train Acc: 87.53%
Batch 1460/2797, Loss: 0.3328, Train Acc: 87.53%
Batch 1465/2797, Loss: 0.3329, Train Acc: 87.53%
Batch 1470/2797, Loss: 0.3330, Train Acc: 87.52%
Batch 1475/2797, Loss: 0.3330, Train Acc: 87.52%
Batch 1480/2797, Loss: 0.3329, Train Acc: 87.52%
Batch 1485/2797, Loss: 0.3328, Train Acc: 87.53%
Batch 1490/2797, Loss: 0.3328, Train Acc: 87.53%
Batch 1495/2797, Loss: 0.3327, Train Acc: 87.53%
Batch 1500/2797, Loss: 0.3327, Train Acc: 87.53%
Batch 1505/2797, Loss: 0.3327, Train Acc: 87.53%
Batch 1510/2797, Loss: 0.3326, Train Acc: 87.53%
Batch 1515/2797, Loss: 0.3326, Train Acc: 87.53%
Batch 1520/2797, Loss: 0.3326, Train Acc: 87.53%
Batch 1525/2797, Loss: 0.3326, Train Acc: 87.53%
Batch 1530/2797, Loss: 0.3326, Train Acc: 87.52%
Batch 1535/2797, Loss: 0.3324, Train Acc: 87.53%
Batch 1540/2797, Loss: 0.3322, Train Acc: 87.53%
Batch 1545/2797, Loss: 0.3322, Train Acc: 87.53%
Batch 1550/2797, Loss: 0.3322, Train Acc: 87.53%
Batch 1555/2797, Loss: 0.3322, Train Acc: 87.53%
Batch 1560/2797, Loss: 0.3322, Train Acc: 87.53%
Batch 1565/2797, Loss: 0.3320, Train Acc: 87.54%
Batch 1570/2797, Loss: 0.3320, Train Acc: 87.54%
Batch 1575/2797, Loss: 0.3320, Train Acc: 87.54%
Batch 1580/2797, Loss: 0.3322, Train Acc: 87.54%
Batch 1585/2797, Loss: 0.3322, Train Acc: 87.54%
Batch 1590/2797, Loss: 0.3321, Train Acc: 87.54%
Batch 1595/2797, Loss: 0.3321, Train Acc: 87.53%
Batch 1600/2797, Loss: 0.3319, Train Acc: 87.54%
Batch 1605/2797, Loss: 0.3319, Train Acc: 87.55%
Batch 1610/2797, Loss: 0.3319, Train Acc: 87.55%
Batch 1615/2797, Loss: 0.3319, Train Acc: 87.55%
Batch 1620/2797, Loss: 0.3319, Train Acc: 87.54%
Batch 1625/2797, Loss: 0.3318, Train Acc: 87.55%
Batch 1630/2797, Loss: 0.3319, Train Acc: 87.55%
Batch 1635/2797, Loss: 0.3320, Train Acc: 87.55%
Batch 1640/2797, Loss: 0.3319, Train Acc: 87.55%
Batch 1645/2797, Loss: 0.3320, Train Acc: 87.55%
Batch 1650/2797, Loss: 0.3318, Train Acc: 87.56%
Batch 1655/2797, Loss: 0.3318, Train Acc: 87.56%
Batch 1660/2797, Loss: 0.3318, Train Acc: 87.56%
Batch 1665/2797, Loss: 0.3319, Train Acc: 87.56%
Batch 1670/2797, Loss: 0.3319, Train Acc: 87.56%
Batch 1675/2797, Loss: 0.3319, Train Acc: 87.56%
Batch 1680/2797, Loss: 0.3319, Train Acc: 87.56%
Batch 1685/2797, Loss: 0.3318, Train Acc: 87.57%
Batch 1690/2797, Loss: 0.3319, Train Acc: 87.56%
Batch 1695/2797, Loss: 0.3318, Train Acc: 87.56%
Batch 1700/2797, Loss: 0.3319, Train Acc: 87.55%
Batch 1705/2797, Loss: 0.3319, Train Acc: 87.56%
Batch 1710/2797, Loss: 0.3319, Train Acc: 87.56%
Batch 1715/2797, Loss: 0.3320, Train Acc: 87.56%
Batch 1720/2797, Loss: 0.3321, Train Acc: 87.56%
Batch 1725/2797, Loss: 0.3321, Train Acc: 87.56%
Batch 1730/2797, Loss: 0.3320, Train Acc: 87.56%
Batch 1735/2797, Loss: 0.3319, Train Acc: 87.56%
Batch 1740/2797, Loss: 0.3319, Train Acc: 87.56%
Batch 1745/2797, Loss: 0.3320, Train Acc: 87.55%
Batch 1750/2797, Loss: 0.3320, Train Acc: 87.55%
Batch 1755/2797, Loss: 0.3321, Train Acc: 87.54%
Batch 1760/2797, Loss: 0.3322, Train Acc: 87.54%
Batch 1765/2797, Loss: 0.3321, Train Acc: 87.54%
Batch 1770/2797, Loss: 0.3320, Train Acc: 87.54%
Batch 1775/2797, Loss: 0.3319, Train Acc: 87.55%
Batch 1780/2797, Loss: 0.3318, Train Acc: 87.55%
Batch 1785/2797, Loss: 0.3318, Train Acc: 87.55%
Batch 1790/2797, Loss: 0.3318, Train Acc: 87.55%
Batch 1795/2797, Loss: 0.3318, Train Acc: 87.55%
Batch 1800/2797, Loss: 0.3318, Train Acc: 87.55%
Batch 1805/2797, Loss: 0.3318, Train Acc: 87.55%
Batch 1810/2797, Loss: 0.3317, Train Acc: 87.55%
Batch 1815/2797, Loss: 0.3317, Train Acc: 87.55%
Batch 1820/2797, Loss: 0.3316, Train Acc: 87.55%
Batch 1825/2797, Loss: 0.3316, Train Acc: 87.56%
Batch 1830/2797, Loss: 0.3313, Train Acc: 87.56%
Batch 1835/2797, Loss: 0.3312, Train Acc: 87.57%
Batch 1840/2797, Loss: 0.3313, Train Acc: 87.57%
Batch 1845/2797, Loss: 0.3312, Train Acc: 87.57%
Batch 1850/2797, Loss: 0.3312, Train Acc: 87.57%
Batch 1855/2797, Loss: 0.3310, Train Acc: 87.57%
Batch 1860/2797, Loss: 0.3310, Train Acc: 87.57%
Batch 1865/2797, Loss: 0.3309, Train Acc: 87.57%
Batch 1870/2797, Loss: 0.3309, Train Acc: 87.58%
Batch 1875/2797, Loss: 0.3308, Train Acc: 87.58%
Batch 1880/2797, Loss: 0.3308, Train Acc: 87.58%
Batch 1885/2797, Loss: 0.3308, Train Acc: 87.58%
Batch 1890/2797, Loss: 0.3307, Train Acc: 87.58%
Batch 1895/2797, Loss: 0.3306, Train Acc: 87.59%
Batch 1900/2797, Loss: 0.3305, Train Acc: 87.59%
Batch 1905/2797, Loss: 0.3304, Train Acc: 87.59%
Batch 1910/2797, Loss: 0.3304, Train Acc: 87.59%
Batch 1915/2797, Loss: 0.3304, Train Acc: 87.59%
Batch 1920/2797, Loss: 0.3303, Train Acc: 87.59%
Batch 1925/2797, Loss: 0.3303, Train Acc: 87.59%
Batch 1930/2797, Loss: 0.3303, Train Acc: 87.59%
Batch 1935/2797, Loss: 0.3303, Train Acc: 87.59%
Batch 1940/2797, Loss: 0.3302, Train Acc: 87.60%
Batch 1945/2797, Loss: 0.3301, Train Acc: 87.60%
Batch 1950/2797, Loss: 0.3300, Train Acc: 87.61%
Batch 1955/2797, Loss: 0.3300, Train Acc: 87.61%
Batch 1960/2797, Loss: 0.3300, Train Acc: 87.61%
Batch 1965/2797, Loss: 0.3302, Train Acc: 87.60%
Batch 1970/2797, Loss: 0.3301, Train Acc: 87.61%
Batch 1975/2797, Loss: 0.3299, Train Acc: 87.62%
Batch 1980/2797, Loss: 0.3298, Train Acc: 87.62%
Batch 1985/2797, Loss: 0.3297, Train Acc: 87.62%
Batch 1990/2797, Loss: 0.3296, Train Acc: 87.63%
Batch 1995/2797, Loss: 0.3296, Train Acc: 87.63%
Batch 2000/2797, Loss: 0.3296, Train Acc: 87.63%
Batch 2005/2797, Loss: 0.3296, Train Acc: 87.63%
Batch 2010/2797, Loss: 0.3296, Train Acc: 87.63%
Batch 2015/2797, Loss: 0.3296, Train Acc: 87.63%
Batch 2020/2797, Loss: 0.3294, Train Acc: 87.63%
Batch 2025/2797, Loss: 0.3295, Train Acc: 87.63%
Batch 2030/2797, Loss: 0.3294, Train Acc: 87.63%
Batch 2035/2797, Loss: 0.3294, Train Acc: 87.64%
Batch 2040/2797, Loss: 0.3294, Train Acc: 87.64%
Batch 2045/2797, Loss: 0.3294, Train Acc: 87.64%
Batch 2050/2797, Loss: 0.3294, Train Acc: 87.64%
Batch 2055/2797, Loss: 0.3293, Train Acc: 87.64%
Batch 2060/2797, Loss: 0.3292, Train Acc: 87.64%
Batch 2065/2797, Loss: 0.3292, Train Acc: 87.64%
Batch 2070/2797, Loss: 0.3292, Train Acc: 87.64%
Batch 2075/2797, Loss: 0.3291, Train Acc: 87.64%
Batch 2080/2797, Loss: 0.3290, Train Acc: 87.65%
Batch 2085/2797, Loss: 0.3290, Train Acc: 87.65%
Batch 2090/2797, Loss: 0.3288, Train Acc: 87.65%
Batch 2095/2797, Loss: 0.3287, Train Acc: 87.66%
Batch 2100/2797, Loss: 0.3286, Train Acc: 87.66%
Batch 2105/2797, Loss: 0.3286, Train Acc: 87.66%
Batch 2110/2797, Loss: 0.3285, Train Acc: 87.66%
Batch 2115/2797, Loss: 0.3286, Train Acc: 87.65%
Batch 2120/2797, Loss: 0.3286, Train Acc: 87.65%
Batch 2125/2797, Loss: 0.3287, Train Acc: 87.65%
Batch 2130/2797, Loss: 0.3287, Train Acc: 87.64%
Batch 2135/2797, Loss: 0.3287, Train Acc: 87.64%
Batch 2140/2797, Loss: 0.3287, Train Acc: 87.64%
Batch 2145/2797, Loss: 0.3287, Train Acc: 87.64%
Batch 2150/2797, Loss: 0.3287, Train Acc: 87.65%
Batch 2155/2797, Loss: 0.3287, Train Acc: 87.64%
Batch 2160/2797, Loss: 0.3288, Train Acc: 87.64%
Batch 2165/2797, Loss: 0.3288, Train Acc: 87.65%
Batch 2170/2797, Loss: 0.3287, Train Acc: 87.65%
Batch 2175/2797, Loss: 0.3288, Train Acc: 87.65%
Batch 2180/2797, Loss: 0.3287, Train Acc: 87.65%
Batch 2185/2797, Loss: 0.3286, Train Acc: 87.65%
Batch 2190/2797, Loss: 0.3286, Train Acc: 87.65%
Batch 2195/2797, Loss: 0.3285, Train Acc: 87.66%
Batch 2200/2797, Loss: 0.3285, Train Acc: 87.66%
Batch 2205/2797, Loss: 0.3285, Train Acc: 87.66%
Batch 2210/2797, Loss: 0.3284, Train Acc: 87.66%
Batch 2215/2797, Loss: 0.3284, Train Acc: 87.66%
Batch 2220/2797, Loss: 0.3284, Train Acc: 87.67%
Batch 2225/2797, Loss: 0.3283, Train Acc: 87.67%
Batch 2230/2797, Loss: 0.3283, Train Acc: 87.67%
Batch 2235/2797, Loss: 0.3281, Train Acc: 87.67%
Batch 2240/2797, Loss: 0.3281, Train Acc: 87.68%
Batch 2245/2797, Loss: 0.3282, Train Acc: 87.68%
Batch 2250/2797, Loss: 0.3281, Train Acc: 87.68%
Batch 2255/2797, Loss: 0.3280, Train Acc: 87.69%
Batch 2260/2797, Loss: 0.3280, Train Acc: 87.69%
Batch 2265/2797, Loss: 0.3281, Train Acc: 87.69%
Batch 2270/2797, Loss: 0.3280, Train Acc: 87.69%
Batch 2275/2797, Loss: 0.3280, Train Acc: 87.69%
Batch 2280/2797, Loss: 0.3279, Train Acc: 87.69%
Batch 2285/2797, Loss: 0.3279, Train Acc: 87.69%
Batch 2290/2797, Loss: 0.3278, Train Acc: 87.69%
Batch 2295/2797, Loss: 0.3278, Train Acc: 87.69%
Batch 2300/2797, Loss: 0.3278, Train Acc: 87.69%
Batch 2305/2797, Loss: 0.3277, Train Acc: 87.70%
Batch 2310/2797, Loss: 0.3277, Train Acc: 87.69%
Batch 2315/2797, Loss: 0.3277, Train Acc: 87.70%
Batch 2320/2797, Loss: 0.3277, Train Acc: 87.70%
Batch 2325/2797, Loss: 0.3277, Train Acc: 87.70%
Batch 2330/2797, Loss: 0.3277, Train Acc: 87.70%
Batch 2335/2797, Loss: 0.3276, Train Acc: 87.70%
Batch 2340/2797, Loss: 0.3276, Train Acc: 87.70%
Batch 2345/2797, Loss: 0.3276, Train Acc: 87.70%
Batch 2350/2797, Loss: 0.3275, Train Acc: 87.71%
Batch 2355/2797, Loss: 0.3274, Train Acc: 87.71%
Batch 2360/2797, Loss: 0.3274, Train Acc: 87.71%
Batch 2365/2797, Loss: 0.3273, Train Acc: 87.71%
Batch 2370/2797, Loss: 0.3273, Train Acc: 87.71%
Batch 2375/2797, Loss: 0.3273, Train Acc: 87.71%
Batch 2380/2797, Loss: 0.3273, Train Acc: 87.71%
Batch 2385/2797, Loss: 0.3273, Train Acc: 87.71%
Batch 2390/2797, Loss: 0.3274, Train Acc: 87.71%
Batch 2395/2797, Loss: 0.3273, Train Acc: 87.72%
Batch 2400/2797, Loss: 0.3273, Train Acc: 87.72%
Batch 2405/2797, Loss: 0.3273, Train Acc: 87.72%
Batch 2410/2797, Loss: 0.3272, Train Acc: 87.72%
Batch 2415/2797, Loss: 0.3272, Train Acc: 87.72%
Batch 2420/2797, Loss: 0.3272, Train Acc: 87.72%
Batch 2425/2797, Loss: 0.3272, Train Acc: 87.72%
Batch 2430/2797, Loss: 0.3271, Train Acc: 87.72%
Batch 2435/2797, Loss: 0.3271, Train Acc: 87.72%
Batch 2440/2797, Loss: 0.3271, Train Acc: 87.73%
Batch 2445/2797, Loss: 0.3271, Train Acc: 87.73%
Batch 2450/2797, Loss: 0.3270, Train Acc: 87.73%
Batch 2455/2797, Loss: 0.3270, Train Acc: 87.73%
Batch 2460/2797, Loss: 0.3270, Train Acc: 87.73%
Batch 2465/2797, Loss: 0.3270, Train Acc: 87.73%
Batch 2470/2797, Loss: 0.3270, Train Acc: 87.73%
Batch 2475/2797, Loss: 0.3270, Train Acc: 87.73%
Batch 2480/2797, Loss: 0.3272, Train Acc: 87.73%
Batch 2485/2797, Loss: 0.3272, Train Acc: 87.72%
Batch 2490/2797, Loss: 0.3272, Train Acc: 87.73%
Batch 2495/2797, Loss: 0.3272, Train Acc: 87.73%
Batch 2500/2797, Loss: 0.3272, Train Acc: 87.73%
Batch 2505/2797, Loss: 0.3272, Train Acc: 87.72%
Batch 2510/2797, Loss: 0.3272, Train Acc: 87.72%
Batch 2515/2797, Loss: 0.3272, Train Acc: 87.72%
Batch 2520/2797, Loss: 0.3272, Train Acc: 87.73%
Batch 2525/2797, Loss: 0.3273, Train Acc: 87.72%
Batch 2530/2797, Loss: 0.3273, Train Acc: 87.72%
Batch 2535/2797, Loss: 0.3272, Train Acc: 87.72%
Batch 2540/2797, Loss: 0.3272, Train Acc: 87.73%
Batch 2545/2797, Loss: 0.3271, Train Acc: 87.73%
Batch 2550/2797, Loss: 0.3271, Train Acc: 87.73%
Batch 2555/2797, Loss: 0.3271, Train Acc: 87.73%
Batch 2560/2797, Loss: 0.3269, Train Acc: 87.74%
Batch 2565/2797, Loss: 0.3269, Train Acc: 87.74%
Batch 2570/2797, Loss: 0.3269, Train Acc: 87.74%
Batch 2575/2797, Loss: 0.3269, Train Acc: 87.74%
Batch 2580/2797, Loss: 0.3268, Train Acc: 87.75%
Batch 2585/2797, Loss: 0.3267, Train Acc: 87.75%
Batch 2590/2797, Loss: 0.3267, Train Acc: 87.75%
Batch 2595/2797, Loss: 0.3268, Train Acc: 87.75%
Batch 2600/2797, Loss: 0.3268, Train Acc: 87.75%
Batch 2605/2797, Loss: 0.3268, Train Acc: 87.75%
Batch 2610/2797, Loss: 0.3268, Train Acc: 87.75%
Batch 2615/2797, Loss: 0.3268, Train Acc: 87.75%
Batch 2620/2797, Loss: 0.3268, Train Acc: 87.75%
Batch 2625/2797, Loss: 0.3268, Train Acc: 87.75%
Batch 2630/2797, Loss: 0.3267, Train Acc: 87.76%
Batch 2635/2797, Loss: 0.3267, Train Acc: 87.76%
Batch 2640/2797, Loss: 0.3267, Train Acc: 87.76%
Batch 2645/2797, Loss: 0.3267, Train Acc: 87.76%
Batch 2650/2797, Loss: 0.3267, Train Acc: 87.75%
Batch 2655/2797, Loss: 0.3268, Train Acc: 87.75%
Batch 2660/2797, Loss: 0.3268, Train Acc: 87.75%
Batch 2665/2797, Loss: 0.3268, Train Acc: 87.75%
Batch 2670/2797, Loss: 0.3267, Train Acc: 87.75%
Batch 2675/2797, Loss: 0.3266, Train Acc: 87.76%
Batch 2680/2797, Loss: 0.3266, Train Acc: 87.76%
Batch 2685/2797, Loss: 0.3266, Train Acc: 87.76%
Batch 2690/2797, Loss: 0.3266, Train Acc: 87.76%
Batch 2695/2797, Loss: 0.3266, Train Acc: 87.76%
Batch 2700/2797, Loss: 0.3265, Train Acc: 87.76%
Batch 2705/2797, Loss: 0.3265, Train Acc: 87.76%
Batch 2710/2797, Loss: 0.3266, Train Acc: 87.76%
Batch 2715/2797, Loss: 0.3265, Train Acc: 87.76%
Batch 2720/2797, Loss: 0.3265, Train Acc: 87.76%
Batch 2725/2797, Loss: 0.3264, Train Acc: 87.76%
Batch 2730/2797, Loss: 0.3263, Train Acc: 87.76%
Batch 2735/2797, Loss: 0.3263, Train Acc: 87.77%
Batch 2740/2797, Loss: 0.3262, Train Acc: 87.77%
Batch 2745/2797, Loss: 0.3263, Train Acc: 87.76%
Batch 2750/2797, Loss: 0.3263, Train Acc: 87.76%
Batch 2755/2797, Loss: 0.3262, Train Acc: 87.77%
Batch 2760/2797, Loss: 0.3262, Train Acc: 87.77%
Batch 2765/2797, Loss: 0.3261, Train Acc: 87.77%
Batch 2770/2797, Loss: 0.3260, Train Acc: 87.77%
Batch 2775/2797, Loss: 0.3260, Train Acc: 87.77%
Batch 2780/2797, Loss: 0.3260, Train Acc: 87.77%
Batch 2785/2797, Loss: 0.3260, Train Acc: 87.77%
Batch 2790/2797, Loss: 0.3260, Train Acc: 87.77%
Batch 2795/2797, Loss: 0.3260, Train Acc: 87.77%
Learning Rate: 0.000800
Epoch 3/50, Average Loss: 0.3260, Train Accuracy: 87.77%
Validation Batch 5/700, Validation Accuracy: 90.00%
Validation Batch 10/700, Validation Accuracy: 88.44%
Validation Batch 15/700, Validation Accuracy: 87.81%
Validation Batch 20/700, Validation Accuracy: 88.01%
Validation Batch 25/700, Validation Accuracy: 88.28%
Validation Batch 30/700, Validation Accuracy: 88.20%
Validation Batch 35/700, Validation Accuracy: 87.99%
Validation Batch 40/700, Validation Accuracy: 88.09%
Validation Batch 45/700, Validation Accuracy: 88.16%
Validation Batch 50/700, Validation Accuracy: 88.30%
Validation Batch 55/700, Validation Accuracy: 88.42%
Validation Batch 60/700, Validation Accuracy: 88.49%
Validation Batch 65/700, Validation Accuracy: 88.55%
Validation Batch 70/700, Validation Accuracy: 88.38%
Validation Batch 75/700, Validation Accuracy: 88.36%
Validation Batch 80/700, Validation Accuracy: 88.16%
Validation Batch 85/700, Validation Accuracy: 88.12%
Validation Batch 90/700, Validation Accuracy: 88.06%
Validation Batch 95/700, Validation Accuracy: 87.96%
Validation Batch 100/700, Validation Accuracy: 87.95%
Validation Batch 105/700, Validation Accuracy: 87.96%
Validation Batch 110/700, Validation Accuracy: 87.86%
Validation Batch 115/700, Validation Accuracy: 87.81%
Validation Batch 120/700, Validation Accuracy: 87.90%
Validation Batch 125/700, Validation Accuracy: 87.94%
Validation Batch 130/700, Validation Accuracy: 87.99%
Validation Batch 135/700, Validation Accuracy: 87.95%
Validation Batch 140/700, Validation Accuracy: 87.88%
Validation Batch 145/700, Validation Accuracy: 87.88%
Validation Batch 150/700, Validation Accuracy: 87.92%
Validation Batch 155/700, Validation Accuracy: 87.93%
Validation Batch 160/700, Validation Accuracy: 87.92%
Validation Batch 165/700, Validation Accuracy: 87.91%
Validation Batch 170/700, Validation Accuracy: 87.93%
Validation Batch 175/700, Validation Accuracy: 87.93%
Validation Batch 180/700, Validation Accuracy: 87.90%
Validation Batch 185/700, Validation Accuracy: 87.89%
Validation Batch 190/700, Validation Accuracy: 87.95%
Validation Batch 195/700, Validation Accuracy: 87.92%
Validation Batch 200/700, Validation Accuracy: 87.93%
Validation Batch 205/700, Validation Accuracy: 87.97%
Validation Batch 210/700, Validation Accuracy: 87.96%
Validation Batch 215/700, Validation Accuracy: 88.01%
Validation Batch 220/700, Validation Accuracy: 88.01%
Validation Batch 225/700, Validation Accuracy: 88.06%
Validation Batch 230/700, Validation Accuracy: 88.03%
Validation Batch 235/700, Validation Accuracy: 88.04%
Validation Batch 240/700, Validation Accuracy: 88.10%
Validation Batch 245/700, Validation Accuracy: 88.13%
Validation Batch 250/700, Validation Accuracy: 88.13%
Validation Batch 255/700, Validation Accuracy: 88.12%
Validation Batch 260/700, Validation Accuracy: 88.12%
Validation Batch 265/700, Validation Accuracy: 88.10%
Validation Batch 270/700, Validation Accuracy: 88.10%
Validation Batch 275/700, Validation Accuracy: 88.07%
Validation Batch 280/700, Validation Accuracy: 88.04%
Validation Batch 285/700, Validation Accuracy: 88.06%
Validation Batch 290/700, Validation Accuracy: 88.08%
Validation Batch 295/700, Validation Accuracy: 88.10%
Validation Batch 300/700, Validation Accuracy: 88.09%
Validation Batch 305/700, Validation Accuracy: 88.06%
Validation Batch 310/700, Validation Accuracy: 88.05%
Validation Batch 315/700, Validation Accuracy: 88.03%
Validation Batch 320/700, Validation Accuracy: 87.99%
Validation Batch 325/700, Validation Accuracy: 88.00%
Validation Batch 330/700, Validation Accuracy: 87.99%
Validation Batch 335/700, Validation Accuracy: 87.99%
Validation Batch 340/700, Validation Accuracy: 87.98%
Validation Batch 345/700, Validation Accuracy: 87.95%
Validation Batch 350/700, Validation Accuracy: 87.96%
Validation Batch 355/700, Validation Accuracy: 87.97%
Validation Batch 360/700, Validation Accuracy: 87.98%
Validation Batch 365/700, Validation Accuracy: 87.94%
Validation Batch 370/700, Validation Accuracy: 87.95%
Validation Batch 375/700, Validation Accuracy: 87.96%
Validation Batch 380/700, Validation Accuracy: 87.98%
Validation Batch 385/700, Validation Accuracy: 87.96%
Validation Batch 390/700, Validation Accuracy: 87.93%
Validation Batch 395/700, Validation Accuracy: 87.92%
Validation Batch 400/700, Validation Accuracy: 87.92%
Validation Batch 405/700, Validation Accuracy: 87.91%
Validation Batch 410/700, Validation Accuracy: 87.92%
Validation Batch 415/700, Validation Accuracy: 87.94%
Validation Batch 420/700, Validation Accuracy: 87.96%
Validation Batch 425/700, Validation Accuracy: 87.96%
Validation Batch 430/700, Validation Accuracy: 88.00%
Validation Batch 435/700, Validation Accuracy: 88.01%
Validation Batch 440/700, Validation Accuracy: 88.00%
Validation Batch 445/700, Validation Accuracy: 88.01%
Validation Batch 450/700, Validation Accuracy: 88.02%
Validation Batch 455/700, Validation Accuracy: 88.02%
Validation Batch 460/700, Validation Accuracy: 88.02%
Validation Batch 465/700, Validation Accuracy: 88.02%
Validation Batch 470/700, Validation Accuracy: 88.04%
Validation Batch 475/700, Validation Accuracy: 88.02%
Validation Batch 480/700, Validation Accuracy: 88.06%
Validation Batch 485/700, Validation Accuracy: 88.04%
Validation Batch 490/700, Validation Accuracy: 88.05%
Validation Batch 495/700, Validation Accuracy: 88.07%
Validation Batch 500/700, Validation Accuracy: 88.07%
Validation Batch 505/700, Validation Accuracy: 88.09%
Validation Batch 510/700, Validation Accuracy: 88.09%
Validation Batch 515/700, Validation Accuracy: 88.10%
Validation Batch 520/700, Validation Accuracy: 88.10%
Validation Batch 525/700, Validation Accuracy: 88.09%
Validation Batch 530/700, Validation Accuracy: 88.09%
Validation Batch 535/700, Validation Accuracy: 88.07%
Validation Batch 540/700, Validation Accuracy: 88.05%
Validation Batch 545/700, Validation Accuracy: 88.05%
Validation Batch 550/700, Validation Accuracy: 88.06%
Validation Batch 555/700, Validation Accuracy: 88.05%
Validation Batch 560/700, Validation Accuracy: 88.05%
Validation Batch 565/700, Validation Accuracy: 88.04%
Validation Batch 570/700, Validation Accuracy: 88.04%
Validation Batch 575/700, Validation Accuracy: 88.03%
Validation Batch 580/700, Validation Accuracy: 88.04%
Validation Batch 585/700, Validation Accuracy: 88.05%
Validation Batch 590/700, Validation Accuracy: 88.05%
Validation Batch 595/700, Validation Accuracy: 88.05%
Validation Batch 600/700, Validation Accuracy: 88.05%
Validation Batch 605/700, Validation Accuracy: 88.06%
Validation Batch 610/700, Validation Accuracy: 88.06%
Validation Batch 615/700, Validation Accuracy: 88.05%
Validation Batch 620/700, Validation Accuracy: 88.04%
Validation Batch 625/700, Validation Accuracy: 88.03%
Validation Batch 630/700, Validation Accuracy: 88.03%
Validation Batch 635/700, Validation Accuracy: 88.02%
Validation Batch 640/700, Validation Accuracy: 88.03%
Validation Batch 645/700, Validation Accuracy: 88.05%
Validation Batch 650/700, Validation Accuracy: 88.04%
Validation Batch 655/700, Validation Accuracy: 88.07%
Validation Batch 660/700, Validation Accuracy: 88.06%
Validation Batch 665/700, Validation Accuracy: 88.08%
Validation Batch 670/700, Validation Accuracy: 88.07%
Validation Batch 675/700, Validation Accuracy: 88.08%
Validation Batch 680/700, Validation Accuracy: 88.10%
Validation Batch 685/700, Validation Accuracy: 88.10%
Validation Batch 690/700, Validation Accuracy: 88.10%
Validation Batch 695/700, Validation Accuracy: 88.10%
Validation Batch 700/700, Validation Accuracy: 88.11%
Validation Accuracy for Epoch 3: 88.11%
New Best Model Saved! Validation Accuracy: 88.11%

--- Epoch 4/50 ---
Batch 5/2797, Loss: 0.2962, Train Acc: 88.59%
Batch 10/2797, Loss: 0.2816, Train Acc: 88.75%
Batch 15/2797, Loss: 0.2886, Train Acc: 88.54%
Batch 20/2797, Loss: 0.2883, Train Acc: 88.95%
Batch 25/2797, Loss: 0.3078, Train Acc: 88.53%
Batch 30/2797, Loss: 0.3126, Train Acc: 88.26%
Batch 35/2797, Loss: 0.3104, Train Acc: 88.30%
Batch 40/2797, Loss: 0.3133, Train Acc: 88.18%
Batch 45/2797, Loss: 0.3149, Train Acc: 88.19%
Batch 50/2797, Loss: 0.3139, Train Acc: 88.27%
Batch 55/2797, Loss: 0.3126, Train Acc: 88.31%
Batch 60/2797, Loss: 0.3178, Train Acc: 88.20%
Batch 65/2797, Loss: 0.3207, Train Acc: 88.11%
Batch 70/2797, Loss: 0.3245, Train Acc: 87.95%
Batch 75/2797, Loss: 0.3267, Train Acc: 87.97%
Batch 80/2797, Loss: 0.3270, Train Acc: 87.89%
Batch 85/2797, Loss: 0.3285, Train Acc: 87.88%
Batch 90/2797, Loss: 0.3292, Train Acc: 87.79%
Batch 95/2797, Loss: 0.3291, Train Acc: 87.86%
Batch 100/2797, Loss: 0.3311, Train Acc: 87.81%
Batch 105/2797, Loss: 0.3296, Train Acc: 87.85%
Batch 110/2797, Loss: 0.3305, Train Acc: 87.81%
Batch 115/2797, Loss: 0.3293, Train Acc: 87.86%
Batch 120/2797, Loss: 0.3316, Train Acc: 87.84%
Batch 125/2797, Loss: 0.3305, Train Acc: 87.86%
Batch 130/2797, Loss: 0.3301, Train Acc: 87.90%
Batch 135/2797, Loss: 0.3302, Train Acc: 87.92%
Batch 140/2797, Loss: 0.3298, Train Acc: 87.92%
Batch 145/2797, Loss: 0.3292, Train Acc: 87.95%
Batch 150/2797, Loss: 0.3298, Train Acc: 87.93%
Batch 155/2797, Loss: 0.3298, Train Acc: 87.89%
Batch 160/2797, Loss: 0.3301, Train Acc: 87.87%
Batch 165/2797, Loss: 0.3294, Train Acc: 87.89%
Batch 170/2797, Loss: 0.3291, Train Acc: 87.89%
Batch 175/2797, Loss: 0.3287, Train Acc: 87.91%
Batch 180/2797, Loss: 0.3274, Train Acc: 87.98%
Batch 185/2797, Loss: 0.3268, Train Acc: 87.94%
Batch 190/2797, Loss: 0.3264, Train Acc: 88.00%
Batch 195/2797, Loss: 0.3253, Train Acc: 88.04%
Batch 200/2797, Loss: 0.3254, Train Acc: 88.02%
Batch 205/2797, Loss: 0.3249, Train Acc: 88.03%
Batch 210/2797, Loss: 0.3257, Train Acc: 87.98%
Batch 215/2797, Loss: 0.3257, Train Acc: 87.94%
Batch 220/2797, Loss: 0.3249, Train Acc: 87.98%
Batch 225/2797, Loss: 0.3241, Train Acc: 88.00%
Batch 230/2797, Loss: 0.3245, Train Acc: 87.96%
Batch 235/2797, Loss: 0.3248, Train Acc: 87.96%
Batch 240/2797, Loss: 0.3250, Train Acc: 87.96%
Batch 245/2797, Loss: 0.3258, Train Acc: 87.94%
Batch 250/2797, Loss: 0.3257, Train Acc: 87.92%
Batch 255/2797, Loss: 0.3255, Train Acc: 87.93%
Batch 260/2797, Loss: 0.3254, Train Acc: 87.92%
Batch 265/2797, Loss: 0.3250, Train Acc: 87.94%
Batch 270/2797, Loss: 0.3252, Train Acc: 87.93%
Batch 275/2797, Loss: 0.3254, Train Acc: 87.91%
Batch 280/2797, Loss: 0.3260, Train Acc: 87.90%
Batch 285/2797, Loss: 0.3253, Train Acc: 87.90%
Batch 290/2797, Loss: 0.3249, Train Acc: 87.91%
Batch 295/2797, Loss: 0.3256, Train Acc: 87.91%
Batch 300/2797, Loss: 0.3257, Train Acc: 87.88%
Batch 305/2797, Loss: 0.3244, Train Acc: 87.93%
Batch 310/2797, Loss: 0.3241, Train Acc: 87.95%
Batch 315/2797, Loss: 0.3244, Train Acc: 87.93%
Batch 320/2797, Loss: 0.3235, Train Acc: 87.98%
Batch 325/2797, Loss: 0.3237, Train Acc: 87.98%
Batch 330/2797, Loss: 0.3233, Train Acc: 87.99%
Batch 335/2797, Loss: 0.3231, Train Acc: 87.98%
Batch 340/2797, Loss: 0.3233, Train Acc: 87.98%
Batch 345/2797, Loss: 0.3230, Train Acc: 87.98%
Batch 350/2797, Loss: 0.3232, Train Acc: 87.97%
Batch 355/2797, Loss: 0.3231, Train Acc: 87.97%
Batch 360/2797, Loss: 0.3239, Train Acc: 87.93%
Batch 365/2797, Loss: 0.3241, Train Acc: 87.95%
Batch 370/2797, Loss: 0.3240, Train Acc: 87.94%
Batch 375/2797, Loss: 0.3236, Train Acc: 87.96%
Batch 380/2797, Loss: 0.3240, Train Acc: 87.96%
Batch 385/2797, Loss: 0.3240, Train Acc: 87.96%
Batch 390/2797, Loss: 0.3242, Train Acc: 87.94%
Batch 395/2797, Loss: 0.3247, Train Acc: 87.94%
Batch 400/2797, Loss: 0.3255, Train Acc: 87.90%
Batch 405/2797, Loss: 0.3255, Train Acc: 87.91%
Batch 410/2797, Loss: 0.3257, Train Acc: 87.88%
Batch 415/2797, Loss: 0.3256, Train Acc: 87.88%
Batch 420/2797, Loss: 0.3257, Train Acc: 87.88%
Batch 425/2797, Loss: 0.3256, Train Acc: 87.90%
Batch 430/2797, Loss: 0.3254, Train Acc: 87.91%
Batch 435/2797, Loss: 0.3251, Train Acc: 87.91%
Batch 440/2797, Loss: 0.3250, Train Acc: 87.90%
Batch 445/2797, Loss: 0.3251, Train Acc: 87.92%
Batch 450/2797, Loss: 0.3254, Train Acc: 87.90%
Batch 455/2797, Loss: 0.3255, Train Acc: 87.90%
Batch 460/2797, Loss: 0.3257, Train Acc: 87.89%
Batch 465/2797, Loss: 0.3257, Train Acc: 87.89%
Batch 470/2797, Loss: 0.3258, Train Acc: 87.88%
Batch 475/2797, Loss: 0.3258, Train Acc: 87.87%
Batch 480/2797, Loss: 0.3258, Train Acc: 87.86%
Batch 485/2797, Loss: 0.3256, Train Acc: 87.88%
Batch 490/2797, Loss: 0.3258, Train Acc: 87.87%
Batch 495/2797, Loss: 0.3254, Train Acc: 87.89%
Batch 500/2797, Loss: 0.3254, Train Acc: 87.88%
Batch 505/2797, Loss: 0.3256, Train Acc: 87.88%
Batch 510/2797, Loss: 0.3255, Train Acc: 87.89%
Batch 515/2797, Loss: 0.3255, Train Acc: 87.89%
Batch 520/2797, Loss: 0.3257, Train Acc: 87.88%
Batch 525/2797, Loss: 0.3256, Train Acc: 87.89%
Batch 530/2797, Loss: 0.3256, Train Acc: 87.87%
Batch 535/2797, Loss: 0.3253, Train Acc: 87.89%
Batch 540/2797, Loss: 0.3253, Train Acc: 87.88%
Batch 545/2797, Loss: 0.3253, Train Acc: 87.88%
Batch 550/2797, Loss: 0.3254, Train Acc: 87.88%
Batch 555/2797, Loss: 0.3252, Train Acc: 87.88%
Batch 560/2797, Loss: 0.3254, Train Acc: 87.87%
Batch 565/2797, Loss: 0.3253, Train Acc: 87.88%
Batch 570/2797, Loss: 0.3249, Train Acc: 87.89%
Batch 575/2797, Loss: 0.3249, Train Acc: 87.89%
Batch 580/2797, Loss: 0.3250, Train Acc: 87.89%
Batch 585/2797, Loss: 0.3250, Train Acc: 87.88%
Batch 590/2797, Loss: 0.3244, Train Acc: 87.92%
Batch 595/2797, Loss: 0.3243, Train Acc: 87.93%
Batch 600/2797, Loss: 0.3240, Train Acc: 87.94%
Batch 605/2797, Loss: 0.3243, Train Acc: 87.93%
Batch 610/2797, Loss: 0.3242, Train Acc: 87.93%
Batch 615/2797, Loss: 0.3241, Train Acc: 87.94%
Batch 620/2797, Loss: 0.3241, Train Acc: 87.95%
Batch 625/2797, Loss: 0.3239, Train Acc: 87.96%
Batch 630/2797, Loss: 0.3243, Train Acc: 87.95%
Batch 635/2797, Loss: 0.3244, Train Acc: 87.93%
Batch 640/2797, Loss: 0.3245, Train Acc: 87.92%
Batch 645/2797, Loss: 0.3246, Train Acc: 87.92%
Batch 650/2797, Loss: 0.3244, Train Acc: 87.94%
Batch 655/2797, Loss: 0.3242, Train Acc: 87.94%
Batch 660/2797, Loss: 0.3241, Train Acc: 87.95%
Batch 665/2797, Loss: 0.3241, Train Acc: 87.95%
Batch 670/2797, Loss: 0.3239, Train Acc: 87.96%
Batch 675/2797, Loss: 0.3236, Train Acc: 87.97%
Batch 680/2797, Loss: 0.3239, Train Acc: 87.96%
Batch 685/2797, Loss: 0.3234, Train Acc: 87.99%
Batch 690/2797, Loss: 0.3230, Train Acc: 88.00%
Batch 695/2797, Loss: 0.3228, Train Acc: 88.01%
Batch 700/2797, Loss: 0.3242, Train Acc: 88.00%
Batch 705/2797, Loss: 0.3239, Train Acc: 88.01%
Batch 710/2797, Loss: 0.3235, Train Acc: 88.01%
Batch 715/2797, Loss: 0.3235, Train Acc: 88.01%
Batch 720/2797, Loss: 0.3232, Train Acc: 88.02%
Batch 725/2797, Loss: 0.3231, Train Acc: 88.02%
Batch 730/2797, Loss: 0.3230, Train Acc: 88.03%
Batch 735/2797, Loss: 0.3228, Train Acc: 88.03%
Batch 740/2797, Loss: 0.3228, Train Acc: 88.04%
Batch 745/2797, Loss: 0.3225, Train Acc: 88.05%
Batch 750/2797, Loss: 0.3223, Train Acc: 88.06%
Batch 755/2797, Loss: 0.3220, Train Acc: 88.07%
Batch 760/2797, Loss: 0.3218, Train Acc: 88.08%
Batch 765/2797, Loss: 0.3216, Train Acc: 88.09%
Batch 770/2797, Loss: 0.3215, Train Acc: 88.08%
Batch 775/2797, Loss: 0.3215, Train Acc: 88.09%
Batch 780/2797, Loss: 0.3214, Train Acc: 88.09%
Batch 785/2797, Loss: 0.3214, Train Acc: 88.09%
Batch 790/2797, Loss: 0.3210, Train Acc: 88.11%
Batch 795/2797, Loss: 0.3210, Train Acc: 88.10%
Batch 800/2797, Loss: 0.3211, Train Acc: 88.10%
Batch 805/2797, Loss: 0.3208, Train Acc: 88.11%
Batch 810/2797, Loss: 0.3206, Train Acc: 88.12%
Batch 815/2797, Loss: 0.3204, Train Acc: 88.13%
Batch 820/2797, Loss: 0.3203, Train Acc: 88.14%
Batch 825/2797, Loss: 0.3201, Train Acc: 88.14%
Batch 830/2797, Loss: 0.3200, Train Acc: 88.15%
Batch 835/2797, Loss: 0.3198, Train Acc: 88.16%
Batch 840/2797, Loss: 0.3198, Train Acc: 88.16%
Batch 845/2797, Loss: 0.3197, Train Acc: 88.16%
Batch 850/2797, Loss: 0.3196, Train Acc: 88.17%
Batch 855/2797, Loss: 0.3196, Train Acc: 88.16%
Batch 860/2797, Loss: 0.3195, Train Acc: 88.17%
Batch 865/2797, Loss: 0.3194, Train Acc: 88.17%
Batch 870/2797, Loss: 0.3198, Train Acc: 88.15%
Batch 875/2797, Loss: 0.3200, Train Acc: 88.15%
Batch 880/2797, Loss: 0.3202, Train Acc: 88.14%
Batch 885/2797, Loss: 0.3204, Train Acc: 88.13%
Batch 890/2797, Loss: 0.3212, Train Acc: 88.11%
Batch 895/2797, Loss: 0.3213, Train Acc: 88.11%
Batch 900/2797, Loss: 0.3215, Train Acc: 88.10%
Batch 905/2797, Loss: 0.3222, Train Acc: 88.09%
Batch 910/2797, Loss: 0.3224, Train Acc: 88.08%
Batch 915/2797, Loss: 0.3227, Train Acc: 88.08%
Batch 920/2797, Loss: 0.3226, Train Acc: 88.09%
Batch 925/2797, Loss: 0.3228, Train Acc: 88.09%
Batch 930/2797, Loss: 0.3229, Train Acc: 88.08%
Batch 935/2797, Loss: 0.3228, Train Acc: 88.09%
Batch 940/2797, Loss: 0.3230, Train Acc: 88.08%
Batch 945/2797, Loss: 0.3228, Train Acc: 88.08%
Batch 950/2797, Loss: 0.3234, Train Acc: 88.06%
Batch 955/2797, Loss: 0.3234, Train Acc: 88.07%
Batch 960/2797, Loss: 0.3236, Train Acc: 88.06%
Batch 965/2797, Loss: 0.3240, Train Acc: 88.07%
Batch 970/2797, Loss: 0.3241, Train Acc: 88.06%
Batch 975/2797, Loss: 0.3239, Train Acc: 88.07%
Batch 980/2797, Loss: 0.3243, Train Acc: 88.06%
Batch 985/2797, Loss: 0.3245, Train Acc: 88.06%
Batch 990/2797, Loss: 0.3245, Train Acc: 88.05%
Batch 995/2797, Loss: 0.3246, Train Acc: 88.05%
Batch 1000/2797, Loss: 0.3251, Train Acc: 88.03%
Batch 1005/2797, Loss: 0.3254, Train Acc: 88.02%
Batch 1010/2797, Loss: 0.3257, Train Acc: 88.01%
Batch 1015/2797, Loss: 0.3259, Train Acc: 88.00%
Batch 1020/2797, Loss: 0.3260, Train Acc: 87.99%
Batch 1025/2797, Loss: 0.3262, Train Acc: 87.99%
Batch 1030/2797, Loss: 0.3262, Train Acc: 87.99%
Batch 1035/2797, Loss: 0.3264, Train Acc: 87.98%
Batch 1040/2797, Loss: 0.3263, Train Acc: 87.99%
Batch 1045/2797, Loss: 0.3264, Train Acc: 87.98%
Batch 1050/2797, Loss: 0.3264, Train Acc: 87.98%
Batch 1055/2797, Loss: 0.3266, Train Acc: 87.97%
Batch 1060/2797, Loss: 0.3268, Train Acc: 87.97%
Batch 1065/2797, Loss: 0.3269, Train Acc: 87.96%
Batch 1070/2797, Loss: 0.3269, Train Acc: 87.96%
Batch 1075/2797, Loss: 0.3270, Train Acc: 87.95%
Batch 1080/2797, Loss: 0.3272, Train Acc: 87.95%
Batch 1085/2797, Loss: 0.3274, Train Acc: 87.94%
Batch 1090/2797, Loss: 0.3275, Train Acc: 87.95%
Batch 1095/2797, Loss: 0.3276, Train Acc: 87.95%
Batch 1100/2797, Loss: 0.3276, Train Acc: 87.94%
Batch 1105/2797, Loss: 0.3276, Train Acc: 87.94%
Batch 1110/2797, Loss: 0.3278, Train Acc: 87.94%
Batch 1115/2797, Loss: 0.3278, Train Acc: 87.94%
Batch 1120/2797, Loss: 0.3281, Train Acc: 87.93%
Batch 1125/2797, Loss: 0.3282, Train Acc: 87.92%
Batch 1130/2797, Loss: 0.3283, Train Acc: 87.92%
Batch 1135/2797, Loss: 0.3284, Train Acc: 87.92%
Batch 1140/2797, Loss: 0.3285, Train Acc: 87.92%
Batch 1145/2797, Loss: 0.3286, Train Acc: 87.92%
Batch 1150/2797, Loss: 0.3288, Train Acc: 87.92%
Batch 1155/2797, Loss: 0.3290, Train Acc: 87.91%
Batch 1160/2797, Loss: 0.3291, Train Acc: 87.91%
Batch 1165/2797, Loss: 0.3291, Train Acc: 87.90%
Batch 1170/2797, Loss: 0.3290, Train Acc: 87.91%
Batch 1175/2797, Loss: 0.3290, Train Acc: 87.90%
Batch 1180/2797, Loss: 0.3291, Train Acc: 87.90%
Batch 1185/2797, Loss: 0.3290, Train Acc: 87.90%
Batch 1190/2797, Loss: 0.3289, Train Acc: 87.90%
Batch 1195/2797, Loss: 0.3291, Train Acc: 87.90%
Batch 1200/2797, Loss: 0.3289, Train Acc: 87.90%
Batch 1205/2797, Loss: 0.3290, Train Acc: 87.90%
Batch 1210/2797, Loss: 0.3292, Train Acc: 87.89%
Batch 1215/2797, Loss: 0.3291, Train Acc: 87.89%
Batch 1220/2797, Loss: 0.3292, Train Acc: 87.88%
Batch 1225/2797, Loss: 0.3293, Train Acc: 87.88%
Batch 1230/2797, Loss: 0.3292, Train Acc: 87.88%
Batch 1235/2797, Loss: 0.3293, Train Acc: 87.88%
Batch 1240/2797, Loss: 0.3294, Train Acc: 87.88%
Batch 1245/2797, Loss: 0.3293, Train Acc: 87.88%
Batch 1250/2797, Loss: 0.3292, Train Acc: 87.88%
Batch 1255/2797, Loss: 0.3293, Train Acc: 87.87%
Batch 1260/2797, Loss: 0.3292, Train Acc: 87.88%
Batch 1265/2797, Loss: 0.3291, Train Acc: 87.88%
Batch 1270/2797, Loss: 0.3291, Train Acc: 87.88%
Batch 1275/2797, Loss: 0.3292, Train Acc: 87.87%
Batch 1280/2797, Loss: 0.3290, Train Acc: 87.88%
Batch 1285/2797, Loss: 0.3289, Train Acc: 87.88%
Batch 1290/2797, Loss: 0.3289, Train Acc: 87.88%
Batch 1295/2797, Loss: 0.3289, Train Acc: 87.88%
Batch 1300/2797, Loss: 0.3291, Train Acc: 87.88%
Batch 1305/2797, Loss: 0.3291, Train Acc: 87.88%
Batch 1310/2797, Loss: 0.3290, Train Acc: 87.88%
Batch 1315/2797, Loss: 0.3291, Train Acc: 87.88%
Batch 1320/2797, Loss: 0.3290, Train Acc: 87.88%
Batch 1325/2797, Loss: 0.3291, Train Acc: 87.88%
Batch 1330/2797, Loss: 0.3291, Train Acc: 87.88%
Batch 1335/2797, Loss: 0.3291, Train Acc: 87.87%
Batch 1340/2797, Loss: 0.3290, Train Acc: 87.88%
Batch 1345/2797, Loss: 0.3291, Train Acc: 87.87%
Batch 1350/2797, Loss: 0.3288, Train Acc: 87.89%
Batch 1355/2797, Loss: 0.3289, Train Acc: 87.89%
Batch 1360/2797, Loss: 0.3288, Train Acc: 87.89%
Batch 1365/2797, Loss: 0.3288, Train Acc: 87.89%
Batch 1370/2797, Loss: 0.3287, Train Acc: 87.89%
Batch 1375/2797, Loss: 0.3286, Train Acc: 87.90%
Batch 1380/2797, Loss: 0.3286, Train Acc: 87.90%
Batch 1385/2797, Loss: 0.3287, Train Acc: 87.89%
Batch 1390/2797, Loss: 0.3286, Train Acc: 87.89%
Batch 1395/2797, Loss: 0.3286, Train Acc: 87.90%
Batch 1400/2797, Loss: 0.3286, Train Acc: 87.90%
Batch 1405/2797, Loss: 0.3287, Train Acc: 87.89%
Batch 1410/2797, Loss: 0.3288, Train Acc: 87.90%
Batch 1415/2797, Loss: 0.3289, Train Acc: 87.89%
Batch 1420/2797, Loss: 0.3290, Train Acc: 87.89%
Batch 1425/2797, Loss: 0.3290, Train Acc: 87.89%
Batch 1430/2797, Loss: 0.3290, Train Acc: 87.89%
Batch 1435/2797, Loss: 0.3290, Train Acc: 87.89%
Batch 1440/2797, Loss: 0.3291, Train Acc: 87.88%
Batch 1445/2797, Loss: 0.3291, Train Acc: 87.88%
Batch 1450/2797, Loss: 0.3291, Train Acc: 87.88%
Batch 1455/2797, Loss: 0.3291, Train Acc: 87.88%
Batch 1460/2797, Loss: 0.3291, Train Acc: 87.88%
Batch 1465/2797, Loss: 0.3292, Train Acc: 87.88%
Batch 1470/2797, Loss: 0.3291, Train Acc: 87.88%
Batch 1475/2797, Loss: 0.3291, Train Acc: 87.87%
Batch 1480/2797, Loss: 0.3292, Train Acc: 87.87%
Batch 1485/2797, Loss: 0.3292, Train Acc: 87.86%
Batch 1490/2797, Loss: 0.3295, Train Acc: 87.85%
Batch 1495/2797, Loss: 0.3296, Train Acc: 87.85%
Batch 1500/2797, Loss: 0.3298, Train Acc: 87.84%
Batch 1505/2797, Loss: 0.3300, Train Acc: 87.83%
Batch 1510/2797, Loss: 0.3299, Train Acc: 87.83%
Batch 1515/2797, Loss: 0.3299, Train Acc: 87.83%
Batch 1520/2797, Loss: 0.3298, Train Acc: 87.83%
Batch 1525/2797, Loss: 0.3300, Train Acc: 87.82%
Batch 1530/2797, Loss: 0.3300, Train Acc: 87.82%
Batch 1535/2797, Loss: 0.3299, Train Acc: 87.82%
Batch 1540/2797, Loss: 0.3299, Train Acc: 87.82%
Batch 1545/2797, Loss: 0.3300, Train Acc: 87.82%
Batch 1550/2797, Loss: 0.3298, Train Acc: 87.83%
Batch 1555/2797, Loss: 0.3297, Train Acc: 87.83%
Batch 1560/2797, Loss: 0.3298, Train Acc: 87.83%
Batch 1565/2797, Loss: 0.3298, Train Acc: 87.83%
Batch 1570/2797, Loss: 0.3297, Train Acc: 87.84%
Batch 1575/2797, Loss: 0.3298, Train Acc: 87.83%
Batch 1580/2797, Loss: 0.3298, Train Acc: 87.83%
Batch 1585/2797, Loss: 0.3297, Train Acc: 87.83%
Batch 1590/2797, Loss: 0.3297, Train Acc: 87.83%
Batch 1595/2797, Loss: 0.3296, Train Acc: 87.84%
Batch 1600/2797, Loss: 0.3294, Train Acc: 87.84%
Batch 1605/2797, Loss: 0.3294, Train Acc: 87.84%
Batch 1610/2797, Loss: 0.3294, Train Acc: 87.84%
Batch 1615/2797, Loss: 0.3294, Train Acc: 87.84%
Batch 1620/2797, Loss: 0.3295, Train Acc: 87.84%
Batch 1625/2797, Loss: 0.3295, Train Acc: 87.84%
Batch 1630/2797, Loss: 0.3298, Train Acc: 87.83%
Batch 1635/2797, Loss: 0.3298, Train Acc: 87.83%
Batch 1640/2797, Loss: 0.3299, Train Acc: 87.83%
Batch 1645/2797, Loss: 0.3299, Train Acc: 87.83%
Batch 1650/2797, Loss: 0.3298, Train Acc: 87.83%
Batch 1655/2797, Loss: 0.3297, Train Acc: 87.84%
Batch 1660/2797, Loss: 0.3296, Train Acc: 87.84%
Batch 1665/2797, Loss: 0.3296, Train Acc: 87.84%
Batch 1670/2797, Loss: 0.3297, Train Acc: 87.83%
Batch 1675/2797, Loss: 0.3297, Train Acc: 87.83%
Batch 1680/2797, Loss: 0.3297, Train Acc: 87.83%
Batch 1685/2797, Loss: 0.3296, Train Acc: 87.83%
Batch 1690/2797, Loss: 0.3296, Train Acc: 87.84%
Batch 1695/2797, Loss: 0.3297, Train Acc: 87.83%
Batch 1700/2797, Loss: 0.3299, Train Acc: 87.82%
Batch 1705/2797, Loss: 0.3298, Train Acc: 87.83%
Batch 1710/2797, Loss: 0.3300, Train Acc: 87.82%
Batch 1715/2797, Loss: 0.3300, Train Acc: 87.82%
Batch 1720/2797, Loss: 0.3300, Train Acc: 87.82%
Batch 1725/2797, Loss: 0.3299, Train Acc: 87.82%
Batch 1730/2797, Loss: 0.3300, Train Acc: 87.83%
Batch 1735/2797, Loss: 0.3299, Train Acc: 87.83%
Batch 1740/2797, Loss: 0.3300, Train Acc: 87.83%
Batch 1745/2797, Loss: 0.3300, Train Acc: 87.83%
Batch 1750/2797, Loss: 0.3299, Train Acc: 87.83%
Batch 1755/2797, Loss: 0.3298, Train Acc: 87.83%
Batch 1760/2797, Loss: 0.3298, Train Acc: 87.83%
Batch 1765/2797, Loss: 0.3298, Train Acc: 87.83%
Batch 1770/2797, Loss: 0.3298, Train Acc: 87.83%
Batch 1775/2797, Loss: 0.3298, Train Acc: 87.83%
Batch 1780/2797, Loss: 0.3298, Train Acc: 87.83%
Batch 1785/2797, Loss: 0.3297, Train Acc: 87.83%
Batch 1790/2797, Loss: 0.3296, Train Acc: 87.83%
Batch 1795/2797, Loss: 0.3296, Train Acc: 87.83%
Batch 1800/2797, Loss: 0.3296, Train Acc: 87.84%
Batch 1805/2797, Loss: 0.3296, Train Acc: 87.84%
Batch 1810/2797, Loss: 0.3296, Train Acc: 87.83%
Batch 1815/2797, Loss: 0.3296, Train Acc: 87.84%
Batch 1820/2797, Loss: 0.3296, Train Acc: 87.84%
Batch 1825/2797, Loss: 0.3295, Train Acc: 87.84%
Batch 1830/2797, Loss: 0.3294, Train Acc: 87.84%
Batch 1835/2797, Loss: 0.3295, Train Acc: 87.84%
Batch 1840/2797, Loss: 0.3293, Train Acc: 87.84%
Batch 1845/2797, Loss: 0.3293, Train Acc: 87.84%
Batch 1850/2797, Loss: 0.3294, Train Acc: 87.84%
Batch 1855/2797, Loss: 0.3292, Train Acc: 87.84%
Batch 1860/2797, Loss: 0.3292, Train Acc: 87.84%
Batch 1865/2797, Loss: 0.3292, Train Acc: 87.84%
Batch 1870/2797, Loss: 0.3292, Train Acc: 87.84%
Batch 1875/2797, Loss: 0.3292, Train Acc: 87.84%
Batch 1880/2797, Loss: 0.3292, Train Acc: 87.84%
Batch 1885/2797, Loss: 0.3292, Train Acc: 87.84%
Batch 1890/2797, Loss: 0.3292, Train Acc: 87.84%
Batch 1895/2797, Loss: 0.3291, Train Acc: 87.84%
Batch 1900/2797, Loss: 0.3291, Train Acc: 87.84%
Batch 1905/2797, Loss: 0.3291, Train Acc: 87.84%
Batch 1910/2797, Loss: 0.3292, Train Acc: 87.83%
Batch 1915/2797, Loss: 0.3290, Train Acc: 87.84%
Batch 1920/2797, Loss: 0.3289, Train Acc: 87.84%
Batch 1925/2797, Loss: 0.3289, Train Acc: 87.84%
Batch 1930/2797, Loss: 0.3287, Train Acc: 87.85%
Batch 1935/2797, Loss: 0.3288, Train Acc: 87.84%
Batch 1940/2797, Loss: 0.3287, Train Acc: 87.85%
Batch 1945/2797, Loss: 0.3286, Train Acc: 87.85%
Batch 1950/2797, Loss: 0.3284, Train Acc: 87.86%
Batch 1955/2797, Loss: 0.3283, Train Acc: 87.86%
Batch 1960/2797, Loss: 0.3282, Train Acc: 87.87%
Batch 1965/2797, Loss: 0.3282, Train Acc: 87.87%
Batch 1970/2797, Loss: 0.3283, Train Acc: 87.86%
Batch 1975/2797, Loss: 0.3283, Train Acc: 87.87%
Batch 1980/2797, Loss: 0.3282, Train Acc: 87.86%
Batch 1985/2797, Loss: 0.3282, Train Acc: 87.87%
Batch 1990/2797, Loss: 0.3283, Train Acc: 87.87%
Batch 1995/2797, Loss: 0.3282, Train Acc: 87.87%
Batch 2000/2797, Loss: 0.3283, Train Acc: 87.87%
Batch 2005/2797, Loss: 0.3282, Train Acc: 87.88%
Batch 2010/2797, Loss: 0.3281, Train Acc: 87.88%
Batch 2015/2797, Loss: 0.3280, Train Acc: 87.88%
Batch 2020/2797, Loss: 0.3280, Train Acc: 87.89%
Batch 2025/2797, Loss: 0.3279, Train Acc: 87.89%
Batch 2030/2797, Loss: 0.3278, Train Acc: 87.89%
Batch 2035/2797, Loss: 0.3279, Train Acc: 87.89%
Batch 2040/2797, Loss: 0.3279, Train Acc: 87.88%
Batch 2045/2797, Loss: 0.3277, Train Acc: 87.89%
Batch 2050/2797, Loss: 0.3276, Train Acc: 87.89%
Batch 2055/2797, Loss: 0.3276, Train Acc: 87.89%
Batch 2060/2797, Loss: 0.3275, Train Acc: 87.90%
Batch 2065/2797, Loss: 0.3276, Train Acc: 87.89%
Batch 2070/2797, Loss: 0.3275, Train Acc: 87.89%
Batch 2075/2797, Loss: 0.3275, Train Acc: 87.90%
Batch 2080/2797, Loss: 0.3274, Train Acc: 87.90%
Batch 2085/2797, Loss: 0.3273, Train Acc: 87.90%
Batch 2090/2797, Loss: 0.3273, Train Acc: 87.91%
Batch 2095/2797, Loss: 0.3273, Train Acc: 87.91%
Batch 2100/2797, Loss: 0.3273, Train Acc: 87.91%
Batch 2105/2797, Loss: 0.3274, Train Acc: 87.91%
Batch 2110/2797, Loss: 0.3274, Train Acc: 87.90%
Batch 2115/2797, Loss: 0.3273, Train Acc: 87.90%
Batch 2120/2797, Loss: 0.3272, Train Acc: 87.91%
Batch 2125/2797, Loss: 0.3271, Train Acc: 87.92%
Batch 2130/2797, Loss: 0.3270, Train Acc: 87.92%
Batch 2135/2797, Loss: 0.3270, Train Acc: 87.92%
Batch 2140/2797, Loss: 0.3269, Train Acc: 87.92%
Batch 2145/2797, Loss: 0.3269, Train Acc: 87.92%
Batch 2150/2797, Loss: 0.3268, Train Acc: 87.93%
Batch 2155/2797, Loss: 0.3268, Train Acc: 87.93%
Batch 2160/2797, Loss: 0.3268, Train Acc: 87.93%
Batch 2165/2797, Loss: 0.3268, Train Acc: 87.92%
Batch 2170/2797, Loss: 0.3267, Train Acc: 87.92%
Batch 2175/2797, Loss: 0.3267, Train Acc: 87.93%
Batch 2180/2797, Loss: 0.3267, Train Acc: 87.93%
Batch 2185/2797, Loss: 0.3268, Train Acc: 87.93%
Batch 2190/2797, Loss: 0.3267, Train Acc: 87.93%
Batch 2195/2797, Loss: 0.3267, Train Acc: 87.93%
Batch 2200/2797, Loss: 0.3267, Train Acc: 87.93%
Batch 2205/2797, Loss: 0.3267, Train Acc: 87.92%
Batch 2210/2797, Loss: 0.3266, Train Acc: 87.93%
Batch 2215/2797, Loss: 0.3267, Train Acc: 87.92%
Batch 2220/2797, Loss: 0.3266, Train Acc: 87.92%
Batch 2225/2797, Loss: 0.3266, Train Acc: 87.92%
Batch 2230/2797, Loss: 0.3266, Train Acc: 87.92%
Batch 2235/2797, Loss: 0.3265, Train Acc: 87.92%
Batch 2240/2797, Loss: 0.3264, Train Acc: 87.93%
Batch 2245/2797, Loss: 0.3263, Train Acc: 87.93%
Batch 2250/2797, Loss: 0.3262, Train Acc: 87.93%
Batch 2255/2797, Loss: 0.3262, Train Acc: 87.93%
Batch 2260/2797, Loss: 0.3262, Train Acc: 87.93%
Batch 2265/2797, Loss: 0.3262, Train Acc: 87.93%
Batch 2270/2797, Loss: 0.3263, Train Acc: 87.93%
Batch 2275/2797, Loss: 0.3262, Train Acc: 87.93%
Batch 2280/2797, Loss: 0.3262, Train Acc: 87.93%
Batch 2285/2797, Loss: 0.3263, Train Acc: 87.92%
Batch 2290/2797, Loss: 0.3262, Train Acc: 87.92%
Batch 2295/2797, Loss: 0.3264, Train Acc: 87.92%
Batch 2300/2797, Loss: 0.3262, Train Acc: 87.92%
Batch 2305/2797, Loss: 0.3262, Train Acc: 87.92%
Batch 2310/2797, Loss: 0.3261, Train Acc: 87.93%
Batch 2315/2797, Loss: 0.3260, Train Acc: 87.93%
Batch 2320/2797, Loss: 0.3260, Train Acc: 87.93%
Batch 2325/2797, Loss: 0.3259, Train Acc: 87.93%
Batch 2330/2797, Loss: 0.3260, Train Acc: 87.93%
Batch 2335/2797, Loss: 0.3260, Train Acc: 87.93%
Batch 2340/2797, Loss: 0.3260, Train Acc: 87.93%
Batch 2345/2797, Loss: 0.3259, Train Acc: 87.93%
Batch 2350/2797, Loss: 0.3259, Train Acc: 87.93%
Batch 2355/2797, Loss: 0.3259, Train Acc: 87.93%
Batch 2360/2797, Loss: 0.3258, Train Acc: 87.94%
Batch 2365/2797, Loss: 0.3257, Train Acc: 87.94%
Batch 2370/2797, Loss: 0.3257, Train Acc: 87.93%
Batch 2375/2797, Loss: 0.3257, Train Acc: 87.94%
Batch 2380/2797, Loss: 0.3257, Train Acc: 87.93%
Batch 2385/2797, Loss: 0.3256, Train Acc: 87.93%
Batch 2390/2797, Loss: 0.3256, Train Acc: 87.93%
Batch 2395/2797, Loss: 0.3255, Train Acc: 87.94%
Batch 2400/2797, Loss: 0.3255, Train Acc: 87.93%
Batch 2405/2797, Loss: 0.3254, Train Acc: 87.94%
Batch 2410/2797, Loss: 0.3253, Train Acc: 87.94%
Batch 2415/2797, Loss: 0.3251, Train Acc: 87.94%
Batch 2420/2797, Loss: 0.3252, Train Acc: 87.94%
Batch 2425/2797, Loss: 0.3252, Train Acc: 87.94%
Batch 2430/2797, Loss: 0.3252, Train Acc: 87.94%
Batch 2435/2797, Loss: 0.3252, Train Acc: 87.94%
Batch 2440/2797, Loss: 0.3251, Train Acc: 87.95%
Batch 2445/2797, Loss: 0.3252, Train Acc: 87.94%
Batch 2450/2797, Loss: 0.3252, Train Acc: 87.94%
Batch 2455/2797, Loss: 0.3252, Train Acc: 87.94%
Batch 2460/2797, Loss: 0.3251, Train Acc: 87.94%
Batch 2465/2797, Loss: 0.3251, Train Acc: 87.94%
Batch 2470/2797, Loss: 0.3251, Train Acc: 87.94%
Batch 2475/2797, Loss: 0.3250, Train Acc: 87.95%
Batch 2480/2797, Loss: 0.3250, Train Acc: 87.95%
Batch 2485/2797, Loss: 0.3250, Train Acc: 87.95%
Batch 2490/2797, Loss: 0.3251, Train Acc: 87.94%
Batch 2495/2797, Loss: 0.3250, Train Acc: 87.94%
Batch 2500/2797, Loss: 0.3251, Train Acc: 87.94%
Batch 2505/2797, Loss: 0.3251, Train Acc: 87.94%
Batch 2510/2797, Loss: 0.3251, Train Acc: 87.94%
Batch 2515/2797, Loss: 0.3250, Train Acc: 87.94%
Batch 2520/2797, Loss: 0.3250, Train Acc: 87.94%
Batch 2525/2797, Loss: 0.3250, Train Acc: 87.95%
Batch 2530/2797, Loss: 0.3250, Train Acc: 87.95%
Batch 2535/2797, Loss: 0.3250, Train Acc: 87.95%
Batch 2540/2797, Loss: 0.3249, Train Acc: 87.95%
Batch 2545/2797, Loss: 0.3249, Train Acc: 87.95%
Batch 2550/2797, Loss: 0.3249, Train Acc: 87.95%
Batch 2555/2797, Loss: 0.3248, Train Acc: 87.95%
Batch 2560/2797, Loss: 0.3248, Train Acc: 87.95%
Batch 2565/2797, Loss: 0.3248, Train Acc: 87.96%
Batch 2570/2797, Loss: 0.3247, Train Acc: 87.96%
Batch 2575/2797, Loss: 0.3246, Train Acc: 87.97%
Batch 2580/2797, Loss: 0.3246, Train Acc: 87.97%
Batch 2585/2797, Loss: 0.3245, Train Acc: 87.97%
Batch 2590/2797, Loss: 0.3245, Train Acc: 87.97%
Batch 2595/2797, Loss: 0.3245, Train Acc: 87.97%
Batch 2600/2797, Loss: 0.3245, Train Acc: 87.97%
Batch 2605/2797, Loss: 0.3244, Train Acc: 87.97%
Batch 2610/2797, Loss: 0.3244, Train Acc: 87.97%
Batch 2615/2797, Loss: 0.3243, Train Acc: 87.97%
Batch 2620/2797, Loss: 0.3244, Train Acc: 87.97%
Batch 2625/2797, Loss: 0.3243, Train Acc: 87.97%
Batch 2630/2797, Loss: 0.3242, Train Acc: 87.98%
Batch 2635/2797, Loss: 0.3243, Train Acc: 87.98%
Batch 2640/2797, Loss: 0.3242, Train Acc: 87.98%
Batch 2645/2797, Loss: 0.3242, Train Acc: 87.98%
Batch 2650/2797, Loss: 0.3242, Train Acc: 87.98%
Batch 2655/2797, Loss: 0.3241, Train Acc: 87.98%
Batch 2660/2797, Loss: 0.3242, Train Acc: 87.98%
Batch 2665/2797, Loss: 0.3242, Train Acc: 87.98%
Batch 2670/2797, Loss: 0.3242, Train Acc: 87.98%
Batch 2675/2797, Loss: 0.3241, Train Acc: 87.98%
Batch 2680/2797, Loss: 0.3241, Train Acc: 87.99%
Batch 2685/2797, Loss: 0.3240, Train Acc: 87.98%
Batch 2690/2797, Loss: 0.3240, Train Acc: 87.98%
Batch 2695/2797, Loss: 0.3240, Train Acc: 87.99%
Batch 2700/2797, Loss: 0.3239, Train Acc: 87.99%
Batch 2705/2797, Loss: 0.3240, Train Acc: 87.99%
Batch 2710/2797, Loss: 0.3240, Train Acc: 87.98%
Batch 2715/2797, Loss: 0.3240, Train Acc: 87.98%
Batch 2720/2797, Loss: 0.3240, Train Acc: 87.99%
Batch 2725/2797, Loss: 0.3240, Train Acc: 87.98%
Batch 2730/2797, Loss: 0.3240, Train Acc: 87.98%
Batch 2735/2797, Loss: 0.3240, Train Acc: 87.98%
Batch 2740/2797, Loss: 0.3239, Train Acc: 87.98%
Batch 2745/2797, Loss: 0.3238, Train Acc: 87.99%
Batch 2750/2797, Loss: 0.3238, Train Acc: 87.99%
Batch 2755/2797, Loss: 0.3237, Train Acc: 87.99%
Batch 2760/2797, Loss: 0.3237, Train Acc: 87.99%
Batch 2765/2797, Loss: 0.3236, Train Acc: 88.00%
Batch 2770/2797, Loss: 0.3236, Train Acc: 88.00%
Batch 2775/2797, Loss: 0.3235, Train Acc: 88.00%
Batch 2780/2797, Loss: 0.3235, Train Acc: 88.00%
Batch 2785/2797, Loss: 0.3234, Train Acc: 88.00%
Batch 2790/2797, Loss: 0.3234, Train Acc: 88.00%
Batch 2795/2797, Loss: 0.3234, Train Acc: 88.00%
Learning Rate: 0.001000
Epoch 4/50, Average Loss: 0.3233, Train Accuracy: 88.01%
Validation Batch 5/700, Validation Accuracy: 86.88%
Validation Batch 10/700, Validation Accuracy: 86.56%
Validation Batch 15/700, Validation Accuracy: 86.35%
Validation Batch 20/700, Validation Accuracy: 85.59%
Validation Batch 25/700, Validation Accuracy: 85.88%
Validation Batch 30/700, Validation Accuracy: 85.76%
Validation Batch 35/700, Validation Accuracy: 85.54%
Validation Batch 40/700, Validation Accuracy: 85.37%
Validation Batch 45/700, Validation Accuracy: 85.59%
Validation Batch 50/700, Validation Accuracy: 85.70%
Validation Batch 55/700, Validation Accuracy: 85.65%
Validation Batch 60/700, Validation Accuracy: 85.48%
Validation Batch 65/700, Validation Accuracy: 85.41%
Validation Batch 70/700, Validation Accuracy: 85.47%
Validation Batch 75/700, Validation Accuracy: 85.41%
Validation Batch 80/700, Validation Accuracy: 85.28%
Validation Batch 85/700, Validation Accuracy: 85.38%
Validation Batch 90/700, Validation Accuracy: 85.35%
Validation Batch 95/700, Validation Accuracy: 85.39%
Validation Batch 100/700, Validation Accuracy: 85.36%
Validation Batch 105/700, Validation Accuracy: 85.34%
Validation Batch 110/700, Validation Accuracy: 85.23%
Validation Batch 115/700, Validation Accuracy: 85.20%
Validation Batch 120/700, Validation Accuracy: 85.29%
Validation Batch 125/700, Validation Accuracy: 85.32%
Validation Batch 130/700, Validation Accuracy: 85.30%
Validation Batch 135/700, Validation Accuracy: 85.34%
Validation Batch 140/700, Validation Accuracy: 85.28%
Validation Batch 145/700, Validation Accuracy: 85.26%
Validation Batch 150/700, Validation Accuracy: 85.32%
Validation Batch 155/700, Validation Accuracy: 85.30%
Validation Batch 160/700, Validation Accuracy: 85.26%
Validation Batch 165/700, Validation Accuracy: 85.24%
Validation Batch 170/700, Validation Accuracy: 85.28%
Validation Batch 175/700, Validation Accuracy: 85.34%
Validation Batch 180/700, Validation Accuracy: 85.37%
Validation Batch 185/700, Validation Accuracy: 85.42%
Validation Batch 190/700, Validation Accuracy: 85.46%
Validation Batch 195/700, Validation Accuracy: 85.45%
Validation Batch 200/700, Validation Accuracy: 85.46%
Validation Batch 205/700, Validation Accuracy: 85.49%
Validation Batch 210/700, Validation Accuracy: 85.47%
Validation Batch 215/700, Validation Accuracy: 85.52%
Validation Batch 220/700, Validation Accuracy: 85.51%
Validation Batch 225/700, Validation Accuracy: 85.50%
Validation Batch 230/700, Validation Accuracy: 85.50%
Validation Batch 235/700, Validation Accuracy: 85.53%
Validation Batch 240/700, Validation Accuracy: 85.57%
Validation Batch 245/700, Validation Accuracy: 85.62%
Validation Batch 250/700, Validation Accuracy: 85.56%
Validation Batch 255/700, Validation Accuracy: 85.57%
Validation Batch 260/700, Validation Accuracy: 85.59%
Validation Batch 265/700, Validation Accuracy: 85.60%
Validation Batch 270/700, Validation Accuracy: 85.58%
Validation Batch 275/700, Validation Accuracy: 85.56%
Validation Batch 280/700, Validation Accuracy: 85.56%
Validation Batch 285/700, Validation Accuracy: 85.58%
Validation Batch 290/700, Validation Accuracy: 85.60%
Validation Batch 295/700, Validation Accuracy: 85.64%
Validation Batch 300/700, Validation Accuracy: 85.65%
Validation Batch 305/700, Validation Accuracy: 85.65%
Validation Batch 310/700, Validation Accuracy: 85.64%
Validation Batch 315/700, Validation Accuracy: 85.66%
Validation Batch 320/700, Validation Accuracy: 85.63%
Validation Batch 325/700, Validation Accuracy: 85.61%
Validation Batch 330/700, Validation Accuracy: 85.59%
Validation Batch 335/700, Validation Accuracy: 85.59%
Validation Batch 340/700, Validation Accuracy: 85.61%
Validation Batch 345/700, Validation Accuracy: 85.58%
Validation Batch 350/700, Validation Accuracy: 85.58%
Validation Batch 355/700, Validation Accuracy: 85.57%
Validation Batch 360/700, Validation Accuracy: 85.58%
Validation Batch 365/700, Validation Accuracy: 85.57%
Validation Batch 370/700, Validation Accuracy: 85.57%
Validation Batch 375/700, Validation Accuracy: 85.58%
Validation Batch 380/700, Validation Accuracy: 85.58%
Validation Batch 385/700, Validation Accuracy: 85.57%
Validation Batch 390/700, Validation Accuracy: 85.55%
Validation Batch 395/700, Validation Accuracy: 85.57%
Validation Batch 400/700, Validation Accuracy: 85.57%
Validation Batch 405/700, Validation Accuracy: 85.56%
Validation Batch 410/700, Validation Accuracy: 85.56%
Validation Batch 415/700, Validation Accuracy: 85.58%
Validation Batch 420/700, Validation Accuracy: 85.59%
Validation Batch 425/700, Validation Accuracy: 85.58%
Validation Batch 430/700, Validation Accuracy: 85.60%
Validation Batch 435/700, Validation Accuracy: 85.61%
Validation Batch 440/700, Validation Accuracy: 85.60%
Validation Batch 445/700, Validation Accuracy: 85.60%
Validation Batch 450/700, Validation Accuracy: 85.62%
Validation Batch 455/700, Validation Accuracy: 85.63%
Validation Batch 460/700, Validation Accuracy: 85.63%
Validation Batch 465/700, Validation Accuracy: 85.63%
Validation Batch 470/700, Validation Accuracy: 85.65%
Validation Batch 475/700, Validation Accuracy: 85.66%
Validation Batch 480/700, Validation Accuracy: 85.68%
Validation Batch 485/700, Validation Accuracy: 85.67%
Validation Batch 490/700, Validation Accuracy: 85.66%
Validation Batch 495/700, Validation Accuracy: 85.68%
Validation Batch 500/700, Validation Accuracy: 85.67%
Validation Batch 505/700, Validation Accuracy: 85.68%
Validation Batch 510/700, Validation Accuracy: 85.68%
Validation Batch 515/700, Validation Accuracy: 85.66%
Validation Batch 520/700, Validation Accuracy: 85.67%
Validation Batch 525/700, Validation Accuracy: 85.65%
Validation Batch 530/700, Validation Accuracy: 85.65%
Validation Batch 535/700, Validation Accuracy: 85.64%
Validation Batch 540/700, Validation Accuracy: 85.64%
Validation Batch 545/700, Validation Accuracy: 85.64%
Validation Batch 550/700, Validation Accuracy: 85.66%
Validation Batch 555/700, Validation Accuracy: 85.65%
Validation Batch 560/700, Validation Accuracy: 85.66%
Validation Batch 565/700, Validation Accuracy: 85.65%
Validation Batch 570/700, Validation Accuracy: 85.63%
Validation Batch 575/700, Validation Accuracy: 85.63%
Validation Batch 580/700, Validation Accuracy: 85.65%
Validation Batch 585/700, Validation Accuracy: 85.66%
Validation Batch 590/700, Validation Accuracy: 85.66%
Validation Batch 595/700, Validation Accuracy: 85.65%
Validation Batch 600/700, Validation Accuracy: 85.65%
Validation Batch 605/700, Validation Accuracy: 85.64%
Validation Batch 610/700, Validation Accuracy: 85.64%
Validation Batch 615/700, Validation Accuracy: 85.63%
Validation Batch 620/700, Validation Accuracy: 85.62%
Validation Batch 625/700, Validation Accuracy: 85.62%
Validation Batch 630/700, Validation Accuracy: 85.62%
Validation Batch 635/700, Validation Accuracy: 85.62%
Validation Batch 640/700, Validation Accuracy: 85.62%
Validation Batch 645/700, Validation Accuracy: 85.63%
Validation Batch 650/700, Validation Accuracy: 85.63%
Validation Batch 655/700, Validation Accuracy: 85.64%
Validation Batch 660/700, Validation Accuracy: 85.64%
Validation Batch 665/700, Validation Accuracy: 85.64%
Validation Batch 670/700, Validation Accuracy: 85.64%
Validation Batch 675/700, Validation Accuracy: 85.64%
Validation Batch 680/700, Validation Accuracy: 85.63%
Validation Batch 685/700, Validation Accuracy: 85.64%
Validation Batch 690/700, Validation Accuracy: 85.63%
Validation Batch 695/700, Validation Accuracy: 85.63%
Validation Batch 700/700, Validation Accuracy: 85.63%
Validation Accuracy for Epoch 4: 85.63%

--- Epoch 5/50 ---
Batch 5/2797, Loss: 0.2761, Train Acc: 89.53%
Batch 10/2797, Loss: 0.2890, Train Acc: 89.38%
Batch 15/2797, Loss: 0.3039, Train Acc: 88.65%
Batch 20/2797, Loss: 0.3141, Train Acc: 88.44%
Batch 25/2797, Loss: 0.3089, Train Acc: 88.62%
Batch 30/2797, Loss: 0.3135, Train Acc: 88.67%
Batch 35/2797, Loss: 0.3199, Train Acc: 88.28%
Batch 40/2797, Loss: 0.3215, Train Acc: 88.24%
Batch 45/2797, Loss: 0.3196, Train Acc: 88.25%
Batch 50/2797, Loss: 0.3166, Train Acc: 88.34%
Batch 55/2797, Loss: 0.3115, Train Acc: 88.49%
Batch 60/2797, Loss: 0.3133, Train Acc: 88.36%
Batch 65/2797, Loss: 0.3115, Train Acc: 88.44%
Batch 70/2797, Loss: 0.3134, Train Acc: 88.38%
Batch 75/2797, Loss: 0.3159, Train Acc: 88.23%
Batch 80/2797, Loss: 0.3125, Train Acc: 88.30%
Batch 85/2797, Loss: 0.3096, Train Acc: 88.47%
Batch 90/2797, Loss: 0.3080, Train Acc: 88.57%
Batch 95/2797, Loss: 0.3115, Train Acc: 88.53%
Batch 100/2797, Loss: 0.3105, Train Acc: 88.55%
Batch 105/2797, Loss: 0.3114, Train Acc: 88.48%
Batch 110/2797, Loss: 0.3121, Train Acc: 88.42%
Batch 115/2797, Loss: 0.3116, Train Acc: 88.44%
Batch 120/2797, Loss: 0.3116, Train Acc: 88.42%
Batch 125/2797, Loss: 0.3100, Train Acc: 88.48%
Batch 130/2797, Loss: 0.3106, Train Acc: 88.44%
Batch 135/2797, Loss: 0.3116, Train Acc: 88.45%
Batch 140/2797, Loss: 0.3119, Train Acc: 88.44%
Batch 145/2797, Loss: 0.3105, Train Acc: 88.48%
Batch 150/2797, Loss: 0.3107, Train Acc: 88.47%
Batch 155/2797, Loss: 0.3105, Train Acc: 88.44%
Batch 160/2797, Loss: 0.3094, Train Acc: 88.51%
Batch 165/2797, Loss: 0.3098, Train Acc: 88.47%
Batch 170/2797, Loss: 0.3095, Train Acc: 88.53%
Batch 175/2797, Loss: 0.3097, Train Acc: 88.46%
Batch 180/2797, Loss: 0.3093, Train Acc: 88.48%
Batch 185/2797, Loss: 0.3096, Train Acc: 88.48%
Batch 190/2797, Loss: 0.3092, Train Acc: 88.50%
Batch 195/2797, Loss: 0.3095, Train Acc: 88.47%
Batch 200/2797, Loss: 0.3083, Train Acc: 88.50%
Batch 205/2797, Loss: 0.3073, Train Acc: 88.53%
Batch 210/2797, Loss: 0.3071, Train Acc: 88.55%
Batch 215/2797, Loss: 0.3080, Train Acc: 88.52%
Batch 220/2797, Loss: 0.3084, Train Acc: 88.50%
Batch 225/2797, Loss: 0.3085, Train Acc: 88.49%
Batch 230/2797, Loss: 0.3089, Train Acc: 88.46%
Batch 235/2797, Loss: 0.3091, Train Acc: 88.44%
Batch 240/2797, Loss: 0.3090, Train Acc: 88.45%
Batch 245/2797, Loss: 0.3095, Train Acc: 88.46%
Batch 250/2797, Loss: 0.3094, Train Acc: 88.49%
Batch 255/2797, Loss: 0.3099, Train Acc: 88.47%
Batch 260/2797, Loss: 0.3094, Train Acc: 88.48%
Batch 265/2797, Loss: 0.3101, Train Acc: 88.47%
Batch 270/2797, Loss: 0.3105, Train Acc: 88.44%
Batch 275/2797, Loss: 0.3108, Train Acc: 88.45%
Batch 280/2797, Loss: 0.3116, Train Acc: 88.43%
Batch 285/2797, Loss: 0.3111, Train Acc: 88.45%
Batch 290/2797, Loss: 0.3109, Train Acc: 88.46%
Batch 295/2797, Loss: 0.3105, Train Acc: 88.50%
Batch 300/2797, Loss: 0.3112, Train Acc: 88.48%
Batch 305/2797, Loss: 0.3114, Train Acc: 88.48%
Batch 310/2797, Loss: 0.3110, Train Acc: 88.47%
Batch 315/2797, Loss: 0.3111, Train Acc: 88.46%
Batch 320/2797, Loss: 0.3111, Train Acc: 88.48%
Batch 325/2797, Loss: 0.3109, Train Acc: 88.49%
Batch 330/2797, Loss: 0.3111, Train Acc: 88.50%
Batch 335/2797, Loss: 0.3110, Train Acc: 88.48%
Batch 340/2797, Loss: 0.3111, Train Acc: 88.49%
Batch 345/2797, Loss: 0.3105, Train Acc: 88.50%
Batch 350/2797, Loss: 0.3109, Train Acc: 88.51%
Batch 355/2797, Loss: 0.3107, Train Acc: 88.51%
Batch 360/2797, Loss: 0.3109, Train Acc: 88.51%
Batch 365/2797, Loss: 0.3113, Train Acc: 88.49%
Batch 370/2797, Loss: 0.3116, Train Acc: 88.45%
Batch 375/2797, Loss: 0.3115, Train Acc: 88.44%
Batch 380/2797, Loss: 0.3120, Train Acc: 88.43%
Batch 385/2797, Loss: 0.3118, Train Acc: 88.43%
Batch 390/2797, Loss: 0.3125, Train Acc: 88.40%
Batch 395/2797, Loss: 0.3123, Train Acc: 88.42%
Batch 400/2797, Loss: 0.3127, Train Acc: 88.39%
Batch 405/2797, Loss: 0.3127, Train Acc: 88.40%
Batch 410/2797, Loss: 0.3124, Train Acc: 88.41%
Batch 415/2797, Loss: 0.3132, Train Acc: 88.41%
Batch 420/2797, Loss: 0.3125, Train Acc: 88.43%
Batch 425/2797, Loss: 0.3120, Train Acc: 88.45%
Batch 430/2797, Loss: 0.3123, Train Acc: 88.44%
Batch 435/2797, Loss: 0.3119, Train Acc: 88.45%
Batch 440/2797, Loss: 0.3117, Train Acc: 88.46%
Batch 445/2797, Loss: 0.3119, Train Acc: 88.43%
Batch 450/2797, Loss: 0.3120, Train Acc: 88.41%
Batch 455/2797, Loss: 0.3121, Train Acc: 88.40%
Batch 460/2797, Loss: 0.3118, Train Acc: 88.40%
Batch 465/2797, Loss: 0.3119, Train Acc: 88.39%
Batch 470/2797, Loss: 0.3121, Train Acc: 88.40%
Batch 475/2797, Loss: 0.3121, Train Acc: 88.39%
Batch 480/2797, Loss: 0.3121, Train Acc: 88.38%
Batch 485/2797, Loss: 0.3119, Train Acc: 88.40%
Batch 490/2797, Loss: 0.3119, Train Acc: 88.39%
Batch 495/2797, Loss: 0.3118, Train Acc: 88.39%
Batch 500/2797, Loss: 0.3119, Train Acc: 88.37%
Batch 505/2797, Loss: 0.3120, Train Acc: 88.36%
Batch 510/2797, Loss: 0.3120, Train Acc: 88.36%
Batch 515/2797, Loss: 0.3121, Train Acc: 88.37%
Batch 520/2797, Loss: 0.3117, Train Acc: 88.38%
Batch 525/2797, Loss: 0.3125, Train Acc: 88.36%
Batch 530/2797, Loss: 0.3128, Train Acc: 88.35%
Batch 535/2797, Loss: 0.3125, Train Acc: 88.37%
Batch 540/2797, Loss: 0.3123, Train Acc: 88.36%
Batch 545/2797, Loss: 0.3121, Train Acc: 88.38%
Batch 550/2797, Loss: 0.3119, Train Acc: 88.40%
Batch 555/2797, Loss: 0.3122, Train Acc: 88.40%
Batch 560/2797, Loss: 0.3125, Train Acc: 88.40%
Batch 565/2797, Loss: 0.3124, Train Acc: 88.40%
Batch 570/2797, Loss: 0.3127, Train Acc: 88.40%
Batch 575/2797, Loss: 0.3125, Train Acc: 88.40%
Batch 580/2797, Loss: 0.3125, Train Acc: 88.41%
Batch 585/2797, Loss: 0.3123, Train Acc: 88.41%
Batch 590/2797, Loss: 0.3123, Train Acc: 88.41%
Batch 595/2797, Loss: 0.3121, Train Acc: 88.42%
Batch 600/2797, Loss: 0.3120, Train Acc: 88.43%
Batch 605/2797, Loss: 0.3119, Train Acc: 88.43%
Batch 610/2797, Loss: 0.3116, Train Acc: 88.44%
Batch 615/2797, Loss: 0.3116, Train Acc: 88.44%
Batch 620/2797, Loss: 0.3118, Train Acc: 88.42%
Batch 625/2797, Loss: 0.3121, Train Acc: 88.39%
Batch 630/2797, Loss: 0.3119, Train Acc: 88.39%
Batch 635/2797, Loss: 0.3118, Train Acc: 88.40%
Batch 640/2797, Loss: 0.3115, Train Acc: 88.40%
Batch 645/2797, Loss: 0.3115, Train Acc: 88.40%
Batch 650/2797, Loss: 0.3115, Train Acc: 88.41%
Batch 655/2797, Loss: 0.3114, Train Acc: 88.41%
Batch 660/2797, Loss: 0.3115, Train Acc: 88.41%
Batch 665/2797, Loss: 0.3112, Train Acc: 88.42%
Batch 670/2797, Loss: 0.3112, Train Acc: 88.42%
Batch 675/2797, Loss: 0.3110, Train Acc: 88.42%
Batch 680/2797, Loss: 0.3109, Train Acc: 88.43%
Batch 685/2797, Loss: 0.3110, Train Acc: 88.42%
Batch 690/2797, Loss: 0.3110, Train Acc: 88.41%
Batch 695/2797, Loss: 0.3109, Train Acc: 88.42%
Batch 700/2797, Loss: 0.3104, Train Acc: 88.44%
Batch 705/2797, Loss: 0.3102, Train Acc: 88.46%
Batch 710/2797, Loss: 0.3103, Train Acc: 88.45%
Batch 715/2797, Loss: 0.3100, Train Acc: 88.45%
Batch 720/2797, Loss: 0.3097, Train Acc: 88.46%
Batch 725/2797, Loss: 0.3095, Train Acc: 88.46%
Batch 730/2797, Loss: 0.3093, Train Acc: 88.46%
Batch 735/2797, Loss: 0.3094, Train Acc: 88.47%
Batch 740/2797, Loss: 0.3094, Train Acc: 88.47%
Batch 745/2797, Loss: 0.3093, Train Acc: 88.47%
Batch 750/2797, Loss: 0.3092, Train Acc: 88.48%
Batch 755/2797, Loss: 0.3090, Train Acc: 88.48%
Batch 760/2797, Loss: 0.3089, Train Acc: 88.49%
Batch 765/2797, Loss: 0.3087, Train Acc: 88.49%
Batch 770/2797, Loss: 0.3088, Train Acc: 88.48%
Batch 775/2797, Loss: 0.3086, Train Acc: 88.48%
Batch 780/2797, Loss: 0.3087, Train Acc: 88.47%
Batch 785/2797, Loss: 0.3083, Train Acc: 88.49%
Batch 790/2797, Loss: 0.3083, Train Acc: 88.48%
Batch 795/2797, Loss: 0.3082, Train Acc: 88.48%
Batch 800/2797, Loss: 0.3082, Train Acc: 88.48%
Batch 805/2797, Loss: 0.3080, Train Acc: 88.49%
Batch 810/2797, Loss: 0.3078, Train Acc: 88.50%
Batch 815/2797, Loss: 0.3076, Train Acc: 88.51%
Batch 820/2797, Loss: 0.3076, Train Acc: 88.51%
Batch 825/2797, Loss: 0.3076, Train Acc: 88.51%
Batch 830/2797, Loss: 0.3077, Train Acc: 88.51%
Batch 835/2797, Loss: 0.3075, Train Acc: 88.52%
Batch 840/2797, Loss: 0.3076, Train Acc: 88.52%
Batch 845/2797, Loss: 0.3075, Train Acc: 88.53%
Batch 850/2797, Loss: 0.3073, Train Acc: 88.54%
Batch 855/2797, Loss: 0.3072, Train Acc: 88.54%
Batch 860/2797, Loss: 0.3072, Train Acc: 88.54%
Batch 865/2797, Loss: 0.3070, Train Acc: 88.54%
Batch 870/2797, Loss: 0.3068, Train Acc: 88.55%
Batch 875/2797, Loss: 0.3065, Train Acc: 88.56%
Batch 880/2797, Loss: 0.3064, Train Acc: 88.56%
Batch 885/2797, Loss: 0.3061, Train Acc: 88.57%
Batch 890/2797, Loss: 0.3061, Train Acc: 88.57%
Batch 895/2797, Loss: 0.3058, Train Acc: 88.59%
Batch 900/2797, Loss: 0.3059, Train Acc: 88.58%
Batch 905/2797, Loss: 0.3059, Train Acc: 88.59%
Batch 910/2797, Loss: 0.3059, Train Acc: 88.58%
Batch 915/2797, Loss: 0.3060, Train Acc: 88.57%
Batch 920/2797, Loss: 0.3059, Train Acc: 88.58%
Batch 925/2797, Loss: 0.3059, Train Acc: 88.57%
Batch 930/2797, Loss: 0.3057, Train Acc: 88.58%
Batch 935/2797, Loss: 0.3054, Train Acc: 88.59%
Batch 940/2797, Loss: 0.3057, Train Acc: 88.59%
Batch 945/2797, Loss: 0.3057, Train Acc: 88.60%
Batch 950/2797, Loss: 0.3056, Train Acc: 88.60%
Batch 955/2797, Loss: 0.3055, Train Acc: 88.60%
Batch 960/2797, Loss: 0.3057, Train Acc: 88.59%
Batch 965/2797, Loss: 0.3058, Train Acc: 88.59%
Batch 970/2797, Loss: 0.3056, Train Acc: 88.60%
Batch 975/2797, Loss: 0.3056, Train Acc: 88.60%
Batch 980/2797, Loss: 0.3055, Train Acc: 88.60%
Batch 985/2797, Loss: 0.3053, Train Acc: 88.62%
Batch 990/2797, Loss: 0.3051, Train Acc: 88.62%
Batch 995/2797, Loss: 0.3050, Train Acc: 88.63%
Batch 1000/2797, Loss: 0.3051, Train Acc: 88.62%
Batch 1005/2797, Loss: 0.3050, Train Acc: 88.63%
Batch 1010/2797, Loss: 0.3050, Train Acc: 88.62%
Batch 1015/2797, Loss: 0.3050, Train Acc: 88.62%
Batch 1020/2797, Loss: 0.3048, Train Acc: 88.63%
Batch 1025/2797, Loss: 0.3048, Train Acc: 88.63%
Batch 1030/2797, Loss: 0.3045, Train Acc: 88.64%
Batch 1035/2797, Loss: 0.3046, Train Acc: 88.63%
Batch 1040/2797, Loss: 0.3046, Train Acc: 88.63%
Batch 1045/2797, Loss: 0.3045, Train Acc: 88.64%
Batch 1050/2797, Loss: 0.3045, Train Acc: 88.63%
Batch 1055/2797, Loss: 0.3044, Train Acc: 88.64%
Batch 1060/2797, Loss: 0.3045, Train Acc: 88.64%
Batch 1065/2797, Loss: 0.3046, Train Acc: 88.63%
Batch 1070/2797, Loss: 0.3047, Train Acc: 88.62%
Batch 1075/2797, Loss: 0.3044, Train Acc: 88.62%
Batch 1080/2797, Loss: 0.3043, Train Acc: 88.63%
Batch 1085/2797, Loss: 0.3043, Train Acc: 88.63%
Batch 1090/2797, Loss: 0.3043, Train Acc: 88.63%
Batch 1095/2797, Loss: 0.3042, Train Acc: 88.63%
Batch 1100/2797, Loss: 0.3041, Train Acc: 88.64%
Batch 1105/2797, Loss: 0.3042, Train Acc: 88.64%
Batch 1110/2797, Loss: 0.3041, Train Acc: 88.63%
Batch 1115/2797, Loss: 0.3040, Train Acc: 88.64%
Batch 1120/2797, Loss: 0.3043, Train Acc: 88.63%
Batch 1125/2797, Loss: 0.3043, Train Acc: 88.63%
Batch 1130/2797, Loss: 0.3045, Train Acc: 88.62%
Batch 1135/2797, Loss: 0.3047, Train Acc: 88.61%
Batch 1140/2797, Loss: 0.3051, Train Acc: 88.60%
Batch 1145/2797, Loss: 0.3051, Train Acc: 88.59%
Batch 1150/2797, Loss: 0.3049, Train Acc: 88.61%
Batch 1155/2797, Loss: 0.3049, Train Acc: 88.61%
Batch 1160/2797, Loss: 0.3050, Train Acc: 88.61%
Batch 1165/2797, Loss: 0.3049, Train Acc: 88.61%
Batch 1170/2797, Loss: 0.3049, Train Acc: 88.61%
Batch 1175/2797, Loss: 0.3051, Train Acc: 88.60%
Batch 1180/2797, Loss: 0.3051, Train Acc: 88.60%
Batch 1185/2797, Loss: 0.3050, Train Acc: 88.60%
Batch 1190/2797, Loss: 0.3049, Train Acc: 88.61%
Batch 1195/2797, Loss: 0.3050, Train Acc: 88.61%
Batch 1200/2797, Loss: 0.3053, Train Acc: 88.60%
Batch 1205/2797, Loss: 0.3053, Train Acc: 88.60%
Batch 1210/2797, Loss: 0.3051, Train Acc: 88.61%
Batch 1215/2797, Loss: 0.3051, Train Acc: 88.61%
Batch 1220/2797, Loss: 0.3049, Train Acc: 88.61%
Batch 1225/2797, Loss: 0.3050, Train Acc: 88.61%
Batch 1230/2797, Loss: 0.3049, Train Acc: 88.62%
Batch 1235/2797, Loss: 0.3049, Train Acc: 88.61%
Batch 1240/2797, Loss: 0.3048, Train Acc: 88.62%
Batch 1245/2797, Loss: 0.3048, Train Acc: 88.62%
Batch 1250/2797, Loss: 0.3048, Train Acc: 88.62%
Batch 1255/2797, Loss: 0.3049, Train Acc: 88.61%
Batch 1260/2797, Loss: 0.3049, Train Acc: 88.61%
Batch 1265/2797, Loss: 0.3050, Train Acc: 88.61%
Batch 1270/2797, Loss: 0.3048, Train Acc: 88.62%
Batch 1275/2797, Loss: 0.3047, Train Acc: 88.63%
Batch 1280/2797, Loss: 0.3045, Train Acc: 88.63%
Batch 1285/2797, Loss: 0.3046, Train Acc: 88.62%
Batch 1290/2797, Loss: 0.3049, Train Acc: 88.62%
Batch 1295/2797, Loss: 0.3048, Train Acc: 88.62%
Batch 1300/2797, Loss: 0.3047, Train Acc: 88.62%
Batch 1305/2797, Loss: 0.3047, Train Acc: 88.62%
Batch 1310/2797, Loss: 0.3047, Train Acc: 88.62%
Batch 1315/2797, Loss: 0.3047, Train Acc: 88.62%
Batch 1320/2797, Loss: 0.3047, Train Acc: 88.63%
Batch 1325/2797, Loss: 0.3049, Train Acc: 88.62%
Batch 1330/2797, Loss: 0.3048, Train Acc: 88.62%
Batch 1335/2797, Loss: 0.3049, Train Acc: 88.62%
Batch 1340/2797, Loss: 0.3050, Train Acc: 88.62%
Batch 1345/2797, Loss: 0.3050, Train Acc: 88.61%
Batch 1350/2797, Loss: 0.3049, Train Acc: 88.61%
Batch 1355/2797, Loss: 0.3049, Train Acc: 88.61%
Batch 1360/2797, Loss: 0.3050, Train Acc: 88.61%
Batch 1365/2797, Loss: 0.3048, Train Acc: 88.62%
Batch 1370/2797, Loss: 0.3046, Train Acc: 88.63%
Batch 1375/2797, Loss: 0.3047, Train Acc: 88.62%
Batch 1380/2797, Loss: 0.3046, Train Acc: 88.62%
Batch 1385/2797, Loss: 0.3046, Train Acc: 88.62%
Batch 1390/2797, Loss: 0.3047, Train Acc: 88.62%
Batch 1395/2797, Loss: 0.3046, Train Acc: 88.62%
Batch 1400/2797, Loss: 0.3046, Train Acc: 88.62%
Batch 1405/2797, Loss: 0.3045, Train Acc: 88.62%
Batch 1410/2797, Loss: 0.3043, Train Acc: 88.63%
Batch 1415/2797, Loss: 0.3043, Train Acc: 88.64%
Batch 1420/2797, Loss: 0.3042, Train Acc: 88.64%
Batch 1425/2797, Loss: 0.3040, Train Acc: 88.65%
Batch 1430/2797, Loss: 0.3039, Train Acc: 88.65%
Batch 1435/2797, Loss: 0.3039, Train Acc: 88.66%
Batch 1440/2797, Loss: 0.3040, Train Acc: 88.65%
Batch 1445/2797, Loss: 0.3039, Train Acc: 88.65%
Batch 1450/2797, Loss: 0.3039, Train Acc: 88.65%
Batch 1455/2797, Loss: 0.3038, Train Acc: 88.66%
Batch 1460/2797, Loss: 0.3040, Train Acc: 88.65%
Batch 1465/2797, Loss: 0.3040, Train Acc: 88.65%
Batch 1470/2797, Loss: 0.3041, Train Acc: 88.65%
Batch 1475/2797, Loss: 0.3040, Train Acc: 88.65%
Batch 1480/2797, Loss: 0.3041, Train Acc: 88.65%
Batch 1485/2797, Loss: 0.3041, Train Acc: 88.65%
Batch 1490/2797, Loss: 0.3040, Train Acc: 88.65%
Batch 1495/2797, Loss: 0.3040, Train Acc: 88.65%
Batch 1500/2797, Loss: 0.3039, Train Acc: 88.65%
Batch 1505/2797, Loss: 0.3039, Train Acc: 88.65%
Batch 1510/2797, Loss: 0.3039, Train Acc: 88.65%
Batch 1515/2797, Loss: 0.3041, Train Acc: 88.64%
Batch 1520/2797, Loss: 0.3041, Train Acc: 88.63%
Batch 1525/2797, Loss: 0.3039, Train Acc: 88.64%
Batch 1530/2797, Loss: 0.3041, Train Acc: 88.64%
Batch 1535/2797, Loss: 0.3042, Train Acc: 88.63%
Batch 1540/2797, Loss: 0.3041, Train Acc: 88.63%
Batch 1545/2797, Loss: 0.3041, Train Acc: 88.63%
Batch 1550/2797, Loss: 0.3041, Train Acc: 88.63%
Batch 1555/2797, Loss: 0.3041, Train Acc: 88.63%
Batch 1560/2797, Loss: 0.3040, Train Acc: 88.63%
Batch 1565/2797, Loss: 0.3040, Train Acc: 88.63%
Batch 1570/2797, Loss: 0.3040, Train Acc: 88.63%
Batch 1575/2797, Loss: 0.3040, Train Acc: 88.63%
Batch 1580/2797, Loss: 0.3038, Train Acc: 88.64%
Batch 1585/2797, Loss: 0.3038, Train Acc: 88.64%
Batch 1590/2797, Loss: 0.3037, Train Acc: 88.65%
Batch 1595/2797, Loss: 0.3036, Train Acc: 88.65%
Batch 1600/2797, Loss: 0.3037, Train Acc: 88.65%
Batch 1605/2797, Loss: 0.3035, Train Acc: 88.65%
Batch 1610/2797, Loss: 0.3035, Train Acc: 88.65%
Batch 1615/2797, Loss: 0.3034, Train Acc: 88.66%
Batch 1620/2797, Loss: 0.3034, Train Acc: 88.65%
Batch 1625/2797, Loss: 0.3034, Train Acc: 88.65%
Batch 1630/2797, Loss: 0.3033, Train Acc: 88.65%
Batch 1635/2797, Loss: 0.3032, Train Acc: 88.66%
Batch 1640/2797, Loss: 0.3034, Train Acc: 88.65%
Batch 1645/2797, Loss: 0.3034, Train Acc: 88.65%
Batch 1650/2797, Loss: 0.3033, Train Acc: 88.66%
Batch 1655/2797, Loss: 0.3033, Train Acc: 88.66%
Batch 1660/2797, Loss: 0.3033, Train Acc: 88.66%
Batch 1665/2797, Loss: 0.3033, Train Acc: 88.66%
Batch 1670/2797, Loss: 0.3032, Train Acc: 88.67%
Batch 1675/2797, Loss: 0.3032, Train Acc: 88.67%
Batch 1680/2797, Loss: 0.3032, Train Acc: 88.67%
Batch 1685/2797, Loss: 0.3032, Train Acc: 88.67%
Batch 1690/2797, Loss: 0.3031, Train Acc: 88.67%
Batch 1695/2797, Loss: 0.3031, Train Acc: 88.67%
Batch 1700/2797, Loss: 0.3031, Train Acc: 88.68%
Batch 1705/2797, Loss: 0.3032, Train Acc: 88.68%
Batch 1710/2797, Loss: 0.3031, Train Acc: 88.68%
Batch 1715/2797, Loss: 0.3031, Train Acc: 88.68%
Batch 1720/2797, Loss: 0.3029, Train Acc: 88.69%
Batch 1725/2797, Loss: 0.3027, Train Acc: 88.70%
Batch 1730/2797, Loss: 0.3027, Train Acc: 88.70%
Batch 1735/2797, Loss: 0.3026, Train Acc: 88.70%
Batch 1740/2797, Loss: 0.3027, Train Acc: 88.69%
Batch 1745/2797, Loss: 0.3027, Train Acc: 88.70%
Batch 1750/2797, Loss: 0.3026, Train Acc: 88.70%
Batch 1755/2797, Loss: 0.3024, Train Acc: 88.71%
Batch 1760/2797, Loss: 0.3024, Train Acc: 88.70%
Batch 1765/2797, Loss: 0.3024, Train Acc: 88.70%
Batch 1770/2797, Loss: 0.3023, Train Acc: 88.70%
Batch 1775/2797, Loss: 0.3023, Train Acc: 88.71%
Batch 1780/2797, Loss: 0.3023, Train Acc: 88.70%
Batch 1785/2797, Loss: 0.3022, Train Acc: 88.70%
Batch 1790/2797, Loss: 0.3022, Train Acc: 88.71%
Batch 1795/2797, Loss: 0.3022, Train Acc: 88.71%
Batch 1800/2797, Loss: 0.3022, Train Acc: 88.71%
Batch 1805/2797, Loss: 0.3022, Train Acc: 88.71%
Batch 1810/2797, Loss: 0.3021, Train Acc: 88.71%
Batch 1815/2797, Loss: 0.3021, Train Acc: 88.72%
Batch 1820/2797, Loss: 0.3022, Train Acc: 88.71%
Batch 1825/2797, Loss: 0.3022, Train Acc: 88.71%
Batch 1830/2797, Loss: 0.3022, Train Acc: 88.71%
Batch 1835/2797, Loss: 0.3022, Train Acc: 88.72%
Batch 1840/2797, Loss: 0.3021, Train Acc: 88.72%
Batch 1845/2797, Loss: 0.3021, Train Acc: 88.72%
Batch 1850/2797, Loss: 0.3020, Train Acc: 88.72%
Batch 1855/2797, Loss: 0.3019, Train Acc: 88.73%
Batch 1860/2797, Loss: 0.3020, Train Acc: 88.72%
Batch 1865/2797, Loss: 0.3019, Train Acc: 88.73%
Batch 1870/2797, Loss: 0.3018, Train Acc: 88.73%
Batch 1875/2797, Loss: 0.3018, Train Acc: 88.73%
Batch 1880/2797, Loss: 0.3018, Train Acc: 88.73%
Batch 1885/2797, Loss: 0.3017, Train Acc: 88.73%
Batch 1890/2797, Loss: 0.3016, Train Acc: 88.74%
Batch 1895/2797, Loss: 0.3016, Train Acc: 88.74%
Batch 1900/2797, Loss: 0.3015, Train Acc: 88.74%
Batch 1905/2797, Loss: 0.3015, Train Acc: 88.74%
Batch 1910/2797, Loss: 0.3014, Train Acc: 88.74%
Batch 1915/2797, Loss: 0.3015, Train Acc: 88.74%
Batch 1920/2797, Loss: 0.3014, Train Acc: 88.74%
Batch 1925/2797, Loss: 0.3014, Train Acc: 88.75%
Batch 1930/2797, Loss: 0.3014, Train Acc: 88.74%
Batch 1935/2797, Loss: 0.3013, Train Acc: 88.75%
Batch 1940/2797, Loss: 0.3013, Train Acc: 88.75%
Batch 1945/2797, Loss: 0.3012, Train Acc: 88.75%
Batch 1950/2797, Loss: 0.3014, Train Acc: 88.75%
Batch 1955/2797, Loss: 0.3015, Train Acc: 88.74%
Batch 1960/2797, Loss: 0.3014, Train Acc: 88.75%
Batch 1965/2797, Loss: 0.3014, Train Acc: 88.75%
Batch 1970/2797, Loss: 0.3015, Train Acc: 88.74%
Batch 1975/2797, Loss: 0.3014, Train Acc: 88.75%
Batch 1980/2797, Loss: 0.3013, Train Acc: 88.75%
Batch 1985/2797, Loss: 0.3013, Train Acc: 88.75%
Batch 1990/2797, Loss: 0.3013, Train Acc: 88.75%
Batch 1995/2797, Loss: 0.3012, Train Acc: 88.75%
Batch 2000/2797, Loss: 0.3013, Train Acc: 88.75%
Batch 2005/2797, Loss: 0.3013, Train Acc: 88.75%
Batch 2010/2797, Loss: 0.3014, Train Acc: 88.75%
Batch 2015/2797, Loss: 0.3014, Train Acc: 88.76%
Batch 2020/2797, Loss: 0.3013, Train Acc: 88.76%
Batch 2025/2797, Loss: 0.3013, Train Acc: 88.76%
Batch 2030/2797, Loss: 0.3013, Train Acc: 88.76%
Batch 2035/2797, Loss: 0.3014, Train Acc: 88.76%
Batch 2040/2797, Loss: 0.3013, Train Acc: 88.76%
Batch 2045/2797, Loss: 0.3014, Train Acc: 88.76%
Batch 2050/2797, Loss: 0.3013, Train Acc: 88.76%
Batch 2055/2797, Loss: 0.3014, Train Acc: 88.76%
Batch 2060/2797, Loss: 0.3015, Train Acc: 88.76%
Batch 2065/2797, Loss: 0.3015, Train Acc: 88.76%
Batch 2070/2797, Loss: 0.3015, Train Acc: 88.76%
Batch 2075/2797, Loss: 0.3013, Train Acc: 88.76%
Batch 2080/2797, Loss: 0.3013, Train Acc: 88.76%
Batch 2085/2797, Loss: 0.3012, Train Acc: 88.77%
Batch 2090/2797, Loss: 0.3012, Train Acc: 88.77%
Batch 2095/2797, Loss: 0.3012, Train Acc: 88.77%
Batch 2100/2797, Loss: 0.3013, Train Acc: 88.77%
Batch 2105/2797, Loss: 0.3014, Train Acc: 88.77%
Batch 2110/2797, Loss: 0.3013, Train Acc: 88.77%
Batch 2115/2797, Loss: 0.3014, Train Acc: 88.76%
Batch 2120/2797, Loss: 0.3014, Train Acc: 88.76%
Batch 2125/2797, Loss: 0.3016, Train Acc: 88.76%
Batch 2130/2797, Loss: 0.3014, Train Acc: 88.77%
Batch 2135/2797, Loss: 0.3014, Train Acc: 88.77%
Batch 2140/2797, Loss: 0.3014, Train Acc: 88.77%
Batch 2145/2797, Loss: 0.3015, Train Acc: 88.77%
Batch 2150/2797, Loss: 0.3014, Train Acc: 88.77%
Batch 2155/2797, Loss: 0.3014, Train Acc: 88.77%
Batch 2160/2797, Loss: 0.3014, Train Acc: 88.77%
Batch 2165/2797, Loss: 0.3013, Train Acc: 88.77%
Batch 2170/2797, Loss: 0.3013, Train Acc: 88.77%
Batch 2175/2797, Loss: 0.3013, Train Acc: 88.77%
Batch 2180/2797, Loss: 0.3013, Train Acc: 88.77%
Batch 2185/2797, Loss: 0.3014, Train Acc: 88.77%
Batch 2190/2797, Loss: 0.3014, Train Acc: 88.76%
Batch 2195/2797, Loss: 0.3014, Train Acc: 88.76%
Batch 2200/2797, Loss: 0.3012, Train Acc: 88.77%
Batch 2205/2797, Loss: 0.3012, Train Acc: 88.77%
Batch 2210/2797, Loss: 0.3012, Train Acc: 88.77%
Batch 2215/2797, Loss: 0.3011, Train Acc: 88.77%
Batch 2220/2797, Loss: 0.3010, Train Acc: 88.78%
Batch 2225/2797, Loss: 0.3011, Train Acc: 88.78%
Batch 2230/2797, Loss: 0.3011, Train Acc: 88.77%
Batch 2235/2797, Loss: 0.3012, Train Acc: 88.77%
Batch 2240/2797, Loss: 0.3012, Train Acc: 88.77%
Batch 2245/2797, Loss: 0.3012, Train Acc: 88.77%
Batch 2250/2797, Loss: 0.3012, Train Acc: 88.77%
Batch 2255/2797, Loss: 0.3011, Train Acc: 88.77%
Batch 2260/2797, Loss: 0.3011, Train Acc: 88.77%
Batch 2265/2797, Loss: 0.3011, Train Acc: 88.77%
Batch 2270/2797, Loss: 0.3010, Train Acc: 88.78%
Batch 2275/2797, Loss: 0.3010, Train Acc: 88.78%
Batch 2280/2797, Loss: 0.3008, Train Acc: 88.78%
Batch 2285/2797, Loss: 0.3008, Train Acc: 88.78%
Batch 2290/2797, Loss: 0.3008, Train Acc: 88.78%
Batch 2295/2797, Loss: 0.3008, Train Acc: 88.78%
Batch 2300/2797, Loss: 0.3008, Train Acc: 88.78%
Batch 2305/2797, Loss: 0.3008, Train Acc: 88.78%
Batch 2310/2797, Loss: 0.3008, Train Acc: 88.77%
Batch 2315/2797, Loss: 0.3008, Train Acc: 88.78%
Batch 2320/2797, Loss: 0.3008, Train Acc: 88.78%
Batch 2325/2797, Loss: 0.3008, Train Acc: 88.78%
Batch 2330/2797, Loss: 0.3006, Train Acc: 88.78%
Batch 2335/2797, Loss: 0.3006, Train Acc: 88.78%
Batch 2340/2797, Loss: 0.3006, Train Acc: 88.79%
Batch 2345/2797, Loss: 0.3005, Train Acc: 88.79%
Batch 2350/2797, Loss: 0.3003, Train Acc: 88.79%
Batch 2355/2797, Loss: 0.3003, Train Acc: 88.80%
Batch 2360/2797, Loss: 0.3003, Train Acc: 88.80%
Batch 2365/2797, Loss: 0.3003, Train Acc: 88.80%
Batch 2370/2797, Loss: 0.3003, Train Acc: 88.79%
Batch 2375/2797, Loss: 0.3003, Train Acc: 88.80%
Batch 2380/2797, Loss: 0.3004, Train Acc: 88.79%
Batch 2385/2797, Loss: 0.3004, Train Acc: 88.79%
Batch 2390/2797, Loss: 0.3004, Train Acc: 88.80%
Batch 2395/2797, Loss: 0.3004, Train Acc: 88.80%
Batch 2400/2797, Loss: 0.3003, Train Acc: 88.80%
Batch 2405/2797, Loss: 0.3002, Train Acc: 88.80%
Batch 2410/2797, Loss: 0.3002, Train Acc: 88.80%
Batch 2415/2797, Loss: 0.3002, Train Acc: 88.80%
Batch 2420/2797, Loss: 0.3002, Train Acc: 88.80%
Batch 2425/2797, Loss: 0.3002, Train Acc: 88.80%
Batch 2430/2797, Loss: 0.3001, Train Acc: 88.80%
Batch 2435/2797, Loss: 0.3001, Train Acc: 88.80%
Batch 2440/2797, Loss: 0.3000, Train Acc: 88.81%
Batch 2445/2797, Loss: 0.3001, Train Acc: 88.80%
Batch 2450/2797, Loss: 0.3000, Train Acc: 88.81%
Batch 2455/2797, Loss: 0.3000, Train Acc: 88.81%
Batch 2460/2797, Loss: 0.2999, Train Acc: 88.81%
Batch 2465/2797, Loss: 0.3000, Train Acc: 88.81%
Batch 2470/2797, Loss: 0.3000, Train Acc: 88.81%
Batch 2475/2797, Loss: 0.2999, Train Acc: 88.81%
Batch 2480/2797, Loss: 0.2999, Train Acc: 88.82%
Batch 2485/2797, Loss: 0.2999, Train Acc: 88.82%
Batch 2490/2797, Loss: 0.3005, Train Acc: 88.82%
Batch 2495/2797, Loss: 0.3005, Train Acc: 88.82%
Batch 2500/2797, Loss: 0.3004, Train Acc: 88.82%
Batch 2505/2797, Loss: 0.3004, Train Acc: 88.82%
Batch 2510/2797, Loss: 0.3003, Train Acc: 88.83%
Batch 2515/2797, Loss: 0.3003, Train Acc: 88.83%
Batch 2520/2797, Loss: 0.3003, Train Acc: 88.83%
Batch 2525/2797, Loss: 0.3003, Train Acc: 88.83%
Batch 2530/2797, Loss: 0.3003, Train Acc: 88.83%
Batch 2535/2797, Loss: 0.3003, Train Acc: 88.82%
Batch 2540/2797, Loss: 0.3003, Train Acc: 88.83%
Batch 2545/2797, Loss: 0.3003, Train Acc: 88.83%
Batch 2550/2797, Loss: 0.3003, Train Acc: 88.82%
Batch 2555/2797, Loss: 0.3003, Train Acc: 88.83%
Batch 2560/2797, Loss: 0.3003, Train Acc: 88.83%
Batch 2565/2797, Loss: 0.3003, Train Acc: 88.82%
Batch 2570/2797, Loss: 0.3003, Train Acc: 88.82%
Batch 2575/2797, Loss: 0.3003, Train Acc: 88.82%
Batch 2580/2797, Loss: 0.3003, Train Acc: 88.83%
Batch 2585/2797, Loss: 0.3002, Train Acc: 88.82%
Batch 2590/2797, Loss: 0.3003, Train Acc: 88.82%
Batch 2595/2797, Loss: 0.3003, Train Acc: 88.82%
Batch 2600/2797, Loss: 0.3003, Train Acc: 88.83%
Batch 2605/2797, Loss: 0.3003, Train Acc: 88.83%
Batch 2610/2797, Loss: 0.3003, Train Acc: 88.83%
Batch 2615/2797, Loss: 0.3003, Train Acc: 88.83%
Batch 2620/2797, Loss: 0.3002, Train Acc: 88.83%
Batch 2625/2797, Loss: 0.3001, Train Acc: 88.84%
Batch 2630/2797, Loss: 0.3002, Train Acc: 88.84%
Batch 2635/2797, Loss: 0.3001, Train Acc: 88.84%
Batch 2640/2797, Loss: 0.3002, Train Acc: 88.84%
Batch 2645/2797, Loss: 0.3002, Train Acc: 88.84%
Batch 2650/2797, Loss: 0.3001, Train Acc: 88.84%
Batch 2655/2797, Loss: 0.3001, Train Acc: 88.84%
Batch 2660/2797, Loss: 0.3002, Train Acc: 88.84%
Batch 2665/2797, Loss: 0.3001, Train Acc: 88.84%
Batch 2670/2797, Loss: 0.3001, Train Acc: 88.84%
Batch 2675/2797, Loss: 0.3001, Train Acc: 88.84%
Batch 2680/2797, Loss: 0.3001, Train Acc: 88.83%
Batch 2685/2797, Loss: 0.3001, Train Acc: 88.83%
Batch 2690/2797, Loss: 0.3000, Train Acc: 88.84%
Batch 2695/2797, Loss: 0.3000, Train Acc: 88.84%
Batch 2700/2797, Loss: 0.2999, Train Acc: 88.84%
Batch 2705/2797, Loss: 0.2999, Train Acc: 88.84%
Batch 2710/2797, Loss: 0.2999, Train Acc: 88.84%
Batch 2715/2797, Loss: 0.2999, Train Acc: 88.84%
Batch 2720/2797, Loss: 0.2998, Train Acc: 88.84%
Batch 2725/2797, Loss: 0.2998, Train Acc: 88.85%
Batch 2730/2797, Loss: 0.2997, Train Acc: 88.85%
Batch 2735/2797, Loss: 0.2996, Train Acc: 88.85%
Batch 2740/2797, Loss: 0.2997, Train Acc: 88.85%
Batch 2745/2797, Loss: 0.2997, Train Acc: 88.85%
Batch 2750/2797, Loss: 0.2997, Train Acc: 88.85%
Batch 2755/2797, Loss: 0.2996, Train Acc: 88.85%
Batch 2760/2797, Loss: 0.2996, Train Acc: 88.85%
Batch 2765/2797, Loss: 0.2995, Train Acc: 88.85%
Batch 2770/2797, Loss: 0.2994, Train Acc: 88.86%
Batch 2775/2797, Loss: 0.2993, Train Acc: 88.86%
Batch 2780/2797, Loss: 0.2993, Train Acc: 88.86%
Batch 2785/2797, Loss: 0.2993, Train Acc: 88.86%
Batch 2790/2797, Loss: 0.2993, Train Acc: 88.86%
Batch 2795/2797, Loss: 0.2993, Train Acc: 88.86%
Learning Rate: 0.001200
Epoch 5/50, Average Loss: 0.2993, Train Accuracy: 88.86%
Validation Batch 5/700, Validation Accuracy: 89.38%
Validation Batch 10/700, Validation Accuracy: 88.44%
Validation Batch 15/700, Validation Accuracy: 88.28%
Validation Batch 20/700, Validation Accuracy: 87.89%
Validation Batch 25/700, Validation Accuracy: 88.09%
Validation Batch 30/700, Validation Accuracy: 88.02%
Validation Batch 35/700, Validation Accuracy: 88.10%
Validation Batch 40/700, Validation Accuracy: 87.93%
Validation Batch 45/700, Validation Accuracy: 88.14%
Validation Batch 50/700, Validation Accuracy: 88.17%
Validation Batch 55/700, Validation Accuracy: 88.15%
Validation Batch 60/700, Validation Accuracy: 88.06%
Validation Batch 65/700, Validation Accuracy: 88.00%
Validation Batch 70/700, Validation Accuracy: 87.96%
Validation Batch 75/700, Validation Accuracy: 87.92%
Validation Batch 80/700, Validation Accuracy: 87.75%
Validation Batch 85/700, Validation Accuracy: 87.79%
Validation Batch 90/700, Validation Accuracy: 87.72%
Validation Batch 95/700, Validation Accuracy: 87.68%
Validation Batch 100/700, Validation Accuracy: 87.63%
Validation Batch 105/700, Validation Accuracy: 87.66%
Validation Batch 110/700, Validation Accuracy: 87.61%
Validation Batch 115/700, Validation Accuracy: 87.56%
Validation Batch 120/700, Validation Accuracy: 87.53%
Validation Batch 125/700, Validation Accuracy: 87.56%
Validation Batch 130/700, Validation Accuracy: 87.48%
Validation Batch 135/700, Validation Accuracy: 87.45%
Validation Batch 140/700, Validation Accuracy: 87.44%
Validation Batch 145/700, Validation Accuracy: 87.48%
Validation Batch 150/700, Validation Accuracy: 87.56%
Validation Batch 155/700, Validation Accuracy: 87.57%
Validation Batch 160/700, Validation Accuracy: 87.56%
Validation Batch 165/700, Validation Accuracy: 87.59%
Validation Batch 170/700, Validation Accuracy: 87.61%
Validation Batch 175/700, Validation Accuracy: 87.62%
Validation Batch 180/700, Validation Accuracy: 87.63%
Validation Batch 185/700, Validation Accuracy: 87.59%
Validation Batch 190/700, Validation Accuracy: 87.60%
Validation Batch 195/700, Validation Accuracy: 87.56%
Validation Batch 200/700, Validation Accuracy: 87.57%
Validation Batch 205/700, Validation Accuracy: 87.59%
Validation Batch 210/700, Validation Accuracy: 87.57%
Validation Batch 215/700, Validation Accuracy: 87.61%
Validation Batch 220/700, Validation Accuracy: 87.58%
Validation Batch 225/700, Validation Accuracy: 87.61%
Validation Batch 230/700, Validation Accuracy: 87.62%
Validation Batch 235/700, Validation Accuracy: 87.64%
Validation Batch 240/700, Validation Accuracy: 87.66%
Validation Batch 245/700, Validation Accuracy: 87.68%
Validation Batch 250/700, Validation Accuracy: 87.66%
Validation Batch 255/700, Validation Accuracy: 87.68%
Validation Batch 260/700, Validation Accuracy: 87.70%
Validation Batch 265/700, Validation Accuracy: 87.69%
Validation Batch 270/700, Validation Accuracy: 87.69%
Validation Batch 275/700, Validation Accuracy: 87.70%
Validation Batch 280/700, Validation Accuracy: 87.71%
Validation Batch 285/700, Validation Accuracy: 87.74%
Validation Batch 290/700, Validation Accuracy: 87.75%
Validation Batch 295/700, Validation Accuracy: 87.74%
Validation Batch 300/700, Validation Accuracy: 87.73%
Validation Batch 305/700, Validation Accuracy: 87.74%
Validation Batch 310/700, Validation Accuracy: 87.75%
Validation Batch 315/700, Validation Accuracy: 87.73%
Validation Batch 320/700, Validation Accuracy: 87.71%
Validation Batch 325/700, Validation Accuracy: 87.70%
Validation Batch 330/700, Validation Accuracy: 87.69%
Validation Batch 335/700, Validation Accuracy: 87.68%
Validation Batch 340/700, Validation Accuracy: 87.69%
Validation Batch 345/700, Validation Accuracy: 87.66%
Validation Batch 350/700, Validation Accuracy: 87.64%
Validation Batch 355/700, Validation Accuracy: 87.61%
Validation Batch 360/700, Validation Accuracy: 87.61%
Validation Batch 365/700, Validation Accuracy: 87.61%
Validation Batch 370/700, Validation Accuracy: 87.62%
Validation Batch 375/700, Validation Accuracy: 87.61%
Validation Batch 380/700, Validation Accuracy: 87.61%
Validation Batch 385/700, Validation Accuracy: 87.59%
Validation Batch 390/700, Validation Accuracy: 87.58%
Validation Batch 395/700, Validation Accuracy: 87.58%
Validation Batch 400/700, Validation Accuracy: 87.59%
Validation Batch 405/700, Validation Accuracy: 87.59%
Validation Batch 410/700, Validation Accuracy: 87.58%
Validation Batch 415/700, Validation Accuracy: 87.59%
Validation Batch 420/700, Validation Accuracy: 87.61%
Validation Batch 425/700, Validation Accuracy: 87.61%
Validation Batch 430/700, Validation Accuracy: 87.63%
Validation Batch 435/700, Validation Accuracy: 87.66%
Validation Batch 440/700, Validation Accuracy: 87.66%
Validation Batch 445/700, Validation Accuracy: 87.64%
Validation Batch 450/700, Validation Accuracy: 87.65%
Validation Batch 455/700, Validation Accuracy: 87.64%
Validation Batch 460/700, Validation Accuracy: 87.64%
Validation Batch 465/700, Validation Accuracy: 87.65%
Validation Batch 470/700, Validation Accuracy: 87.66%
Validation Batch 475/700, Validation Accuracy: 87.62%
Validation Batch 480/700, Validation Accuracy: 87.65%
Validation Batch 485/700, Validation Accuracy: 87.63%
Validation Batch 490/700, Validation Accuracy: 87.63%
Validation Batch 495/700, Validation Accuracy: 87.64%
Validation Batch 500/700, Validation Accuracy: 87.62%
Validation Batch 505/700, Validation Accuracy: 87.64%
Validation Batch 510/700, Validation Accuracy: 87.64%
Validation Batch 515/700, Validation Accuracy: 87.63%
Validation Batch 520/700, Validation Accuracy: 87.63%
Validation Batch 525/700, Validation Accuracy: 87.61%
Validation Batch 530/700, Validation Accuracy: 87.61%
Validation Batch 535/700, Validation Accuracy: 87.61%
Validation Batch 540/700, Validation Accuracy: 87.59%
Validation Batch 545/700, Validation Accuracy: 87.59%
Validation Batch 550/700, Validation Accuracy: 87.59%
Validation Batch 555/700, Validation Accuracy: 87.59%
Validation Batch 560/700, Validation Accuracy: 87.58%
Validation Batch 565/700, Validation Accuracy: 87.57%
Validation Batch 570/700, Validation Accuracy: 87.57%
Validation Batch 575/700, Validation Accuracy: 87.57%
Validation Batch 580/700, Validation Accuracy: 87.58%
Validation Batch 585/700, Validation Accuracy: 87.59%
Validation Batch 590/700, Validation Accuracy: 87.59%
Validation Batch 595/700, Validation Accuracy: 87.60%
Validation Batch 600/700, Validation Accuracy: 87.60%
Validation Batch 605/700, Validation Accuracy: 87.59%
Validation Batch 610/700, Validation Accuracy: 87.60%
Validation Batch 615/700, Validation Accuracy: 87.59%
Validation Batch 620/700, Validation Accuracy: 87.59%
Validation Batch 625/700, Validation Accuracy: 87.59%
Validation Batch 630/700, Validation Accuracy: 87.57%
Validation Batch 635/700, Validation Accuracy: 87.58%
Validation Batch 640/700, Validation Accuracy: 87.57%
Validation Batch 645/700, Validation Accuracy: 87.59%
Validation Batch 650/700, Validation Accuracy: 87.58%
Validation Batch 655/700, Validation Accuracy: 87.60%
Validation Batch 660/700, Validation Accuracy: 87.61%
Validation Batch 665/700, Validation Accuracy: 87.62%
Validation Batch 670/700, Validation Accuracy: 87.62%
Validation Batch 675/700, Validation Accuracy: 87.62%
Validation Batch 680/700, Validation Accuracy: 87.62%
Validation Batch 685/700, Validation Accuracy: 87.62%
Validation Batch 690/700, Validation Accuracy: 87.62%
Validation Batch 695/700, Validation Accuracy: 87.62%
Validation Batch 700/700, Validation Accuracy: 87.62%
Validation Accuracy for Epoch 5: 87.62%

--- Epoch 6/50 ---
Batch 5/2797, Loss: 0.2686, Train Acc: 88.28%
Batch 10/2797, Loss: 0.2959, Train Acc: 88.20%
Batch 15/2797, Loss: 0.2841, Train Acc: 89.11%
Batch 20/2797, Loss: 0.2815, Train Acc: 89.45%
Batch 25/2797, Loss: 0.2866, Train Acc: 89.19%
Batch 30/2797, Loss: 0.2947, Train Acc: 88.88%
Batch 35/2797, Loss: 0.2937, Train Acc: 88.93%
Batch 40/2797, Loss: 0.2926, Train Acc: 89.04%
Batch 45/2797, Loss: 0.2874, Train Acc: 89.29%
Batch 50/2797, Loss: 0.2905, Train Acc: 89.31%
Batch 55/2797, Loss: 0.2946, Train Acc: 88.99%
Batch 60/2797, Loss: 0.2965, Train Acc: 88.96%
Batch 65/2797, Loss: 0.2936, Train Acc: 89.09%
Batch 70/2797, Loss: 0.2934, Train Acc: 89.13%
Batch 75/2797, Loss: 0.2941, Train Acc: 89.09%
Batch 80/2797, Loss: 0.2944, Train Acc: 89.05%
Batch 85/2797, Loss: 0.2940, Train Acc: 89.07%
Batch 90/2797, Loss: 0.2924, Train Acc: 89.21%
Batch 95/2797, Loss: 0.2914, Train Acc: 89.24%
Batch 100/2797, Loss: 0.2911, Train Acc: 89.30%
Batch 105/2797, Loss: 0.2897, Train Acc: 89.37%
Batch 110/2797, Loss: 0.2901, Train Acc: 89.36%
Batch 115/2797, Loss: 0.2899, Train Acc: 89.35%
Batch 120/2797, Loss: 0.2905, Train Acc: 89.35%
Batch 125/2797, Loss: 0.2915, Train Acc: 89.33%
Batch 130/2797, Loss: 0.2910, Train Acc: 89.37%
Batch 135/2797, Loss: 0.2914, Train Acc: 89.38%
Batch 140/2797, Loss: 0.2906, Train Acc: 89.41%
Batch 145/2797, Loss: 0.2896, Train Acc: 89.44%
Batch 150/2797, Loss: 0.2890, Train Acc: 89.48%
Batch 155/2797, Loss: 0.2886, Train Acc: 89.48%
Batch 160/2797, Loss: 0.2889, Train Acc: 89.48%
Batch 165/2797, Loss: 0.2886, Train Acc: 89.48%
Batch 170/2797, Loss: 0.2886, Train Acc: 89.45%
Batch 175/2797, Loss: 0.2902, Train Acc: 89.43%
Batch 180/2797, Loss: 0.2906, Train Acc: 89.38%
Batch 185/2797, Loss: 0.2911, Train Acc: 89.36%
Batch 190/2797, Loss: 0.2910, Train Acc: 89.37%
Batch 195/2797, Loss: 0.2910, Train Acc: 89.38%
Batch 200/2797, Loss: 0.2910, Train Acc: 89.36%
Batch 205/2797, Loss: 0.2893, Train Acc: 89.44%
Batch 210/2797, Loss: 0.2910, Train Acc: 89.36%
Batch 215/2797, Loss: 0.2900, Train Acc: 89.39%
Batch 220/2797, Loss: 0.2898, Train Acc: 89.40%
Batch 225/2797, Loss: 0.2905, Train Acc: 89.36%
Batch 230/2797, Loss: 0.2904, Train Acc: 89.36%
Batch 235/2797, Loss: 0.2908, Train Acc: 89.38%
Batch 240/2797, Loss: 0.2917, Train Acc: 89.34%
Batch 245/2797, Loss: 0.2913, Train Acc: 89.38%
Batch 250/2797, Loss: 0.2915, Train Acc: 89.37%
Batch 255/2797, Loss: 0.2911, Train Acc: 89.38%
Batch 260/2797, Loss: 0.2907, Train Acc: 89.38%
Batch 265/2797, Loss: 0.2899, Train Acc: 89.40%
Batch 270/2797, Loss: 0.2898, Train Acc: 89.40%
Batch 275/2797, Loss: 0.2896, Train Acc: 89.40%
Batch 280/2797, Loss: 0.2906, Train Acc: 89.37%
Batch 285/2797, Loss: 0.2907, Train Acc: 89.36%
Batch 290/2797, Loss: 0.2903, Train Acc: 89.38%
Batch 295/2797, Loss: 0.2902, Train Acc: 89.37%
Batch 300/2797, Loss: 0.2907, Train Acc: 89.36%
Batch 305/2797, Loss: 0.2906, Train Acc: 89.36%
Batch 310/2797, Loss: 0.2910, Train Acc: 89.33%
Batch 315/2797, Loss: 0.2918, Train Acc: 89.31%
Batch 320/2797, Loss: 0.2919, Train Acc: 89.32%
Batch 325/2797, Loss: 0.2928, Train Acc: 89.29%
Batch 330/2797, Loss: 0.2922, Train Acc: 89.29%
Batch 335/2797, Loss: 0.2929, Train Acc: 89.25%
Batch 340/2797, Loss: 0.2930, Train Acc: 89.23%
Batch 345/2797, Loss: 0.2929, Train Acc: 89.23%
Batch 350/2797, Loss: 0.2923, Train Acc: 89.24%
Batch 355/2797, Loss: 0.2923, Train Acc: 89.24%
Batch 360/2797, Loss: 0.2921, Train Acc: 89.24%
Batch 365/2797, Loss: 0.2920, Train Acc: 89.24%
Batch 370/2797, Loss: 0.2916, Train Acc: 89.25%
Batch 375/2797, Loss: 0.2914, Train Acc: 89.25%
Batch 380/2797, Loss: 0.2913, Train Acc: 89.25%
Batch 385/2797, Loss: 0.2909, Train Acc: 89.26%
Batch 390/2797, Loss: 0.2907, Train Acc: 89.27%
Batch 395/2797, Loss: 0.2908, Train Acc: 89.27%
Batch 400/2797, Loss: 0.2906, Train Acc: 89.27%
Batch 405/2797, Loss: 0.2910, Train Acc: 89.27%
Batch 410/2797, Loss: 0.2909, Train Acc: 89.26%
Batch 415/2797, Loss: 0.2909, Train Acc: 89.25%
Batch 420/2797, Loss: 0.2908, Train Acc: 89.25%
Batch 425/2797, Loss: 0.2907, Train Acc: 89.24%
Batch 430/2797, Loss: 0.2908, Train Acc: 89.24%
Batch 435/2797, Loss: 0.2905, Train Acc: 89.25%
Batch 440/2797, Loss: 0.2898, Train Acc: 89.29%
Batch 445/2797, Loss: 0.2894, Train Acc: 89.30%
Batch 450/2797, Loss: 0.2896, Train Acc: 89.30%
Batch 455/2797, Loss: 0.2897, Train Acc: 89.29%
Batch 460/2797, Loss: 0.2899, Train Acc: 89.27%
Batch 465/2797, Loss: 0.2892, Train Acc: 89.30%
Batch 470/2797, Loss: 0.2891, Train Acc: 89.30%
Batch 475/2797, Loss: 0.2890, Train Acc: 89.30%
Batch 480/2797, Loss: 0.2889, Train Acc: 89.30%
Batch 485/2797, Loss: 0.2889, Train Acc: 89.30%
Batch 490/2797, Loss: 0.2891, Train Acc: 89.30%
Batch 495/2797, Loss: 0.2897, Train Acc: 89.27%
Batch 500/2797, Loss: 0.2897, Train Acc: 89.27%
Batch 505/2797, Loss: 0.2898, Train Acc: 89.27%
Batch 510/2797, Loss: 0.2902, Train Acc: 89.26%
Batch 515/2797, Loss: 0.2898, Train Acc: 89.26%
Batch 520/2797, Loss: 0.2895, Train Acc: 89.28%
Batch 525/2797, Loss: 0.2898, Train Acc: 89.28%
Batch 530/2797, Loss: 0.2899, Train Acc: 89.27%
Batch 535/2797, Loss: 0.2901, Train Acc: 89.27%
Batch 540/2797, Loss: 0.2898, Train Acc: 89.28%
Batch 545/2797, Loss: 0.2898, Train Acc: 89.29%
Batch 550/2797, Loss: 0.2915, Train Acc: 89.28%
Batch 555/2797, Loss: 0.2912, Train Acc: 89.29%
Batch 560/2797, Loss: 0.2909, Train Acc: 89.29%
Batch 565/2797, Loss: 0.2910, Train Acc: 89.29%
Batch 570/2797, Loss: 0.2907, Train Acc: 89.31%
Batch 575/2797, Loss: 0.2908, Train Acc: 89.31%
Batch 580/2797, Loss: 0.2909, Train Acc: 89.31%
Batch 585/2797, Loss: 0.2908, Train Acc: 89.31%
Batch 590/2797, Loss: 0.2910, Train Acc: 89.31%
Batch 595/2797, Loss: 0.2912, Train Acc: 89.31%
Batch 600/2797, Loss: 0.2912, Train Acc: 89.31%
Batch 605/2797, Loss: 0.2913, Train Acc: 89.32%
Batch 610/2797, Loss: 0.2912, Train Acc: 89.30%
Batch 615/2797, Loss: 0.2910, Train Acc: 89.31%
Batch 620/2797, Loss: 0.2909, Train Acc: 89.31%
Batch 625/2797, Loss: 0.2905, Train Acc: 89.32%
Batch 630/2797, Loss: 0.2905, Train Acc: 89.32%
Batch 635/2797, Loss: 0.2906, Train Acc: 89.32%
Batch 640/2797, Loss: 0.2908, Train Acc: 89.31%
Batch 645/2797, Loss: 0.2914, Train Acc: 89.28%
Batch 650/2797, Loss: 0.2916, Train Acc: 89.27%
Batch 655/2797, Loss: 0.2919, Train Acc: 89.25%
Batch 660/2797, Loss: 0.2922, Train Acc: 89.23%
Batch 665/2797, Loss: 0.2922, Train Acc: 89.23%
Batch 670/2797, Loss: 0.2924, Train Acc: 89.21%
Batch 675/2797, Loss: 0.2926, Train Acc: 89.20%
Batch 680/2797, Loss: 0.2924, Train Acc: 89.20%
Batch 685/2797, Loss: 0.2924, Train Acc: 89.20%
Batch 690/2797, Loss: 0.2925, Train Acc: 89.20%
Batch 695/2797, Loss: 0.2924, Train Acc: 89.21%
Batch 700/2797, Loss: 0.2924, Train Acc: 89.21%
Batch 705/2797, Loss: 0.2920, Train Acc: 89.22%
Batch 710/2797, Loss: 0.2915, Train Acc: 89.24%
Batch 715/2797, Loss: 0.2916, Train Acc: 89.24%
Batch 720/2797, Loss: 0.2916, Train Acc: 89.23%
Batch 725/2797, Loss: 0.2914, Train Acc: 89.23%
Batch 730/2797, Loss: 0.2911, Train Acc: 89.24%
Batch 735/2797, Loss: 0.2910, Train Acc: 89.24%
Batch 740/2797, Loss: 0.2910, Train Acc: 89.24%
Batch 745/2797, Loss: 0.2909, Train Acc: 89.24%
Batch 750/2797, Loss: 0.2909, Train Acc: 89.24%
Batch 755/2797, Loss: 0.2906, Train Acc: 89.26%
Batch 760/2797, Loss: 0.2907, Train Acc: 89.27%
Batch 765/2797, Loss: 0.2908, Train Acc: 89.26%
Batch 770/2797, Loss: 0.2909, Train Acc: 89.26%
Batch 775/2797, Loss: 0.2908, Train Acc: 89.27%
Batch 780/2797, Loss: 0.2910, Train Acc: 89.27%
Batch 785/2797, Loss: 0.2913, Train Acc: 89.26%
Batch 790/2797, Loss: 0.2912, Train Acc: 89.25%
Batch 795/2797, Loss: 0.2910, Train Acc: 89.27%
Batch 800/2797, Loss: 0.2909, Train Acc: 89.27%
Batch 805/2797, Loss: 0.2911, Train Acc: 89.27%
Batch 810/2797, Loss: 0.2909, Train Acc: 89.27%
Batch 815/2797, Loss: 0.2906, Train Acc: 89.29%
Batch 820/2797, Loss: 0.2908, Train Acc: 89.28%
Batch 825/2797, Loss: 0.2906, Train Acc: 89.29%
Batch 830/2797, Loss: 0.2905, Train Acc: 89.29%
Batch 835/2797, Loss: 0.2905, Train Acc: 89.30%
Batch 840/2797, Loss: 0.2904, Train Acc: 89.29%
Batch 845/2797, Loss: 0.2906, Train Acc: 89.28%
Batch 850/2797, Loss: 0.2905, Train Acc: 89.29%
Batch 855/2797, Loss: 0.2905, Train Acc: 89.28%
Batch 860/2797, Loss: 0.2905, Train Acc: 89.28%
Batch 865/2797, Loss: 0.2904, Train Acc: 89.29%
Batch 870/2797, Loss: 0.2903, Train Acc: 89.28%
Batch 875/2797, Loss: 0.2909, Train Acc: 89.26%
Batch 880/2797, Loss: 0.2907, Train Acc: 89.26%
Batch 885/2797, Loss: 0.2908, Train Acc: 89.26%
Batch 890/2797, Loss: 0.2912, Train Acc: 89.25%
Batch 895/2797, Loss: 0.2912, Train Acc: 89.25%
Batch 900/2797, Loss: 0.2911, Train Acc: 89.25%
Batch 905/2797, Loss: 0.2909, Train Acc: 89.26%
Batch 910/2797, Loss: 0.2908, Train Acc: 89.27%
Batch 915/2797, Loss: 0.2909, Train Acc: 89.27%
Batch 920/2797, Loss: 0.2908, Train Acc: 89.28%
Batch 925/2797, Loss: 0.2910, Train Acc: 89.27%
Batch 930/2797, Loss: 0.2911, Train Acc: 89.27%
Batch 935/2797, Loss: 0.2912, Train Acc: 89.26%
Batch 940/2797, Loss: 0.2912, Train Acc: 89.26%
Batch 945/2797, Loss: 0.2909, Train Acc: 89.27%
Batch 950/2797, Loss: 0.2908, Train Acc: 89.28%
Batch 955/2797, Loss: 0.2908, Train Acc: 89.28%
Batch 960/2797, Loss: 0.2905, Train Acc: 89.30%
Batch 965/2797, Loss: 0.2902, Train Acc: 89.30%
Batch 970/2797, Loss: 0.2902, Train Acc: 89.30%
Batch 975/2797, Loss: 0.2902, Train Acc: 89.30%
Batch 980/2797, Loss: 0.2899, Train Acc: 89.31%
Batch 985/2797, Loss: 0.2899, Train Acc: 89.30%
Batch 990/2797, Loss: 0.2900, Train Acc: 89.30%
Batch 995/2797, Loss: 0.2898, Train Acc: 89.30%
Batch 1000/2797, Loss: 0.2896, Train Acc: 89.31%
Batch 1005/2797, Loss: 0.2896, Train Acc: 89.30%
Batch 1010/2797, Loss: 0.2898, Train Acc: 89.30%
Batch 1015/2797, Loss: 0.2897, Train Acc: 89.30%
Batch 1020/2797, Loss: 0.2897, Train Acc: 89.30%
Batch 1025/2797, Loss: 0.2897, Train Acc: 89.30%
Batch 1030/2797, Loss: 0.2898, Train Acc: 89.29%
Batch 1035/2797, Loss: 0.2897, Train Acc: 89.29%
Batch 1040/2797, Loss: 0.2898, Train Acc: 89.29%
Batch 1045/2797, Loss: 0.2898, Train Acc: 89.29%
Batch 1050/2797, Loss: 0.2899, Train Acc: 89.29%
Batch 1055/2797, Loss: 0.2898, Train Acc: 89.29%
Batch 1060/2797, Loss: 0.2898, Train Acc: 89.29%
Batch 1065/2797, Loss: 0.2897, Train Acc: 89.29%
Batch 1070/2797, Loss: 0.2897, Train Acc: 89.30%
Batch 1075/2797, Loss: 0.2897, Train Acc: 89.29%
Batch 1080/2797, Loss: 0.2897, Train Acc: 89.29%
Batch 1085/2797, Loss: 0.2897, Train Acc: 89.30%
Batch 1090/2797, Loss: 0.2895, Train Acc: 89.31%
Batch 1095/2797, Loss: 0.2895, Train Acc: 89.31%
Batch 1100/2797, Loss: 0.2895, Train Acc: 89.31%
Batch 1105/2797, Loss: 0.2895, Train Acc: 89.32%
Batch 1110/2797, Loss: 0.2894, Train Acc: 89.32%
Batch 1115/2797, Loss: 0.2893, Train Acc: 89.32%
Batch 1120/2797, Loss: 0.2893, Train Acc: 89.32%
Batch 1125/2797, Loss: 0.2892, Train Acc: 89.33%
Batch 1130/2797, Loss: 0.2894, Train Acc: 89.32%
Batch 1135/2797, Loss: 0.2892, Train Acc: 89.33%
Batch 1140/2797, Loss: 0.2891, Train Acc: 89.33%
Batch 1145/2797, Loss: 0.2891, Train Acc: 89.32%
Batch 1150/2797, Loss: 0.2890, Train Acc: 89.33%
Batch 1155/2797, Loss: 0.2891, Train Acc: 89.32%
Batch 1160/2797, Loss: 0.2890, Train Acc: 89.32%
Batch 1165/2797, Loss: 0.2889, Train Acc: 89.32%
Batch 1170/2797, Loss: 0.2887, Train Acc: 89.32%
Batch 1175/2797, Loss: 0.2888, Train Acc: 89.32%
Batch 1180/2797, Loss: 0.2886, Train Acc: 89.33%
Batch 1185/2797, Loss: 0.2886, Train Acc: 89.32%
Batch 1190/2797, Loss: 0.2887, Train Acc: 89.32%
Batch 1195/2797, Loss: 0.2887, Train Acc: 89.33%
Batch 1200/2797, Loss: 0.2886, Train Acc: 89.32%
Batch 1205/2797, Loss: 0.2885, Train Acc: 89.33%
Batch 1210/2797, Loss: 0.2884, Train Acc: 89.33%
Batch 1215/2797, Loss: 0.2882, Train Acc: 89.34%
Batch 1220/2797, Loss: 0.2884, Train Acc: 89.34%
Batch 1225/2797, Loss: 0.2882, Train Acc: 89.34%
Batch 1230/2797, Loss: 0.2882, Train Acc: 89.35%
Batch 1235/2797, Loss: 0.2880, Train Acc: 89.36%
Batch 1240/2797, Loss: 0.2881, Train Acc: 89.36%
Batch 1245/2797, Loss: 0.2881, Train Acc: 89.35%
Batch 1250/2797, Loss: 0.2880, Train Acc: 89.35%
Batch 1255/2797, Loss: 0.2881, Train Acc: 89.35%
Batch 1260/2797, Loss: 0.2879, Train Acc: 89.36%
Batch 1265/2797, Loss: 0.2877, Train Acc: 89.36%
Batch 1270/2797, Loss: 0.2878, Train Acc: 89.36%
Batch 1275/2797, Loss: 0.2878, Train Acc: 89.36%
Batch 1280/2797, Loss: 0.2878, Train Acc: 89.36%
Batch 1285/2797, Loss: 0.2878, Train Acc: 89.36%
Batch 1290/2797, Loss: 0.2877, Train Acc: 89.36%
Batch 1295/2797, Loss: 0.2876, Train Acc: 89.36%
Batch 1300/2797, Loss: 0.2876, Train Acc: 89.36%
Batch 1305/2797, Loss: 0.2875, Train Acc: 89.36%
Batch 1310/2797, Loss: 0.2874, Train Acc: 89.37%
Batch 1315/2797, Loss: 0.2875, Train Acc: 89.37%
Batch 1320/2797, Loss: 0.2876, Train Acc: 89.36%
Batch 1325/2797, Loss: 0.2875, Train Acc: 89.36%
Batch 1330/2797, Loss: 0.2874, Train Acc: 89.37%
Batch 1335/2797, Loss: 0.2874, Train Acc: 89.37%
Batch 1340/2797, Loss: 0.2874, Train Acc: 89.36%
Batch 1345/2797, Loss: 0.2875, Train Acc: 89.36%
Batch 1350/2797, Loss: 0.2875, Train Acc: 89.36%
Batch 1355/2797, Loss: 0.2875, Train Acc: 89.37%
Batch 1360/2797, Loss: 0.2874, Train Acc: 89.37%
Batch 1365/2797, Loss: 0.2873, Train Acc: 89.38%
Batch 1370/2797, Loss: 0.2872, Train Acc: 89.38%
Batch 1375/2797, Loss: 0.2871, Train Acc: 89.38%
Batch 1380/2797, Loss: 0.2869, Train Acc: 89.39%
Batch 1385/2797, Loss: 0.2868, Train Acc: 89.40%
Batch 1390/2797, Loss: 0.2868, Train Acc: 89.40%
Batch 1395/2797, Loss: 0.2868, Train Acc: 89.40%
Batch 1400/2797, Loss: 0.2868, Train Acc: 89.39%
Batch 1405/2797, Loss: 0.2868, Train Acc: 89.39%
Batch 1410/2797, Loss: 0.2869, Train Acc: 89.39%
Batch 1415/2797, Loss: 0.2870, Train Acc: 89.38%
Batch 1420/2797, Loss: 0.2871, Train Acc: 89.38%
Batch 1425/2797, Loss: 0.2871, Train Acc: 89.38%
Batch 1430/2797, Loss: 0.2871, Train Acc: 89.38%
Batch 1435/2797, Loss: 0.2871, Train Acc: 89.38%
Batch 1440/2797, Loss: 0.2870, Train Acc: 89.39%
Batch 1445/2797, Loss: 0.2870, Train Acc: 89.39%
Batch 1450/2797, Loss: 0.2868, Train Acc: 89.39%
Batch 1455/2797, Loss: 0.2866, Train Acc: 89.40%
Batch 1460/2797, Loss: 0.2866, Train Acc: 89.39%
Batch 1465/2797, Loss: 0.2864, Train Acc: 89.40%
Batch 1470/2797, Loss: 0.2864, Train Acc: 89.40%
Batch 1475/2797, Loss: 0.2863, Train Acc: 89.41%
Batch 1480/2797, Loss: 0.2863, Train Acc: 89.40%
Batch 1485/2797, Loss: 0.2862, Train Acc: 89.41%
Batch 1490/2797, Loss: 0.2862, Train Acc: 89.41%
Batch 1495/2797, Loss: 0.2861, Train Acc: 89.41%
Batch 1500/2797, Loss: 0.2861, Train Acc: 89.41%
Batch 1505/2797, Loss: 0.2861, Train Acc: 89.42%
Batch 1510/2797, Loss: 0.2861, Train Acc: 89.42%
Batch 1515/2797, Loss: 0.2863, Train Acc: 89.41%
Batch 1520/2797, Loss: 0.2864, Train Acc: 89.41%
Batch 1525/2797, Loss: 0.2865, Train Acc: 89.40%
Batch 1530/2797, Loss: 0.2866, Train Acc: 89.40%
Batch 1535/2797, Loss: 0.2867, Train Acc: 89.39%
Batch 1540/2797, Loss: 0.2866, Train Acc: 89.39%
Batch 1545/2797, Loss: 0.2866, Train Acc: 89.39%
Batch 1550/2797, Loss: 0.2866, Train Acc: 89.39%
Batch 1555/2797, Loss: 0.2866, Train Acc: 89.39%
Batch 1560/2797, Loss: 0.2866, Train Acc: 89.39%
Batch 1565/2797, Loss: 0.2865, Train Acc: 89.39%
Batch 1570/2797, Loss: 0.2864, Train Acc: 89.40%
Batch 1575/2797, Loss: 0.2864, Train Acc: 89.40%
Batch 1580/2797, Loss: 0.2863, Train Acc: 89.40%
Batch 1585/2797, Loss: 0.2862, Train Acc: 89.40%
Batch 1590/2797, Loss: 0.2864, Train Acc: 89.39%
Batch 1595/2797, Loss: 0.2864, Train Acc: 89.39%
Batch 1600/2797, Loss: 0.2865, Train Acc: 89.39%
Batch 1605/2797, Loss: 0.2864, Train Acc: 89.39%
Batch 1610/2797, Loss: 0.2865, Train Acc: 89.39%
Batch 1615/2797, Loss: 0.2865, Train Acc: 89.38%
Batch 1620/2797, Loss: 0.2866, Train Acc: 89.38%
Batch 1625/2797, Loss: 0.2866, Train Acc: 89.38%
Batch 1630/2797, Loss: 0.2866, Train Acc: 89.37%
Batch 1635/2797, Loss: 0.2866, Train Acc: 89.37%
Batch 1640/2797, Loss: 0.2866, Train Acc: 89.37%
Batch 1645/2797, Loss: 0.2865, Train Acc: 89.38%
Batch 1650/2797, Loss: 0.2864, Train Acc: 89.38%
Batch 1655/2797, Loss: 0.2864, Train Acc: 89.38%
Batch 1660/2797, Loss: 0.2864, Train Acc: 89.38%
Batch 1665/2797, Loss: 0.2865, Train Acc: 89.37%
Batch 1670/2797, Loss: 0.2863, Train Acc: 89.38%
Batch 1675/2797, Loss: 0.2863, Train Acc: 89.38%
Batch 1680/2797, Loss: 0.2863, Train Acc: 89.38%
Batch 1685/2797, Loss: 0.2864, Train Acc: 89.38%
Batch 1690/2797, Loss: 0.2863, Train Acc: 89.38%
Batch 1695/2797, Loss: 0.2862, Train Acc: 89.38%
Batch 1700/2797, Loss: 0.2863, Train Acc: 89.37%
Batch 1705/2797, Loss: 0.2863, Train Acc: 89.37%
Batch 1710/2797, Loss: 0.2863, Train Acc: 89.37%
Batch 1715/2797, Loss: 0.2863, Train Acc: 89.38%
Batch 1720/2797, Loss: 0.2862, Train Acc: 89.38%
Batch 1725/2797, Loss: 0.2861, Train Acc: 89.38%
Batch 1730/2797, Loss: 0.2860, Train Acc: 89.38%
Batch 1735/2797, Loss: 0.2859, Train Acc: 89.39%
Batch 1740/2797, Loss: 0.2859, Train Acc: 89.39%
Batch 1745/2797, Loss: 0.2859, Train Acc: 89.39%
Batch 1750/2797, Loss: 0.2860, Train Acc: 89.38%
Batch 1755/2797, Loss: 0.2860, Train Acc: 89.38%
Batch 1760/2797, Loss: 0.2860, Train Acc: 89.39%
Batch 1765/2797, Loss: 0.2859, Train Acc: 89.39%
Batch 1770/2797, Loss: 0.2859, Train Acc: 89.39%
Batch 1775/2797, Loss: 0.2859, Train Acc: 89.39%
Batch 1780/2797, Loss: 0.2860, Train Acc: 89.39%
Batch 1785/2797, Loss: 0.2860, Train Acc: 89.39%
Batch 1790/2797, Loss: 0.2860, Train Acc: 89.39%
Batch 1795/2797, Loss: 0.2860, Train Acc: 89.39%
Batch 1800/2797, Loss: 0.2860, Train Acc: 89.39%
Batch 1805/2797, Loss: 0.2860, Train Acc: 89.39%
Batch 1810/2797, Loss: 0.2860, Train Acc: 89.39%
Batch 1815/2797, Loss: 0.2859, Train Acc: 89.40%
Batch 1820/2797, Loss: 0.2859, Train Acc: 89.40%
Batch 1825/2797, Loss: 0.2859, Train Acc: 89.40%
Batch 1830/2797, Loss: 0.2858, Train Acc: 89.40%
Batch 1835/2797, Loss: 0.2859, Train Acc: 89.39%
Batch 1840/2797, Loss: 0.2860, Train Acc: 89.39%
Batch 1845/2797, Loss: 0.2860, Train Acc: 89.39%
Batch 1850/2797, Loss: 0.2861, Train Acc: 89.39%
Batch 1855/2797, Loss: 0.2862, Train Acc: 89.39%
Batch 1860/2797, Loss: 0.2861, Train Acc: 89.39%
Batch 1865/2797, Loss: 0.2861, Train Acc: 89.39%
Batch 1870/2797, Loss: 0.2861, Train Acc: 89.39%
Batch 1875/2797, Loss: 0.2862, Train Acc: 89.39%
Batch 1880/2797, Loss: 0.2862, Train Acc: 89.39%
Batch 1885/2797, Loss: 0.2862, Train Acc: 89.39%
Batch 1890/2797, Loss: 0.2861, Train Acc: 89.39%
Batch 1895/2797, Loss: 0.2861, Train Acc: 89.39%
Batch 1900/2797, Loss: 0.2862, Train Acc: 89.39%
Batch 1905/2797, Loss: 0.2863, Train Acc: 89.38%
Batch 1910/2797, Loss: 0.2862, Train Acc: 89.38%
Batch 1915/2797, Loss: 0.2862, Train Acc: 89.38%
Batch 1920/2797, Loss: 0.2861, Train Acc: 89.39%
Batch 1925/2797, Loss: 0.2861, Train Acc: 89.39%
Batch 1930/2797, Loss: 0.2860, Train Acc: 89.39%
Batch 1935/2797, Loss: 0.2859, Train Acc: 89.40%
Batch 1940/2797, Loss: 0.2860, Train Acc: 89.39%
Batch 1945/2797, Loss: 0.2860, Train Acc: 89.39%
Batch 1950/2797, Loss: 0.2859, Train Acc: 89.39%
Batch 1955/2797, Loss: 0.2859, Train Acc: 89.39%
Batch 1960/2797, Loss: 0.2858, Train Acc: 89.39%
Batch 1965/2797, Loss: 0.2857, Train Acc: 89.40%
Batch 1970/2797, Loss: 0.2856, Train Acc: 89.40%
Batch 1975/2797, Loss: 0.2856, Train Acc: 89.40%
Batch 1980/2797, Loss: 0.2856, Train Acc: 89.40%
Batch 1985/2797, Loss: 0.2856, Train Acc: 89.40%
Batch 1990/2797, Loss: 0.2857, Train Acc: 89.39%
Batch 1995/2797, Loss: 0.2857, Train Acc: 89.40%
Batch 2000/2797, Loss: 0.2856, Train Acc: 89.40%
Batch 2005/2797, Loss: 0.2856, Train Acc: 89.40%
Batch 2010/2797, Loss: 0.2855, Train Acc: 89.40%
Batch 2015/2797, Loss: 0.2854, Train Acc: 89.40%
Batch 2020/2797, Loss: 0.2855, Train Acc: 89.40%
Batch 2025/2797, Loss: 0.2854, Train Acc: 89.40%
Batch 2030/2797, Loss: 0.2856, Train Acc: 89.40%
Batch 2035/2797, Loss: 0.2856, Train Acc: 89.40%
Batch 2040/2797, Loss: 0.2855, Train Acc: 89.40%
Batch 2045/2797, Loss: 0.2854, Train Acc: 89.41%
Batch 2050/2797, Loss: 0.2855, Train Acc: 89.40%
Batch 2055/2797, Loss: 0.2855, Train Acc: 89.40%
Batch 2060/2797, Loss: 0.2855, Train Acc: 89.40%
Batch 2065/2797, Loss: 0.2854, Train Acc: 89.41%
Batch 2070/2797, Loss: 0.2854, Train Acc: 89.41%
Batch 2075/2797, Loss: 0.2854, Train Acc: 89.41%
Batch 2080/2797, Loss: 0.2854, Train Acc: 89.41%
Batch 2085/2797, Loss: 0.2854, Train Acc: 89.41%
Batch 2090/2797, Loss: 0.2856, Train Acc: 89.40%
Batch 2095/2797, Loss: 0.2856, Train Acc: 89.40%
Batch 2100/2797, Loss: 0.2856, Train Acc: 89.40%
Batch 2105/2797, Loss: 0.2856, Train Acc: 89.40%
Batch 2110/2797, Loss: 0.2856, Train Acc: 89.40%
Batch 2115/2797, Loss: 0.2855, Train Acc: 89.40%
Batch 2120/2797, Loss: 0.2856, Train Acc: 89.40%
Batch 2125/2797, Loss: 0.2857, Train Acc: 89.39%
Batch 2130/2797, Loss: 0.2857, Train Acc: 89.39%
Batch 2135/2797, Loss: 0.2856, Train Acc: 89.40%
Batch 2140/2797, Loss: 0.2856, Train Acc: 89.40%
Batch 2145/2797, Loss: 0.2856, Train Acc: 89.40%
Batch 2150/2797, Loss: 0.2856, Train Acc: 89.40%
Batch 2155/2797, Loss: 0.2855, Train Acc: 89.40%
Batch 2160/2797, Loss: 0.2855, Train Acc: 89.40%
Batch 2165/2797, Loss: 0.2855, Train Acc: 89.40%
Batch 2170/2797, Loss: 0.2855, Train Acc: 89.40%
Batch 2175/2797, Loss: 0.2856, Train Acc: 89.40%
Batch 2180/2797, Loss: 0.2856, Train Acc: 89.39%
Batch 2185/2797, Loss: 0.2856, Train Acc: 89.39%
Batch 2190/2797, Loss: 0.2856, Train Acc: 89.39%
Batch 2195/2797, Loss: 0.2855, Train Acc: 89.39%
Batch 2200/2797, Loss: 0.2854, Train Acc: 89.39%
Batch 2205/2797, Loss: 0.2854, Train Acc: 89.40%
Batch 2210/2797, Loss: 0.2853, Train Acc: 89.40%
Batch 2215/2797, Loss: 0.2853, Train Acc: 89.40%
Batch 2220/2797, Loss: 0.2852, Train Acc: 89.40%
Batch 2225/2797, Loss: 0.2853, Train Acc: 89.40%
Batch 2230/2797, Loss: 0.2852, Train Acc: 89.40%
Batch 2235/2797, Loss: 0.2852, Train Acc: 89.40%
Batch 2240/2797, Loss: 0.2852, Train Acc: 89.40%
Batch 2245/2797, Loss: 0.2851, Train Acc: 89.40%
Batch 2250/2797, Loss: 0.2850, Train Acc: 89.41%
Batch 2255/2797, Loss: 0.2850, Train Acc: 89.41%
Batch 2260/2797, Loss: 0.2850, Train Acc: 89.41%
Batch 2265/2797, Loss: 0.2850, Train Acc: 89.41%
Batch 2270/2797, Loss: 0.2850, Train Acc: 89.41%
Batch 2275/2797, Loss: 0.2849, Train Acc: 89.41%
Batch 2280/2797, Loss: 0.2850, Train Acc: 89.41%
Batch 2285/2797, Loss: 0.2850, Train Acc: 89.41%
Batch 2290/2797, Loss: 0.2851, Train Acc: 89.40%
Batch 2295/2797, Loss: 0.2850, Train Acc: 89.40%
Batch 2300/2797, Loss: 0.2851, Train Acc: 89.40%
Batch 2305/2797, Loss: 0.2851, Train Acc: 89.40%
Batch 2310/2797, Loss: 0.2850, Train Acc: 89.40%
Batch 2315/2797, Loss: 0.2850, Train Acc: 89.40%
Batch 2320/2797, Loss: 0.2850, Train Acc: 89.40%
Batch 2325/2797, Loss: 0.2849, Train Acc: 89.41%
Batch 2330/2797, Loss: 0.2849, Train Acc: 89.41%
Batch 2335/2797, Loss: 0.2848, Train Acc: 89.41%
Batch 2340/2797, Loss: 0.2849, Train Acc: 89.41%
Batch 2345/2797, Loss: 0.2849, Train Acc: 89.40%
Batch 2350/2797, Loss: 0.2850, Train Acc: 89.40%
Batch 2355/2797, Loss: 0.2849, Train Acc: 89.40%
Batch 2360/2797, Loss: 0.2849, Train Acc: 89.40%
Batch 2365/2797, Loss: 0.2850, Train Acc: 89.40%
Batch 2370/2797, Loss: 0.2849, Train Acc: 89.41%
Batch 2375/2797, Loss: 0.2849, Train Acc: 89.41%
Batch 2380/2797, Loss: 0.2849, Train Acc: 89.41%
Batch 2385/2797, Loss: 0.2848, Train Acc: 89.41%
Batch 2390/2797, Loss: 0.2848, Train Acc: 89.41%
Batch 2395/2797, Loss: 0.2847, Train Acc: 89.41%
Batch 2400/2797, Loss: 0.2848, Train Acc: 89.41%
Batch 2405/2797, Loss: 0.2848, Train Acc: 89.41%
Batch 2410/2797, Loss: 0.2846, Train Acc: 89.42%
Batch 2415/2797, Loss: 0.2846, Train Acc: 89.42%
Batch 2420/2797, Loss: 0.2845, Train Acc: 89.42%
Batch 2425/2797, Loss: 0.2845, Train Acc: 89.42%
Batch 2430/2797, Loss: 0.2846, Train Acc: 89.42%
Batch 2435/2797, Loss: 0.2846, Train Acc: 89.42%
Batch 2440/2797, Loss: 0.2845, Train Acc: 89.42%
Batch 2445/2797, Loss: 0.2845, Train Acc: 89.42%
Batch 2450/2797, Loss: 0.2844, Train Acc: 89.43%
Batch 2455/2797, Loss: 0.2844, Train Acc: 89.43%
Batch 2460/2797, Loss: 0.2844, Train Acc: 89.43%
Batch 2465/2797, Loss: 0.2843, Train Acc: 89.43%
Batch 2470/2797, Loss: 0.2843, Train Acc: 89.43%
Batch 2475/2797, Loss: 0.2842, Train Acc: 89.43%
Batch 2480/2797, Loss: 0.2841, Train Acc: 89.44%
Batch 2485/2797, Loss: 0.2841, Train Acc: 89.44%
Batch 2490/2797, Loss: 0.2841, Train Acc: 89.44%
Batch 2495/2797, Loss: 0.2841, Train Acc: 89.44%
Batch 2500/2797, Loss: 0.2841, Train Acc: 89.44%
Batch 2505/2797, Loss: 0.2840, Train Acc: 89.43%
Batch 2510/2797, Loss: 0.2841, Train Acc: 89.43%
Batch 2515/2797, Loss: 0.2840, Train Acc: 89.44%
Batch 2520/2797, Loss: 0.2840, Train Acc: 89.44%
Batch 2525/2797, Loss: 0.2839, Train Acc: 89.44%
Batch 2530/2797, Loss: 0.2839, Train Acc: 89.44%
Batch 2535/2797, Loss: 0.2839, Train Acc: 89.44%
Batch 2540/2797, Loss: 0.2839, Train Acc: 89.44%
Batch 2545/2797, Loss: 0.2839, Train Acc: 89.44%
Batch 2550/2797, Loss: 0.2839, Train Acc: 89.44%
Batch 2555/2797, Loss: 0.2838, Train Acc: 89.44%
Batch 2560/2797, Loss: 0.2837, Train Acc: 89.45%
Batch 2565/2797, Loss: 0.2836, Train Acc: 89.45%
Batch 2570/2797, Loss: 0.2836, Train Acc: 89.45%
Batch 2575/2797, Loss: 0.2836, Train Acc: 89.45%
Batch 2580/2797, Loss: 0.2837, Train Acc: 89.45%
Batch 2585/2797, Loss: 0.2836, Train Acc: 89.45%
Batch 2590/2797, Loss: 0.2835, Train Acc: 89.45%
Batch 2595/2797, Loss: 0.2836, Train Acc: 89.45%
Batch 2600/2797, Loss: 0.2835, Train Acc: 89.45%
Batch 2605/2797, Loss: 0.2835, Train Acc: 89.45%
Batch 2610/2797, Loss: 0.2834, Train Acc: 89.46%
Batch 2615/2797, Loss: 0.2835, Train Acc: 89.45%
Batch 2620/2797, Loss: 0.2835, Train Acc: 89.45%
Batch 2625/2797, Loss: 0.2835, Train Acc: 89.45%
Batch 2630/2797, Loss: 0.2834, Train Acc: 89.46%
Batch 2635/2797, Loss: 0.2834, Train Acc: 89.46%
Batch 2640/2797, Loss: 0.2833, Train Acc: 89.46%
Batch 2645/2797, Loss: 0.2833, Train Acc: 89.46%
Batch 2650/2797, Loss: 0.2833, Train Acc: 89.46%
Batch 2655/2797, Loss: 0.2832, Train Acc: 89.47%
Batch 2660/2797, Loss: 0.2831, Train Acc: 89.47%
Batch 2665/2797, Loss: 0.2831, Train Acc: 89.47%
Batch 2670/2797, Loss: 0.2830, Train Acc: 89.47%
Batch 2675/2797, Loss: 0.2830, Train Acc: 89.47%
Batch 2680/2797, Loss: 0.2830, Train Acc: 89.47%
Batch 2685/2797, Loss: 0.2830, Train Acc: 89.47%
Batch 2690/2797, Loss: 0.2829, Train Acc: 89.47%
Batch 2695/2797, Loss: 0.2829, Train Acc: 89.47%
Batch 2700/2797, Loss: 0.2829, Train Acc: 89.47%
Batch 2705/2797, Loss: 0.2829, Train Acc: 89.47%
Batch 2710/2797, Loss: 0.2830, Train Acc: 89.47%
Batch 2715/2797, Loss: 0.2830, Train Acc: 89.46%
Batch 2720/2797, Loss: 0.2830, Train Acc: 89.46%
Batch 2725/2797, Loss: 0.2829, Train Acc: 89.47%
Batch 2730/2797, Loss: 0.2829, Train Acc: 89.47%
Batch 2735/2797, Loss: 0.2828, Train Acc: 89.47%
Batch 2740/2797, Loss: 0.2827, Train Acc: 89.47%
Batch 2745/2797, Loss: 0.2827, Train Acc: 89.47%
Batch 2750/2797, Loss: 0.2826, Train Acc: 89.48%
Batch 2755/2797, Loss: 0.2826, Train Acc: 89.48%
Batch 2760/2797, Loss: 0.2825, Train Acc: 89.48%
Batch 2765/2797, Loss: 0.2825, Train Acc: 89.48%
Batch 2770/2797, Loss: 0.2825, Train Acc: 89.48%
Batch 2775/2797, Loss: 0.2825, Train Acc: 89.48%
Batch 2780/2797, Loss: 0.2825, Train Acc: 89.48%
Batch 2785/2797, Loss: 0.2824, Train Acc: 89.48%
Batch 2790/2797, Loss: 0.2824, Train Acc: 89.49%
Batch 2795/2797, Loss: 0.2824, Train Acc: 89.48%
Learning Rate: 0.001400
Epoch 6/50, Average Loss: 0.2824, Train Accuracy: 89.48%
Validation Batch 5/700, Validation Accuracy: 89.38%
Validation Batch 10/700, Validation Accuracy: 88.67%
Validation Batch 15/700, Validation Accuracy: 87.81%
Validation Batch 20/700, Validation Accuracy: 87.66%
Validation Batch 25/700, Validation Accuracy: 87.38%
Validation Batch 30/700, Validation Accuracy: 87.24%
Validation Batch 35/700, Validation Accuracy: 87.32%
Validation Batch 40/700, Validation Accuracy: 87.70%
Validation Batch 45/700, Validation Accuracy: 87.76%
Validation Batch 50/700, Validation Accuracy: 87.77%
Validation Batch 55/700, Validation Accuracy: 87.74%
Validation Batch 60/700, Validation Accuracy: 87.66%
Validation Batch 65/700, Validation Accuracy: 87.61%
Validation Batch 70/700, Validation Accuracy: 87.54%
Validation Batch 75/700, Validation Accuracy: 87.48%
Validation Batch 80/700, Validation Accuracy: 87.33%
Validation Batch 85/700, Validation Accuracy: 87.25%
Validation Batch 90/700, Validation Accuracy: 87.14%
Validation Batch 95/700, Validation Accuracy: 87.11%
Validation Batch 100/700, Validation Accuracy: 87.09%
Validation Batch 105/700, Validation Accuracy: 87.08%
Validation Batch 110/700, Validation Accuracy: 87.06%
Validation Batch 115/700, Validation Accuracy: 87.08%
Validation Batch 120/700, Validation Accuracy: 87.08%
Validation Batch 125/700, Validation Accuracy: 87.06%
Validation Batch 130/700, Validation Accuracy: 87.07%
Validation Batch 135/700, Validation Accuracy: 87.06%
Validation Batch 140/700, Validation Accuracy: 87.09%
Validation Batch 145/700, Validation Accuracy: 87.12%
Validation Batch 150/700, Validation Accuracy: 87.18%
Validation Batch 155/700, Validation Accuracy: 87.21%
Validation Batch 160/700, Validation Accuracy: 87.20%
Validation Batch 165/700, Validation Accuracy: 87.17%
Validation Batch 170/700, Validation Accuracy: 87.21%
Validation Batch 175/700, Validation Accuracy: 87.20%
Validation Batch 180/700, Validation Accuracy: 87.18%
Validation Batch 185/700, Validation Accuracy: 87.20%
Validation Batch 190/700, Validation Accuracy: 87.20%
Validation Batch 195/700, Validation Accuracy: 87.16%
Validation Batch 200/700, Validation Accuracy: 87.19%
Validation Batch 205/700, Validation Accuracy: 87.19%
Validation Batch 210/700, Validation Accuracy: 87.16%
Validation Batch 215/700, Validation Accuracy: 87.23%
Validation Batch 220/700, Validation Accuracy: 87.18%
Validation Batch 225/700, Validation Accuracy: 87.20%
Validation Batch 230/700, Validation Accuracy: 87.20%
Validation Batch 235/700, Validation Accuracy: 87.20%
Validation Batch 240/700, Validation Accuracy: 87.21%
Validation Batch 245/700, Validation Accuracy: 87.25%
Validation Batch 250/700, Validation Accuracy: 87.26%
Validation Batch 255/700, Validation Accuracy: 87.28%
Validation Batch 260/700, Validation Accuracy: 87.29%
Validation Batch 265/700, Validation Accuracy: 87.26%
Validation Batch 270/700, Validation Accuracy: 87.26%
Validation Batch 275/700, Validation Accuracy: 87.24%
Validation Batch 280/700, Validation Accuracy: 87.23%
Validation Batch 285/700, Validation Accuracy: 87.26%
Validation Batch 290/700, Validation Accuracy: 87.28%
Validation Batch 295/700, Validation Accuracy: 87.28%
Validation Batch 300/700, Validation Accuracy: 87.29%
Validation Batch 305/700, Validation Accuracy: 87.30%
Validation Batch 310/700, Validation Accuracy: 87.32%
Validation Batch 315/700, Validation Accuracy: 87.29%
Validation Batch 320/700, Validation Accuracy: 87.29%
Validation Batch 325/700, Validation Accuracy: 87.28%
Validation Batch 330/700, Validation Accuracy: 87.27%
Validation Batch 335/700, Validation Accuracy: 87.25%
Validation Batch 340/700, Validation Accuracy: 87.25%
Validation Batch 345/700, Validation Accuracy: 87.24%
Validation Batch 350/700, Validation Accuracy: 87.25%
Validation Batch 355/700, Validation Accuracy: 87.25%
Validation Batch 360/700, Validation Accuracy: 87.27%
Validation Batch 365/700, Validation Accuracy: 87.27%
Validation Batch 370/700, Validation Accuracy: 87.29%
Validation Batch 375/700, Validation Accuracy: 87.33%
Validation Batch 380/700, Validation Accuracy: 87.33%
Validation Batch 385/700, Validation Accuracy: 87.32%
Validation Batch 390/700, Validation Accuracy: 87.30%
Validation Batch 395/700, Validation Accuracy: 87.30%
Validation Batch 400/700, Validation Accuracy: 87.32%
Validation Batch 405/700, Validation Accuracy: 87.31%
Validation Batch 410/700, Validation Accuracy: 87.32%
Validation Batch 415/700, Validation Accuracy: 87.33%
Validation Batch 420/700, Validation Accuracy: 87.34%
Validation Batch 425/700, Validation Accuracy: 87.34%
Validation Batch 430/700, Validation Accuracy: 87.37%
Validation Batch 435/700, Validation Accuracy: 87.39%
Validation Batch 440/700, Validation Accuracy: 87.39%
Validation Batch 445/700, Validation Accuracy: 87.38%
Validation Batch 450/700, Validation Accuracy: 87.39%
Validation Batch 455/700, Validation Accuracy: 87.39%
Validation Batch 460/700, Validation Accuracy: 87.38%
Validation Batch 465/700, Validation Accuracy: 87.38%
Validation Batch 470/700, Validation Accuracy: 87.37%
Validation Batch 475/700, Validation Accuracy: 87.35%
Validation Batch 480/700, Validation Accuracy: 87.36%
Validation Batch 485/700, Validation Accuracy: 87.36%
Validation Batch 490/700, Validation Accuracy: 87.37%
Validation Batch 495/700, Validation Accuracy: 87.36%
Validation Batch 500/700, Validation Accuracy: 87.36%
Validation Batch 505/700, Validation Accuracy: 87.37%
Validation Batch 510/700, Validation Accuracy: 87.39%
Validation Batch 515/700, Validation Accuracy: 87.38%
Validation Batch 520/700, Validation Accuracy: 87.39%
Validation Batch 525/700, Validation Accuracy: 87.37%
Validation Batch 530/700, Validation Accuracy: 87.37%
Validation Batch 535/700, Validation Accuracy: 87.34%
Validation Batch 540/700, Validation Accuracy: 87.34%
Validation Batch 545/700, Validation Accuracy: 87.34%
Validation Batch 550/700, Validation Accuracy: 87.33%
Validation Batch 555/700, Validation Accuracy: 87.31%
Validation Batch 560/700, Validation Accuracy: 87.30%
Validation Batch 565/700, Validation Accuracy: 87.28%
Validation Batch 570/700, Validation Accuracy: 87.27%
Validation Batch 575/700, Validation Accuracy: 87.26%
Validation Batch 580/700, Validation Accuracy: 87.25%
Validation Batch 585/700, Validation Accuracy: 87.25%
Validation Batch 590/700, Validation Accuracy: 87.24%
Validation Batch 595/700, Validation Accuracy: 87.25%
Validation Batch 600/700, Validation Accuracy: 87.26%
Validation Batch 605/700, Validation Accuracy: 87.28%
Validation Batch 610/700, Validation Accuracy: 87.28%
Validation Batch 615/700, Validation Accuracy: 87.26%
Validation Batch 620/700, Validation Accuracy: 87.26%
Validation Batch 625/700, Validation Accuracy: 87.27%
Validation Batch 630/700, Validation Accuracy: 87.27%
Validation Batch 635/700, Validation Accuracy: 87.25%
Validation Batch 640/700, Validation Accuracy: 87.24%
Validation Batch 645/700, Validation Accuracy: 87.26%
Validation Batch 650/700, Validation Accuracy: 87.27%
Validation Batch 655/700, Validation Accuracy: 87.29%
Validation Batch 660/700, Validation Accuracy: 87.29%
Validation Batch 665/700, Validation Accuracy: 87.30%
Validation Batch 670/700, Validation Accuracy: 87.30%
Validation Batch 675/700, Validation Accuracy: 87.30%
Validation Batch 680/700, Validation Accuracy: 87.29%
Validation Batch 685/700, Validation Accuracy: 87.28%
Validation Batch 690/700, Validation Accuracy: 87.28%
Validation Batch 695/700, Validation Accuracy: 87.27%
Validation Batch 700/700, Validation Accuracy: 87.28%
Validation Accuracy for Epoch 6: 87.28%

--- Epoch 7/50 ---
Batch 5/2797, Loss: 0.3079, Train Acc: 88.75%
Batch 10/2797, Loss: 0.2900, Train Acc: 89.92%
Batch 15/2797, Loss: 0.2768, Train Acc: 90.16%
Batch 20/2797, Loss: 0.2799, Train Acc: 89.77%
Batch 25/2797, Loss: 0.2720, Train Acc: 89.88%
Batch 30/2797, Loss: 0.2772, Train Acc: 89.79%
Batch 35/2797, Loss: 0.2802, Train Acc: 89.71%
Batch 40/2797, Loss: 0.2785, Train Acc: 89.63%
Batch 45/2797, Loss: 0.2789, Train Acc: 89.67%
Batch 50/2797, Loss: 0.2788, Train Acc: 89.67%
Batch 55/2797, Loss: 0.2781, Train Acc: 89.77%
Batch 60/2797, Loss: 0.2793, Train Acc: 89.75%
Batch 65/2797, Loss: 0.2774, Train Acc: 89.81%
Batch 70/2797, Loss: 0.2727, Train Acc: 89.97%
Batch 75/2797, Loss: 0.2723, Train Acc: 89.94%
Batch 80/2797, Loss: 0.2720, Train Acc: 89.92%
Batch 85/2797, Loss: 0.2732, Train Acc: 89.91%
Batch 90/2797, Loss: 0.2724, Train Acc: 89.98%
Batch 95/2797, Loss: 0.2715, Train Acc: 90.02%
Batch 100/2797, Loss: 0.2713, Train Acc: 90.06%
Batch 105/2797, Loss: 0.2686, Train Acc: 90.13%
Batch 110/2797, Loss: 0.2693, Train Acc: 90.12%
Batch 115/2797, Loss: 0.2690, Train Acc: 90.12%
Batch 120/2797, Loss: 0.2668, Train Acc: 90.16%
Batch 125/2797, Loss: 0.2661, Train Acc: 90.17%
Batch 130/2797, Loss: 0.2674, Train Acc: 90.11%
Batch 135/2797, Loss: 0.2662, Train Acc: 90.19%
Batch 140/2797, Loss: 0.2660, Train Acc: 90.22%
Batch 145/2797, Loss: 0.2665, Train Acc: 90.19%
Batch 150/2797, Loss: 0.2653, Train Acc: 90.23%
Batch 155/2797, Loss: 0.2652, Train Acc: 90.26%
Batch 160/2797, Loss: 0.2660, Train Acc: 90.26%
Batch 165/2797, Loss: 0.2655, Train Acc: 90.26%
Batch 170/2797, Loss: 0.2658, Train Acc: 90.25%
Batch 175/2797, Loss: 0.2663, Train Acc: 90.21%
Batch 180/2797, Loss: 0.2678, Train Acc: 90.15%
Batch 185/2797, Loss: 0.2670, Train Acc: 90.20%
Batch 190/2797, Loss: 0.2674, Train Acc: 90.20%
Batch 195/2797, Loss: 0.2666, Train Acc: 90.24%
Batch 200/2797, Loss: 0.2668, Train Acc: 90.22%
Batch 205/2797, Loss: 0.2677, Train Acc: 90.17%
Batch 210/2797, Loss: 0.2665, Train Acc: 90.23%
Batch 215/2797, Loss: 0.2669, Train Acc: 90.21%
Batch 220/2797, Loss: 0.2669, Train Acc: 90.18%
Batch 225/2797, Loss: 0.2671, Train Acc: 90.17%
Batch 230/2797, Loss: 0.2669, Train Acc: 90.18%
Batch 235/2797, Loss: 0.2661, Train Acc: 90.23%
Batch 240/2797, Loss: 0.2666, Train Acc: 90.21%
Batch 245/2797, Loss: 0.2668, Train Acc: 90.20%
Batch 250/2797, Loss: 0.2667, Train Acc: 90.19%
Batch 255/2797, Loss: 0.2668, Train Acc: 90.19%
Batch 260/2797, Loss: 0.2670, Train Acc: 90.18%
Batch 265/2797, Loss: 0.2669, Train Acc: 90.19%
Batch 270/2797, Loss: 0.2671, Train Acc: 90.14%
Batch 275/2797, Loss: 0.2667, Train Acc: 90.15%
Batch 280/2797, Loss: 0.2663, Train Acc: 90.18%
Batch 285/2797, Loss: 0.2658, Train Acc: 90.18%
Batch 290/2797, Loss: 0.2662, Train Acc: 90.16%
Batch 295/2797, Loss: 0.2662, Train Acc: 90.18%
Batch 300/2797, Loss: 0.2657, Train Acc: 90.19%
Batch 305/2797, Loss: 0.2657, Train Acc: 90.21%
Batch 310/2797, Loss: 0.2648, Train Acc: 90.23%
Batch 315/2797, Loss: 0.2651, Train Acc: 90.21%
Batch 320/2797, Loss: 0.2650, Train Acc: 90.21%
Batch 325/2797, Loss: 0.2654, Train Acc: 90.19%
Batch 330/2797, Loss: 0.2649, Train Acc: 90.21%
Batch 335/2797, Loss: 0.2641, Train Acc: 90.24%
Batch 340/2797, Loss: 0.2638, Train Acc: 90.24%
Batch 345/2797, Loss: 0.2638, Train Acc: 90.24%
Batch 350/2797, Loss: 0.2643, Train Acc: 90.23%
Batch 355/2797, Loss: 0.2641, Train Acc: 90.25%
Batch 360/2797, Loss: 0.2642, Train Acc: 90.23%
Batch 365/2797, Loss: 0.2636, Train Acc: 90.26%
Batch 370/2797, Loss: 0.2639, Train Acc: 90.27%
Batch 375/2797, Loss: 0.2641, Train Acc: 90.25%
Batch 380/2797, Loss: 0.2641, Train Acc: 90.26%
Batch 385/2797, Loss: 0.2648, Train Acc: 90.23%
Batch 390/2797, Loss: 0.2648, Train Acc: 90.23%
Batch 395/2797, Loss: 0.2644, Train Acc: 90.25%
Batch 400/2797, Loss: 0.2647, Train Acc: 90.23%
Batch 405/2797, Loss: 0.2648, Train Acc: 90.23%
Batch 410/2797, Loss: 0.2650, Train Acc: 90.22%
Batch 415/2797, Loss: 0.2653, Train Acc: 90.18%
Batch 420/2797, Loss: 0.2653, Train Acc: 90.19%
Batch 425/2797, Loss: 0.2654, Train Acc: 90.18%
Batch 430/2797, Loss: 0.2659, Train Acc: 90.16%
Batch 435/2797, Loss: 0.2662, Train Acc: 90.16%
Batch 440/2797, Loss: 0.2662, Train Acc: 90.16%
Batch 445/2797, Loss: 0.2659, Train Acc: 90.17%
Batch 450/2797, Loss: 0.2655, Train Acc: 90.18%
Batch 455/2797, Loss: 0.2655, Train Acc: 90.19%
Batch 460/2797, Loss: 0.2660, Train Acc: 90.16%
Batch 465/2797, Loss: 0.2660, Train Acc: 90.15%
Batch 470/2797, Loss: 0.2664, Train Acc: 90.13%
Batch 475/2797, Loss: 0.2661, Train Acc: 90.14%
Batch 480/2797, Loss: 0.2661, Train Acc: 90.14%
Batch 485/2797, Loss: 0.2659, Train Acc: 90.16%
Batch 490/2797, Loss: 0.2663, Train Acc: 90.14%
Batch 495/2797, Loss: 0.2674, Train Acc: 90.13%
Batch 500/2797, Loss: 0.2678, Train Acc: 90.10%
Batch 505/2797, Loss: 0.2675, Train Acc: 90.11%
Batch 510/2797, Loss: 0.2676, Train Acc: 90.10%
Batch 515/2797, Loss: 0.2670, Train Acc: 90.13%
Batch 520/2797, Loss: 0.2667, Train Acc: 90.15%
Batch 525/2797, Loss: 0.2667, Train Acc: 90.15%
Batch 530/2797, Loss: 0.2669, Train Acc: 90.14%
Batch 535/2797, Loss: 0.2667, Train Acc: 90.15%
Batch 540/2797, Loss: 0.2669, Train Acc: 90.13%
Batch 545/2797, Loss: 0.2664, Train Acc: 90.15%
Batch 550/2797, Loss: 0.2664, Train Acc: 90.15%
Batch 555/2797, Loss: 0.2662, Train Acc: 90.17%
Batch 560/2797, Loss: 0.2660, Train Acc: 90.17%
Batch 565/2797, Loss: 0.2658, Train Acc: 90.18%
Batch 570/2797, Loss: 0.2661, Train Acc: 90.18%
Batch 575/2797, Loss: 0.2663, Train Acc: 90.17%
Batch 580/2797, Loss: 0.2666, Train Acc: 90.17%
Batch 585/2797, Loss: 0.2667, Train Acc: 90.16%
Batch 590/2797, Loss: 0.2666, Train Acc: 90.17%
Batch 595/2797, Loss: 0.2667, Train Acc: 90.17%
Batch 600/2797, Loss: 0.2668, Train Acc: 90.16%
Batch 605/2797, Loss: 0.2667, Train Acc: 90.15%
Batch 610/2797, Loss: 0.2666, Train Acc: 90.16%
Batch 615/2797, Loss: 0.2668, Train Acc: 90.16%
Batch 620/2797, Loss: 0.2669, Train Acc: 90.16%
Batch 625/2797, Loss: 0.2671, Train Acc: 90.14%
Batch 630/2797, Loss: 0.2671, Train Acc: 90.14%
Batch 635/2797, Loss: 0.2671, Train Acc: 90.14%
Batch 640/2797, Loss: 0.2671, Train Acc: 90.13%
Batch 645/2797, Loss: 0.2671, Train Acc: 90.14%
Batch 650/2797, Loss: 0.2668, Train Acc: 90.14%
Batch 655/2797, Loss: 0.2667, Train Acc: 90.15%
Batch 660/2797, Loss: 0.2666, Train Acc: 90.15%
Batch 665/2797, Loss: 0.2662, Train Acc: 90.16%
Batch 670/2797, Loss: 0.2662, Train Acc: 90.16%
Batch 675/2797, Loss: 0.2660, Train Acc: 90.17%
Batch 680/2797, Loss: 0.2662, Train Acc: 90.17%
Batch 685/2797, Loss: 0.2663, Train Acc: 90.17%
Batch 690/2797, Loss: 0.2664, Train Acc: 90.17%
Batch 695/2797, Loss: 0.2666, Train Acc: 90.16%
Batch 700/2797, Loss: 0.2664, Train Acc: 90.17%
Batch 705/2797, Loss: 0.2664, Train Acc: 90.17%
Batch 710/2797, Loss: 0.2667, Train Acc: 90.17%
Batch 715/2797, Loss: 0.2668, Train Acc: 90.16%
Batch 720/2797, Loss: 0.2667, Train Acc: 90.15%
Batch 725/2797, Loss: 0.2666, Train Acc: 90.16%
Batch 730/2797, Loss: 0.2666, Train Acc: 90.16%
Batch 735/2797, Loss: 0.2665, Train Acc: 90.15%
Batch 740/2797, Loss: 0.2662, Train Acc: 90.15%
Batch 745/2797, Loss: 0.2661, Train Acc: 90.16%
Batch 750/2797, Loss: 0.2661, Train Acc: 90.17%
Batch 755/2797, Loss: 0.2661, Train Acc: 90.16%
Batch 760/2797, Loss: 0.2658, Train Acc: 90.18%
Batch 765/2797, Loss: 0.2659, Train Acc: 90.17%
Batch 770/2797, Loss: 0.2659, Train Acc: 90.16%
Batch 775/2797, Loss: 0.2660, Train Acc: 90.16%
Batch 780/2797, Loss: 0.2660, Train Acc: 90.16%
Batch 785/2797, Loss: 0.2661, Train Acc: 90.16%
Batch 790/2797, Loss: 0.2658, Train Acc: 90.16%
Batch 795/2797, Loss: 0.2660, Train Acc: 90.16%
Batch 800/2797, Loss: 0.2660, Train Acc: 90.16%
Batch 805/2797, Loss: 0.2660, Train Acc: 90.16%
Batch 810/2797, Loss: 0.2659, Train Acc: 90.16%
Batch 815/2797, Loss: 0.2657, Train Acc: 90.17%
Batch 820/2797, Loss: 0.2657, Train Acc: 90.17%
Batch 825/2797, Loss: 0.2656, Train Acc: 90.17%
Batch 830/2797, Loss: 0.2656, Train Acc: 90.17%
Batch 835/2797, Loss: 0.2654, Train Acc: 90.18%
Batch 840/2797, Loss: 0.2656, Train Acc: 90.17%
Batch 845/2797, Loss: 0.2658, Train Acc: 90.17%
Batch 850/2797, Loss: 0.2656, Train Acc: 90.18%
Batch 855/2797, Loss: 0.2658, Train Acc: 90.18%
Batch 860/2797, Loss: 0.2658, Train Acc: 90.17%
Batch 865/2797, Loss: 0.2657, Train Acc: 90.18%
Batch 870/2797, Loss: 0.2658, Train Acc: 90.17%
Batch 875/2797, Loss: 0.2661, Train Acc: 90.16%
Batch 880/2797, Loss: 0.2662, Train Acc: 90.16%
Batch 885/2797, Loss: 0.2663, Train Acc: 90.15%
Batch 890/2797, Loss: 0.2662, Train Acc: 90.16%
Batch 895/2797, Loss: 0.2663, Train Acc: 90.15%
Batch 900/2797, Loss: 0.2662, Train Acc: 90.16%
Batch 905/2797, Loss: 0.2661, Train Acc: 90.16%
Batch 910/2797, Loss: 0.2661, Train Acc: 90.15%
Batch 915/2797, Loss: 0.2662, Train Acc: 90.15%
Batch 920/2797, Loss: 0.2663, Train Acc: 90.14%
Batch 925/2797, Loss: 0.2664, Train Acc: 90.13%
Batch 930/2797, Loss: 0.2664, Train Acc: 90.13%
Batch 935/2797, Loss: 0.2665, Train Acc: 90.12%
Batch 940/2797, Loss: 0.2664, Train Acc: 90.12%
Batch 945/2797, Loss: 0.2664, Train Acc: 90.12%
Batch 950/2797, Loss: 0.2666, Train Acc: 90.11%
Batch 955/2797, Loss: 0.2667, Train Acc: 90.11%
Batch 960/2797, Loss: 0.2668, Train Acc: 90.11%
Batch 965/2797, Loss: 0.2669, Train Acc: 90.10%
Batch 970/2797, Loss: 0.2671, Train Acc: 90.10%
Batch 975/2797, Loss: 0.2673, Train Acc: 90.09%
Batch 980/2797, Loss: 0.2673, Train Acc: 90.09%
Batch 985/2797, Loss: 0.2673, Train Acc: 90.09%
Batch 990/2797, Loss: 0.2675, Train Acc: 90.09%
Batch 995/2797, Loss: 0.2676, Train Acc: 90.09%
Batch 1000/2797, Loss: 0.2675, Train Acc: 90.09%
Batch 1005/2797, Loss: 0.2675, Train Acc: 90.09%
Batch 1010/2797, Loss: 0.2672, Train Acc: 90.10%
Batch 1015/2797, Loss: 0.2674, Train Acc: 90.10%
Batch 1020/2797, Loss: 0.2673, Train Acc: 90.10%
Batch 1025/2797, Loss: 0.2672, Train Acc: 90.10%
Batch 1030/2797, Loss: 0.2673, Train Acc: 90.09%
Batch 1035/2797, Loss: 0.2672, Train Acc: 90.10%
Batch 1040/2797, Loss: 0.2673, Train Acc: 90.09%
Batch 1045/2797, Loss: 0.2672, Train Acc: 90.10%
Batch 1050/2797, Loss: 0.2671, Train Acc: 90.10%
Batch 1055/2797, Loss: 0.2672, Train Acc: 90.09%
Batch 1060/2797, Loss: 0.2672, Train Acc: 90.10%
Batch 1065/2797, Loss: 0.2672, Train Acc: 90.10%
Batch 1070/2797, Loss: 0.2671, Train Acc: 90.10%
Batch 1075/2797, Loss: 0.2672, Train Acc: 90.10%
Batch 1080/2797, Loss: 0.2671, Train Acc: 90.10%
Batch 1085/2797, Loss: 0.2669, Train Acc: 90.11%
Batch 1090/2797, Loss: 0.2668, Train Acc: 90.11%
Batch 1095/2797, Loss: 0.2667, Train Acc: 90.11%
Batch 1100/2797, Loss: 0.2665, Train Acc: 90.12%
Batch 1105/2797, Loss: 0.2665, Train Acc: 90.12%
Batch 1110/2797, Loss: 0.2667, Train Acc: 90.12%
Batch 1115/2797, Loss: 0.2667, Train Acc: 90.12%
Batch 1120/2797, Loss: 0.2665, Train Acc: 90.13%
Batch 1125/2797, Loss: 0.2665, Train Acc: 90.13%
Batch 1130/2797, Loss: 0.2667, Train Acc: 90.13%
Batch 1135/2797, Loss: 0.2666, Train Acc: 90.14%
Batch 1140/2797, Loss: 0.2666, Train Acc: 90.14%
Batch 1145/2797, Loss: 0.2666, Train Acc: 90.14%
Batch 1150/2797, Loss: 0.2664, Train Acc: 90.14%
Batch 1155/2797, Loss: 0.2663, Train Acc: 90.15%
Batch 1160/2797, Loss: 0.2662, Train Acc: 90.15%
Batch 1165/2797, Loss: 0.2661, Train Acc: 90.15%
Batch 1170/2797, Loss: 0.2662, Train Acc: 90.15%
Batch 1175/2797, Loss: 0.2661, Train Acc: 90.15%
Batch 1180/2797, Loss: 0.2660, Train Acc: 90.16%
Batch 1185/2797, Loss: 0.2661, Train Acc: 90.16%
Batch 1190/2797, Loss: 0.2660, Train Acc: 90.15%
Batch 1195/2797, Loss: 0.2659, Train Acc: 90.15%
Batch 1200/2797, Loss: 0.2659, Train Acc: 90.15%
Batch 1205/2797, Loss: 0.2658, Train Acc: 90.15%
Batch 1210/2797, Loss: 0.2659, Train Acc: 90.15%
Batch 1215/2797, Loss: 0.2658, Train Acc: 90.16%
Batch 1220/2797, Loss: 0.2658, Train Acc: 90.15%
Batch 1225/2797, Loss: 0.2656, Train Acc: 90.15%
Batch 1230/2797, Loss: 0.2655, Train Acc: 90.15%
Batch 1235/2797, Loss: 0.2657, Train Acc: 90.14%
Batch 1240/2797, Loss: 0.2657, Train Acc: 90.14%
Batch 1245/2797, Loss: 0.2657, Train Acc: 90.13%
Batch 1250/2797, Loss: 0.2658, Train Acc: 90.13%
Batch 1255/2797, Loss: 0.2659, Train Acc: 90.12%
Batch 1260/2797, Loss: 0.2658, Train Acc: 90.12%
Batch 1265/2797, Loss: 0.2659, Train Acc: 90.12%
Batch 1270/2797, Loss: 0.2659, Train Acc: 90.12%
Batch 1275/2797, Loss: 0.2659, Train Acc: 90.11%
Batch 1280/2797, Loss: 0.2659, Train Acc: 90.11%
Batch 1285/2797, Loss: 0.2662, Train Acc: 90.10%
Batch 1290/2797, Loss: 0.2664, Train Acc: 90.09%
Batch 1295/2797, Loss: 0.2664, Train Acc: 90.09%
Batch 1300/2797, Loss: 0.2664, Train Acc: 90.09%
Batch 1305/2797, Loss: 0.2664, Train Acc: 90.10%
Batch 1310/2797, Loss: 0.2665, Train Acc: 90.09%
Batch 1315/2797, Loss: 0.2665, Train Acc: 90.09%
Batch 1320/2797, Loss: 0.2669, Train Acc: 90.08%
Batch 1325/2797, Loss: 0.2670, Train Acc: 90.08%
Batch 1330/2797, Loss: 0.2669, Train Acc: 90.08%
Batch 1335/2797, Loss: 0.2667, Train Acc: 90.08%
Batch 1340/2797, Loss: 0.2668, Train Acc: 90.08%
Batch 1345/2797, Loss: 0.2670, Train Acc: 90.08%
Batch 1350/2797, Loss: 0.2670, Train Acc: 90.07%
Batch 1355/2797, Loss: 0.2671, Train Acc: 90.07%
Batch 1360/2797, Loss: 0.2671, Train Acc: 90.07%
Batch 1365/2797, Loss: 0.2671, Train Acc: 90.07%
Batch 1370/2797, Loss: 0.2671, Train Acc: 90.07%
Batch 1375/2797, Loss: 0.2671, Train Acc: 90.06%
Batch 1380/2797, Loss: 0.2673, Train Acc: 90.06%
Batch 1385/2797, Loss: 0.2672, Train Acc: 90.06%
Batch 1390/2797, Loss: 0.2672, Train Acc: 90.07%
Batch 1395/2797, Loss: 0.2671, Train Acc: 90.07%
Batch 1400/2797, Loss: 0.2671, Train Acc: 90.07%
Batch 1405/2797, Loss: 0.2671, Train Acc: 90.07%
Batch 1410/2797, Loss: 0.2671, Train Acc: 90.07%
Batch 1415/2797, Loss: 0.2672, Train Acc: 90.08%
Batch 1420/2797, Loss: 0.2670, Train Acc: 90.08%
Batch 1425/2797, Loss: 0.2670, Train Acc: 90.08%
