Batch 2060/2797, Loss: 0.2235, Train Acc: 91.79%
Batch 2065/2797, Loss: 0.2235, Train Acc: 91.79%
Batch 2070/2797, Loss: 0.2237, Train Acc: 91.78%
Batch 2075/2797, Loss: 0.2237, Train Acc: 91.78%
Batch 2080/2797, Loss: 0.2237, Train Acc: 91.78%
Batch 2085/2797, Loss: 0.2238, Train Acc: 91.78%
Batch 2090/2797, Loss: 0.2239, Train Acc: 91.78%
Batch 2095/2797, Loss: 0.2239, Train Acc: 91.78%
Batch 2100/2797, Loss: 0.2239, Train Acc: 91.77%
Batch 2105/2797, Loss: 0.2238, Train Acc: 91.78%
Batch 2110/2797, Loss: 0.2239, Train Acc: 91.78%
Batch 2115/2797, Loss: 0.2239, Train Acc: 91.78%
Batch 2120/2797, Loss: 0.2238, Train Acc: 91.78%
Batch 2125/2797, Loss: 0.2237, Train Acc: 91.78%
Batch 2130/2797, Loss: 0.2237, Train Acc: 91.78%
Batch 2135/2797, Loss: 0.2237, Train Acc: 91.78%
Batch 2140/2797, Loss: 0.2237, Train Acc: 91.78%
Batch 2145/2797, Loss: 0.2237, Train Acc: 91.77%
Batch 2150/2797, Loss: 0.2237, Train Acc: 91.78%
Batch 2155/2797, Loss: 0.2237, Train Acc: 91.77%
Batch 2160/2797, Loss: 0.2237, Train Acc: 91.77%
Batch 2165/2797, Loss: 0.2237, Train Acc: 91.77%
Batch 2170/2797, Loss: 0.2236, Train Acc: 91.77%
Batch 2175/2797, Loss: 0.2236, Train Acc: 91.77%
Batch 2180/2797, Loss: 0.2236, Train Acc: 91.77%
Batch 2185/2797, Loss: 0.2236, Train Acc: 91.78%
Batch 2190/2797, Loss: 0.2236, Train Acc: 91.77%
Batch 2195/2797, Loss: 0.2236, Train Acc: 91.78%
Batch 2200/2797, Loss: 0.2237, Train Acc: 91.77%
Batch 2205/2797, Loss: 0.2236, Train Acc: 91.78%
Batch 2210/2797, Loss: 0.2236, Train Acc: 91.77%
Batch 2215/2797, Loss: 0.2236, Train Acc: 91.78%
Batch 2220/2797, Loss: 0.2236, Train Acc: 91.78%
Batch 2225/2797, Loss: 0.2238, Train Acc: 91.77%
Batch 2230/2797, Loss: 0.2238, Train Acc: 91.77%
Batch 2235/2797, Loss: 0.2239, Train Acc: 91.77%
Batch 2240/2797, Loss: 0.2239, Train Acc: 91.77%
Batch 2245/2797, Loss: 0.2240, Train Acc: 91.77%
Batch 2250/2797, Loss: 0.2239, Train Acc: 91.77%
Batch 2255/2797, Loss: 0.2238, Train Acc: 91.77%
Batch 2260/2797, Loss: 0.2238, Train Acc: 91.77%
Batch 2265/2797, Loss: 0.2238, Train Acc: 91.77%
Batch 2270/2797, Loss: 0.2238, Train Acc: 91.77%
Batch 2275/2797, Loss: 0.2238, Train Acc: 91.77%
Batch 2280/2797, Loss: 0.2238, Train Acc: 91.77%
Batch 2285/2797, Loss: 0.2237, Train Acc: 91.78%
Batch 2290/2797, Loss: 0.2237, Train Acc: 91.77%
Batch 2295/2797, Loss: 0.2237, Train Acc: 91.78%
Batch 2300/2797, Loss: 0.2237, Train Acc: 91.78%
Batch 2305/2797, Loss: 0.2236, Train Acc: 91.78%
Batch 2310/2797, Loss: 0.2236, Train Acc: 91.78%
Batch 2315/2797, Loss: 0.2237, Train Acc: 91.78%
Batch 2320/2797, Loss: 0.2237, Train Acc: 91.78%
Batch 2325/2797, Loss: 0.2237, Train Acc: 91.78%
Batch 2330/2797, Loss: 0.2236, Train Acc: 91.78%
Batch 2335/2797, Loss: 0.2236, Train Acc: 91.79%
Batch 2340/2797, Loss: 0.2235, Train Acc: 91.79%
Batch 2345/2797, Loss: 0.2234, Train Acc: 91.79%
Batch 2350/2797, Loss: 0.2235, Train Acc: 91.79%
Batch 2355/2797, Loss: 0.2234, Train Acc: 91.79%
Batch 2360/2797, Loss: 0.2235, Train Acc: 91.80%
Batch 2365/2797, Loss: 0.2235, Train Acc: 91.79%
Batch 2370/2797, Loss: 0.2235, Train Acc: 91.79%
Batch 2375/2797, Loss: 0.2235, Train Acc: 91.79%
Batch 2380/2797, Loss: 0.2235, Train Acc: 91.80%
Batch 2385/2797, Loss: 0.2235, Train Acc: 91.80%
Batch 2390/2797, Loss: 0.2234, Train Acc: 91.80%
Batch 2395/2797, Loss: 0.2233, Train Acc: 91.80%
Batch 2400/2797, Loss: 0.2233, Train Acc: 91.80%
Batch 2405/2797, Loss: 0.2232, Train Acc: 91.81%
Batch 2410/2797, Loss: 0.2232, Train Acc: 91.81%
Batch 2415/2797, Loss: 0.2231, Train Acc: 91.81%
Batch 2420/2797, Loss: 0.2231, Train Acc: 91.81%
Batch 2425/2797, Loss: 0.2231, Train Acc: 91.81%
Batch 2430/2797, Loss: 0.2232, Train Acc: 91.81%
Batch 2435/2797, Loss: 0.2233, Train Acc: 91.80%
Batch 2440/2797, Loss: 0.2232, Train Acc: 91.80%
Batch 2445/2797, Loss: 0.2233, Train Acc: 91.80%
Batch 2450/2797, Loss: 0.2233, Train Acc: 91.80%
Batch 2455/2797, Loss: 0.2233, Train Acc: 91.80%
Batch 2460/2797, Loss: 0.2233, Train Acc: 91.80%
Batch 2465/2797, Loss: 0.2232, Train Acc: 91.80%
Batch 2470/2797, Loss: 0.2233, Train Acc: 91.79%
Batch 2475/2797, Loss: 0.2233, Train Acc: 91.79%
Batch 2480/2797, Loss: 0.2233, Train Acc: 91.79%
Batch 2485/2797, Loss: 0.2233, Train Acc: 91.79%
Batch 2490/2797, Loss: 0.2232, Train Acc: 91.79%
Batch 2495/2797, Loss: 0.2233, Train Acc: 91.79%
Batch 2500/2797, Loss: 0.2232, Train Acc: 91.79%
Batch 2505/2797, Loss: 0.2232, Train Acc: 91.79%
Batch 2510/2797, Loss: 0.2232, Train Acc: 91.79%
Batch 2515/2797, Loss: 0.2232, Train Acc: 91.79%
Batch 2520/2797, Loss: 0.2232, Train Acc: 91.79%
Batch 2525/2797, Loss: 0.2232, Train Acc: 91.79%
Batch 2530/2797, Loss: 0.2232, Train Acc: 91.78%
Batch 2535/2797, Loss: 0.2232, Train Acc: 91.78%
Batch 2540/2797, Loss: 0.2233, Train Acc: 91.78%
Batch 2545/2797, Loss: 0.2233, Train Acc: 91.78%
Batch 2550/2797, Loss: 0.2233, Train Acc: 91.78%
Batch 2555/2797, Loss: 0.2233, Train Acc: 91.78%
Batch 2560/2797, Loss: 0.2233, Train Acc: 91.78%
Batch 2565/2797, Loss: 0.2233, Train Acc: 91.78%
Batch 2570/2797, Loss: 0.2234, Train Acc: 91.78%
Batch 2575/2797, Loss: 0.2234, Train Acc: 91.78%
Batch 2580/2797, Loss: 0.2235, Train Acc: 91.78%
Batch 2585/2797, Loss: 0.2234, Train Acc: 91.78%
Batch 2590/2797, Loss: 0.2234, Train Acc: 91.78%
Batch 2595/2797, Loss: 0.2234, Train Acc: 91.78%
Batch 2600/2797, Loss: 0.2233, Train Acc: 91.78%
Batch 2605/2797, Loss: 0.2233, Train Acc: 91.79%
Batch 2610/2797, Loss: 0.2233, Train Acc: 91.79%
Batch 2615/2797, Loss: 0.2233, Train Acc: 91.79%
Batch 2620/2797, Loss: 0.2234, Train Acc: 91.79%
Batch 2625/2797, Loss: 0.2234, Train Acc: 91.78%
Batch 2630/2797, Loss: 0.2234, Train Acc: 91.78%
Batch 2635/2797, Loss: 0.2233, Train Acc: 91.78%
Batch 2640/2797, Loss: 0.2233, Train Acc: 91.78%
Batch 2645/2797, Loss: 0.2233, Train Acc: 91.78%
Batch 2650/2797, Loss: 0.2233, Train Acc: 91.78%
Batch 2655/2797, Loss: 0.2234, Train Acc: 91.78%
Batch 2660/2797, Loss: 0.2235, Train Acc: 91.78%
Batch 2665/2797, Loss: 0.2234, Train Acc: 91.78%
Batch 2670/2797, Loss: 0.2234, Train Acc: 91.78%
Batch 2675/2797, Loss: 0.2234, Train Acc: 91.78%
Batch 2680/2797, Loss: 0.2234, Train Acc: 91.78%
Batch 2685/2797, Loss: 0.2235, Train Acc: 91.78%
Batch 2690/2797, Loss: 0.2234, Train Acc: 91.78%
Batch 2695/2797, Loss: 0.2234, Train Acc: 91.78%
Batch 2700/2797, Loss: 0.2234, Train Acc: 91.78%
Batch 2705/2797, Loss: 0.2233, Train Acc: 91.79%
Batch 2710/2797, Loss: 0.2233, Train Acc: 91.79%
Batch 2715/2797, Loss: 0.2234, Train Acc: 91.78%
Batch 2720/2797, Loss: 0.2235, Train Acc: 91.78%
Batch 2725/2797, Loss: 0.2235, Train Acc: 91.78%
Batch 2730/2797, Loss: 0.2234, Train Acc: 91.78%
Batch 2735/2797, Loss: 0.2234, Train Acc: 91.78%
Batch 2740/2797, Loss: 0.2235, Train Acc: 91.78%
Batch 2745/2797, Loss: 0.2235, Train Acc: 91.78%
Batch 2750/2797, Loss: 0.2235, Train Acc: 91.78%
Batch 2755/2797, Loss: 0.2235, Train Acc: 91.78%
Batch 2760/2797, Loss: 0.2235, Train Acc: 91.78%
Batch 2765/2797, Loss: 0.2234, Train Acc: 91.78%
Batch 2770/2797, Loss: 0.2233, Train Acc: 91.78%
Batch 2775/2797, Loss: 0.2234, Train Acc: 91.78%
Batch 2780/2797, Loss: 0.2234, Train Acc: 91.78%
Batch 2785/2797, Loss: 0.2234, Train Acc: 91.78%
Batch 2790/2797, Loss: 0.2234, Train Acc: 91.78%
Batch 2795/2797, Loss: 0.2234, Train Acc: 91.78%
Learning Rate: 0.002800
Epoch 13/50, Average Loss: 0.2235, Train Accuracy: 91.78%
Validation Batch 5/700, Validation Accuracy: 92.97%
Validation Batch 10/700, Validation Accuracy: 92.19%
Validation Batch 15/700, Validation Accuracy: 91.46%
Validation Batch 20/700, Validation Accuracy: 90.51%
Validation Batch 25/700, Validation Accuracy: 90.28%
Validation Batch 30/700, Validation Accuracy: 90.42%
Validation Batch 35/700, Validation Accuracy: 90.25%
Validation Batch 40/700, Validation Accuracy: 90.16%
Validation Batch 45/700, Validation Accuracy: 90.26%
Validation Batch 50/700, Validation Accuracy: 90.41%
Validation Batch 55/700, Validation Accuracy: 90.40%
Validation Batch 60/700, Validation Accuracy: 90.39%
Validation Batch 65/700, Validation Accuracy: 90.38%
Validation Batch 70/700, Validation Accuracy: 90.36%
Validation Batch 75/700, Validation Accuracy: 90.34%
Validation Batch 80/700, Validation Accuracy: 90.28%
Validation Batch 85/700, Validation Accuracy: 90.30%
Validation Batch 90/700, Validation Accuracy: 90.35%
Validation Batch 95/700, Validation Accuracy: 90.22%
Validation Batch 100/700, Validation Accuracy: 90.21%
Validation Batch 105/700, Validation Accuracy: 90.16%
Validation Batch 110/700, Validation Accuracy: 90.15%
Validation Batch 115/700, Validation Accuracy: 90.10%
Validation Batch 120/700, Validation Accuracy: 90.12%
Validation Batch 125/700, Validation Accuracy: 90.16%
Validation Batch 130/700, Validation Accuracy: 90.15%
Validation Batch 135/700, Validation Accuracy: 90.16%
Validation Batch 140/700, Validation Accuracy: 90.08%
Validation Batch 145/700, Validation Accuracy: 90.12%
Validation Batch 150/700, Validation Accuracy: 90.15%
Validation Batch 155/700, Validation Accuracy: 90.18%
Validation Batch 160/700, Validation Accuracy: 90.10%
Validation Batch 165/700, Validation Accuracy: 90.11%
Validation Batch 170/700, Validation Accuracy: 90.18%
Validation Batch 175/700, Validation Accuracy: 90.18%
Validation Batch 180/700, Validation Accuracy: 90.14%
Validation Batch 185/700, Validation Accuracy: 90.12%
Validation Batch 190/700, Validation Accuracy: 90.12%
Validation Batch 195/700, Validation Accuracy: 90.09%
Validation Batch 200/700, Validation Accuracy: 90.08%
Validation Batch 205/700, Validation Accuracy: 90.06%
Validation Batch 210/700, Validation Accuracy: 90.06%
Validation Batch 215/700, Validation Accuracy: 90.09%
Validation Batch 220/700, Validation Accuracy: 90.08%
Validation Batch 225/700, Validation Accuracy: 90.12%
Validation Batch 230/700, Validation Accuracy: 90.09%
Validation Batch 235/700, Validation Accuracy: 90.10%
Validation Batch 240/700, Validation Accuracy: 90.15%
Validation Batch 245/700, Validation Accuracy: 90.18%
Validation Batch 250/700, Validation Accuracy: 90.17%
Validation Batch 255/700, Validation Accuracy: 90.19%
Validation Batch 260/700, Validation Accuracy: 90.20%
Validation Batch 265/700, Validation Accuracy: 90.20%
Validation Batch 270/700, Validation Accuracy: 90.21%
Validation Batch 275/700, Validation Accuracy: 90.16%
Validation Batch 280/700, Validation Accuracy: 90.19%
Validation Batch 285/700, Validation Accuracy: 90.21%
Validation Batch 290/700, Validation Accuracy: 90.22%
Validation Batch 295/700, Validation Accuracy: 90.24%
Validation Batch 300/700, Validation Accuracy: 90.26%
Validation Batch 305/700, Validation Accuracy: 90.27%
Validation Batch 310/700, Validation Accuracy: 90.26%
Validation Batch 315/700, Validation Accuracy: 90.27%
Validation Batch 320/700, Validation Accuracy: 90.24%
Validation Batch 325/700, Validation Accuracy: 90.24%
Validation Batch 330/700, Validation Accuracy: 90.25%
Validation Batch 335/700, Validation Accuracy: 90.26%
Validation Batch 340/700, Validation Accuracy: 90.28%
Validation Batch 345/700, Validation Accuracy: 90.24%
Validation Batch 350/700, Validation Accuracy: 90.24%
Validation Batch 355/700, Validation Accuracy: 90.24%
Validation Batch 360/700, Validation Accuracy: 90.25%
Validation Batch 365/700, Validation Accuracy: 90.25%
Validation Batch 370/700, Validation Accuracy: 90.26%
Validation Batch 375/700, Validation Accuracy: 90.27%
Validation Batch 380/700, Validation Accuracy: 90.27%
Validation Batch 385/700, Validation Accuracy: 90.26%
Validation Batch 390/700, Validation Accuracy: 90.25%
Validation Batch 395/700, Validation Accuracy: 90.22%
Validation Batch 400/700, Validation Accuracy: 90.22%
Validation Batch 405/700, Validation Accuracy: 90.20%
Validation Batch 410/700, Validation Accuracy: 90.20%
Validation Batch 415/700, Validation Accuracy: 90.21%
Validation Batch 420/700, Validation Accuracy: 90.22%
Validation Batch 425/700, Validation Accuracy: 90.22%
Validation Batch 430/700, Validation Accuracy: 90.24%
Validation Batch 435/700, Validation Accuracy: 90.24%
Validation Batch 440/700, Validation Accuracy: 90.22%
Validation Batch 445/700, Validation Accuracy: 90.22%
Validation Batch 450/700, Validation Accuracy: 90.24%
Validation Batch 455/700, Validation Accuracy: 90.24%
Validation Batch 460/700, Validation Accuracy: 90.25%
Validation Batch 465/700, Validation Accuracy: 90.25%
Validation Batch 470/700, Validation Accuracy: 90.26%
Validation Batch 475/700, Validation Accuracy: 90.24%
Validation Batch 480/700, Validation Accuracy: 90.27%
Validation Batch 485/700, Validation Accuracy: 90.25%
Validation Batch 490/700, Validation Accuracy: 90.25%
Validation Batch 495/700, Validation Accuracy: 90.25%
Validation Batch 500/700, Validation Accuracy: 90.24%
Validation Batch 505/700, Validation Accuracy: 90.26%
Validation Batch 510/700, Validation Accuracy: 90.26%
Validation Batch 515/700, Validation Accuracy: 90.27%
Validation Batch 520/700, Validation Accuracy: 90.27%
Validation Batch 525/700, Validation Accuracy: 90.24%
Validation Batch 530/700, Validation Accuracy: 90.24%
Validation Batch 535/700, Validation Accuracy: 90.22%
Validation Batch 540/700, Validation Accuracy: 90.22%
Validation Batch 545/700, Validation Accuracy: 90.21%
Validation Batch 550/700, Validation Accuracy: 90.22%
Validation Batch 555/700, Validation Accuracy: 90.21%
Validation Batch 560/700, Validation Accuracy: 90.21%
Validation Batch 565/700, Validation Accuracy: 90.20%
Validation Batch 570/700, Validation Accuracy: 90.21%
Validation Batch 575/700, Validation Accuracy: 90.21%
Validation Batch 580/700, Validation Accuracy: 90.22%
Validation Batch 585/700, Validation Accuracy: 90.23%
Validation Batch 590/700, Validation Accuracy: 90.23%
Validation Batch 595/700, Validation Accuracy: 90.22%
Validation Batch 600/700, Validation Accuracy: 90.22%
Validation Batch 605/700, Validation Accuracy: 90.23%
Validation Batch 610/700, Validation Accuracy: 90.23%
Validation Batch 615/700, Validation Accuracy: 90.22%
Validation Batch 620/700, Validation Accuracy: 90.22%
Validation Batch 625/700, Validation Accuracy: 90.23%
Validation Batch 630/700, Validation Accuracy: 90.22%
Validation Batch 635/700, Validation Accuracy: 90.23%
Validation Batch 640/700, Validation Accuracy: 90.23%
Validation Batch 645/700, Validation Accuracy: 90.25%
Validation Batch 650/700, Validation Accuracy: 90.26%
Validation Batch 655/700, Validation Accuracy: 90.26%
Validation Batch 660/700, Validation Accuracy: 90.26%
Validation Batch 665/700, Validation Accuracy: 90.27%
Validation Batch 670/700, Validation Accuracy: 90.27%
Validation Batch 675/700, Validation Accuracy: 90.27%
Validation Batch 680/700, Validation Accuracy: 90.28%
Validation Batch 685/700, Validation Accuracy: 90.28%
Validation Batch 690/700, Validation Accuracy: 90.27%
Validation Batch 695/700, Validation Accuracy: 90.27%
Validation Batch 700/700, Validation Accuracy: 90.26%
Validation Accuracy for Epoch 13: 90.26%

--- Epoch 14/50 ---
Batch 5/2797, Loss: 0.1843, Train Acc: 93.91%
Batch 10/2797, Loss: 0.2073, Train Acc: 93.20%
Batch 15/2797, Loss: 0.2020, Train Acc: 92.71%
Batch 20/2797, Loss: 0.2009, Train Acc: 92.62%
Batch 25/2797, Loss: 0.2016, Train Acc: 92.56%
Batch 30/2797, Loss: 0.2029, Train Acc: 92.53%
Batch 35/2797, Loss: 0.2048, Train Acc: 92.50%
Batch 40/2797, Loss: 0.2028, Train Acc: 92.58%
Batch 45/2797, Loss: 0.2037, Train Acc: 92.40%
Batch 50/2797, Loss: 0.2068, Train Acc: 92.25%
Batch 55/2797, Loss: 0.2051, Train Acc: 92.33%
Batch 60/2797, Loss: 0.2061, Train Acc: 92.36%
Batch 65/2797, Loss: 0.2060, Train Acc: 92.40%
Batch 70/2797, Loss: 0.2089, Train Acc: 92.29%
Batch 75/2797, Loss: 0.2090, Train Acc: 92.28%
Batch 80/2797, Loss: 0.2083, Train Acc: 92.32%
Batch 85/2797, Loss: 0.2096, Train Acc: 92.29%
Batch 90/2797, Loss: 0.2062, Train Acc: 92.40%
Batch 95/2797, Loss: 0.2062, Train Acc: 92.38%
Batch 100/2797, Loss: 0.2071, Train Acc: 92.30%
Batch 105/2797, Loss: 0.2072, Train Acc: 92.28%
Batch 110/2797, Loss: 0.2059, Train Acc: 92.33%
Batch 115/2797, Loss: 0.2061, Train Acc: 92.35%
Batch 120/2797, Loss: 0.2056, Train Acc: 92.37%
Batch 125/2797, Loss: 0.2043, Train Acc: 92.40%
Batch 130/2797, Loss: 0.2049, Train Acc: 92.37%
Batch 135/2797, Loss: 0.2056, Train Acc: 92.33%
Batch 140/2797, Loss: 0.2082, Train Acc: 92.25%
Batch 145/2797, Loss: 0.2089, Train Acc: 92.26%
Batch 150/2797, Loss: 0.2104, Train Acc: 92.20%
Batch 155/2797, Loss: 0.2098, Train Acc: 92.22%
Batch 160/2797, Loss: 0.2099, Train Acc: 92.19%
Batch 165/2797, Loss: 0.2103, Train Acc: 92.18%
Batch 170/2797, Loss: 0.2115, Train Acc: 92.14%
Batch 175/2797, Loss: 0.2117, Train Acc: 92.12%
Batch 180/2797, Loss: 0.2124, Train Acc: 92.09%
Batch 185/2797, Loss: 0.2123, Train Acc: 92.11%
Batch 190/2797, Loss: 0.2130, Train Acc: 92.08%
Batch 195/2797, Loss: 0.2140, Train Acc: 92.06%
Batch 200/2797, Loss: 0.2138, Train Acc: 92.09%
Batch 205/2797, Loss: 0.2138, Train Acc: 92.10%
Batch 210/2797, Loss: 0.2139, Train Acc: 92.09%
Batch 215/2797, Loss: 0.2135, Train Acc: 92.11%
Batch 220/2797, Loss: 0.2130, Train Acc: 92.11%
Batch 225/2797, Loss: 0.2120, Train Acc: 92.14%
Batch 230/2797, Loss: 0.2126, Train Acc: 92.10%
Batch 235/2797, Loss: 0.2130, Train Acc: 92.08%
Batch 240/2797, Loss: 0.2134, Train Acc: 92.06%
Batch 245/2797, Loss: 0.2135, Train Acc: 92.05%
Batch 250/2797, Loss: 0.2135, Train Acc: 92.05%
Batch 255/2797, Loss: 0.2131, Train Acc: 92.07%
Batch 260/2797, Loss: 0.2136, Train Acc: 92.06%
Batch 265/2797, Loss: 0.2135, Train Acc: 92.05%
Batch 270/2797, Loss: 0.2128, Train Acc: 92.06%
Batch 275/2797, Loss: 0.2129, Train Acc: 92.06%
Batch 280/2797, Loss: 0.2135, Train Acc: 92.05%
Batch 285/2797, Loss: 0.2137, Train Acc: 92.03%
Batch 290/2797, Loss: 0.2137, Train Acc: 92.04%
Batch 295/2797, Loss: 0.2141, Train Acc: 92.02%
Batch 300/2797, Loss: 0.2137, Train Acc: 92.05%
Batch 305/2797, Loss: 0.2133, Train Acc: 92.07%
Batch 310/2797, Loss: 0.2134, Train Acc: 92.06%
Batch 315/2797, Loss: 0.2132, Train Acc: 92.08%
Batch 320/2797, Loss: 0.2130, Train Acc: 92.08%
Batch 325/2797, Loss: 0.2127, Train Acc: 92.09%
Batch 330/2797, Loss: 0.2126, Train Acc: 92.10%
Batch 335/2797, Loss: 0.2131, Train Acc: 92.08%
Batch 340/2797, Loss: 0.2137, Train Acc: 92.07%
Batch 345/2797, Loss: 0.2138, Train Acc: 92.06%
Batch 350/2797, Loss: 0.2133, Train Acc: 92.09%
Batch 355/2797, Loss: 0.2131, Train Acc: 92.11%
Batch 360/2797, Loss: 0.2135, Train Acc: 92.10%
Batch 365/2797, Loss: 0.2134, Train Acc: 92.10%
Batch 370/2797, Loss: 0.2133, Train Acc: 92.11%
Batch 375/2797, Loss: 0.2133, Train Acc: 92.11%
Batch 380/2797, Loss: 0.2133, Train Acc: 92.11%
Batch 385/2797, Loss: 0.2131, Train Acc: 92.12%
Batch 390/2797, Loss: 0.2129, Train Acc: 92.13%
Batch 395/2797, Loss: 0.2134, Train Acc: 92.12%
Batch 400/2797, Loss: 0.2132, Train Acc: 92.13%
Batch 405/2797, Loss: 0.2133, Train Acc: 92.12%
Batch 410/2797, Loss: 0.2135, Train Acc: 92.12%
Batch 415/2797, Loss: 0.2138, Train Acc: 92.11%
Batch 420/2797, Loss: 0.2138, Train Acc: 92.11%
Batch 425/2797, Loss: 0.2134, Train Acc: 92.14%
Batch 430/2797, Loss: 0.2135, Train Acc: 92.13%
Batch 435/2797, Loss: 0.2139, Train Acc: 92.13%
Batch 440/2797, Loss: 0.2139, Train Acc: 92.15%
Batch 445/2797, Loss: 0.2136, Train Acc: 92.16%
Batch 450/2797, Loss: 0.2136, Train Acc: 92.16%
Batch 455/2797, Loss: 0.2140, Train Acc: 92.14%
Batch 460/2797, Loss: 0.2138, Train Acc: 92.16%
Batch 465/2797, Loss: 0.2136, Train Acc: 92.17%
Batch 470/2797, Loss: 0.2134, Train Acc: 92.17%
Batch 475/2797, Loss: 0.2137, Train Acc: 92.16%
Batch 480/2797, Loss: 0.2136, Train Acc: 92.17%
Batch 485/2797, Loss: 0.2141, Train Acc: 92.15%
Batch 490/2797, Loss: 0.2143, Train Acc: 92.14%
Batch 495/2797, Loss: 0.2145, Train Acc: 92.14%
Batch 500/2797, Loss: 0.2147, Train Acc: 92.13%
Batch 505/2797, Loss: 0.2148, Train Acc: 92.12%
Batch 510/2797, Loss: 0.2148, Train Acc: 92.12%
Batch 515/2797, Loss: 0.2148, Train Acc: 92.11%
Batch 520/2797, Loss: 0.2148, Train Acc: 92.10%
Batch 525/2797, Loss: 0.2145, Train Acc: 92.12%
Batch 530/2797, Loss: 0.2144, Train Acc: 92.10%
Batch 535/2797, Loss: 0.2148, Train Acc: 92.09%
Batch 540/2797, Loss: 0.2149, Train Acc: 92.08%
Batch 545/2797, Loss: 0.2149, Train Acc: 92.08%
Batch 550/2797, Loss: 0.2148, Train Acc: 92.07%
Batch 555/2797, Loss: 0.2145, Train Acc: 92.09%
Batch 560/2797, Loss: 0.2144, Train Acc: 92.09%
Batch 565/2797, Loss: 0.2145, Train Acc: 92.09%
Batch 570/2797, Loss: 0.2146, Train Acc: 92.09%
Batch 575/2797, Loss: 0.2143, Train Acc: 92.10%
Batch 580/2797, Loss: 0.2144, Train Acc: 92.10%
Batch 585/2797, Loss: 0.2139, Train Acc: 92.12%
Batch 590/2797, Loss: 0.2138, Train Acc: 92.12%
Batch 595/2797, Loss: 0.2138, Train Acc: 92.12%
Batch 600/2797, Loss: 0.2137, Train Acc: 92.14%
Batch 605/2797, Loss: 0.2137, Train Acc: 92.13%
Batch 610/2797, Loss: 0.2134, Train Acc: 92.14%
Batch 615/2797, Loss: 0.2134, Train Acc: 92.14%
Batch 620/2797, Loss: 0.2134, Train Acc: 92.14%
Batch 625/2797, Loss: 0.2134, Train Acc: 92.15%
Batch 630/2797, Loss: 0.2136, Train Acc: 92.14%
Batch 635/2797, Loss: 0.2136, Train Acc: 92.14%
Batch 640/2797, Loss: 0.2137, Train Acc: 92.13%
Batch 645/2797, Loss: 0.2140, Train Acc: 92.12%
Batch 650/2797, Loss: 0.2137, Train Acc: 92.13%
Batch 655/2797, Loss: 0.2136, Train Acc: 92.14%
Batch 660/2797, Loss: 0.2135, Train Acc: 92.14%
Batch 665/2797, Loss: 0.2133, Train Acc: 92.15%
Batch 670/2797, Loss: 0.2135, Train Acc: 92.13%
Batch 675/2797, Loss: 0.2134, Train Acc: 92.14%
Batch 680/2797, Loss: 0.2138, Train Acc: 92.13%
Batch 685/2797, Loss: 0.2141, Train Acc: 92.12%
Batch 690/2797, Loss: 0.2143, Train Acc: 92.11%
Batch 695/2797, Loss: 0.2144, Train Acc: 92.10%
Batch 700/2797, Loss: 0.2146, Train Acc: 92.10%
Batch 705/2797, Loss: 0.2145, Train Acc: 92.10%
Batch 710/2797, Loss: 0.2148, Train Acc: 92.09%
Batch 715/2797, Loss: 0.2147, Train Acc: 92.09%
Batch 720/2797, Loss: 0.2149, Train Acc: 92.09%
Batch 725/2797, Loss: 0.2146, Train Acc: 92.10%
Batch 730/2797, Loss: 0.2143, Train Acc: 92.11%
Batch 735/2797, Loss: 0.2143, Train Acc: 92.10%
Batch 740/2797, Loss: 0.2142, Train Acc: 92.11%
Batch 745/2797, Loss: 0.2142, Train Acc: 92.10%
Batch 750/2797, Loss: 0.2143, Train Acc: 92.10%
Batch 755/2797, Loss: 0.2144, Train Acc: 92.09%
Batch 760/2797, Loss: 0.2147, Train Acc: 92.07%
Batch 765/2797, Loss: 0.2146, Train Acc: 92.07%
Batch 770/2797, Loss: 0.2145, Train Acc: 92.07%
Batch 775/2797, Loss: 0.2146, Train Acc: 92.07%
Batch 780/2797, Loss: 0.2146, Train Acc: 92.07%
Batch 785/2797, Loss: 0.2146, Train Acc: 92.07%
Batch 790/2797, Loss: 0.2147, Train Acc: 92.06%
Batch 795/2797, Loss: 0.2147, Train Acc: 92.06%
Batch 800/2797, Loss: 0.2146, Train Acc: 92.07%
Batch 805/2797, Loss: 0.2145, Train Acc: 92.07%
Batch 810/2797, Loss: 0.2145, Train Acc: 92.06%
Batch 815/2797, Loss: 0.2147, Train Acc: 92.06%
Batch 820/2797, Loss: 0.2145, Train Acc: 92.07%
Batch 825/2797, Loss: 0.2142, Train Acc: 92.07%
Batch 830/2797, Loss: 0.2140, Train Acc: 92.08%
Batch 835/2797, Loss: 0.2143, Train Acc: 92.08%
Batch 840/2797, Loss: 0.2144, Train Acc: 92.07%
Batch 845/2797, Loss: 0.2145, Train Acc: 92.07%
Batch 850/2797, Loss: 0.2144, Train Acc: 92.08%
Batch 855/2797, Loss: 0.2142, Train Acc: 92.09%
Batch 860/2797, Loss: 0.2142, Train Acc: 92.08%
Batch 865/2797, Loss: 0.2142, Train Acc: 92.08%
Batch 870/2797, Loss: 0.2142, Train Acc: 92.08%
Batch 875/2797, Loss: 0.2141, Train Acc: 92.09%
Batch 880/2797, Loss: 0.2139, Train Acc: 92.09%
Batch 885/2797, Loss: 0.2138, Train Acc: 92.09%
Batch 890/2797, Loss: 0.2137, Train Acc: 92.10%
Batch 895/2797, Loss: 0.2135, Train Acc: 92.10%
Batch 900/2797, Loss: 0.2132, Train Acc: 92.10%
Batch 905/2797, Loss: 0.2133, Train Acc: 92.10%
Batch 910/2797, Loss: 0.2132, Train Acc: 92.10%
Batch 915/2797, Loss: 0.2130, Train Acc: 92.11%
Batch 920/2797, Loss: 0.2130, Train Acc: 92.11%
Batch 925/2797, Loss: 0.2128, Train Acc: 92.12%
Batch 930/2797, Loss: 0.2129, Train Acc: 92.11%
Batch 935/2797, Loss: 0.2130, Train Acc: 92.11%
Batch 940/2797, Loss: 0.2130, Train Acc: 92.12%
Batch 945/2797, Loss: 0.2130, Train Acc: 92.12%
Batch 950/2797, Loss: 0.2129, Train Acc: 92.12%
Batch 955/2797, Loss: 0.2131, Train Acc: 92.12%
Batch 960/2797, Loss: 0.2131, Train Acc: 92.12%
Batch 965/2797, Loss: 0.2130, Train Acc: 92.12%
Batch 970/2797, Loss: 0.2130, Train Acc: 92.11%
Batch 975/2797, Loss: 0.2130, Train Acc: 92.11%
Batch 980/2797, Loss: 0.2130, Train Acc: 92.11%
Batch 985/2797, Loss: 0.2129, Train Acc: 92.12%
Batch 990/2797, Loss: 0.2130, Train Acc: 92.11%
Batch 995/2797, Loss: 0.2128, Train Acc: 92.12%
Batch 1000/2797, Loss: 0.2129, Train Acc: 92.11%
Batch 1005/2797, Loss: 0.2131, Train Acc: 92.11%
Batch 1010/2797, Loss: 0.2130, Train Acc: 92.10%
Batch 1015/2797, Loss: 0.2131, Train Acc: 92.10%
Batch 1020/2797, Loss: 0.2130, Train Acc: 92.11%
Batch 1025/2797, Loss: 0.2132, Train Acc: 92.10%
Batch 1030/2797, Loss: 0.2129, Train Acc: 92.11%
Batch 1035/2797, Loss: 0.2129, Train Acc: 92.11%
Batch 1040/2797, Loss: 0.2129, Train Acc: 92.11%
Batch 1045/2797, Loss: 0.2131, Train Acc: 92.10%
Batch 1050/2797, Loss: 0.2130, Train Acc: 92.10%
Batch 1055/2797, Loss: 0.2130, Train Acc: 92.10%
Batch 1060/2797, Loss: 0.2130, Train Acc: 92.10%
Batch 1065/2797, Loss: 0.2129, Train Acc: 92.10%
Batch 1070/2797, Loss: 0.2129, Train Acc: 92.10%
Batch 1075/2797, Loss: 0.2129, Train Acc: 92.10%
Batch 1080/2797, Loss: 0.2130, Train Acc: 92.10%
Batch 1085/2797, Loss: 0.2129, Train Acc: 92.11%
Batch 1090/2797, Loss: 0.2129, Train Acc: 92.10%
Batch 1095/2797, Loss: 0.2128, Train Acc: 92.11%
Batch 1100/2797, Loss: 0.2128, Train Acc: 92.11%
Batch 1105/2797, Loss: 0.2129, Train Acc: 92.10%
Batch 1110/2797, Loss: 0.2130, Train Acc: 92.10%
Batch 1115/2797, Loss: 0.2129, Train Acc: 92.11%
Batch 1120/2797, Loss: 0.2129, Train Acc: 92.11%
Batch 1125/2797, Loss: 0.2129, Train Acc: 92.10%
Batch 1130/2797, Loss: 0.2130, Train Acc: 92.10%
Batch 1135/2797, Loss: 0.2127, Train Acc: 92.10%
Batch 1140/2797, Loss: 0.2128, Train Acc: 92.10%
Batch 1145/2797, Loss: 0.2127, Train Acc: 92.10%
Batch 1150/2797, Loss: 0.2126, Train Acc: 92.10%
Batch 1155/2797, Loss: 0.2126, Train Acc: 92.10%
Batch 1160/2797, Loss: 0.2124, Train Acc: 92.11%
Batch 1165/2797, Loss: 0.2125, Train Acc: 92.11%
Batch 1170/2797, Loss: 0.2125, Train Acc: 92.11%
Batch 1175/2797, Loss: 0.2124, Train Acc: 92.11%
Batch 1180/2797, Loss: 0.2125, Train Acc: 92.11%
Batch 1185/2797, Loss: 0.2126, Train Acc: 92.10%
Batch 1190/2797, Loss: 0.2127, Train Acc: 92.10%
Batch 1195/2797, Loss: 0.2127, Train Acc: 92.09%
Batch 1200/2797, Loss: 0.2127, Train Acc: 92.09%
Batch 1205/2797, Loss: 0.2124, Train Acc: 92.11%
Batch 1210/2797, Loss: 0.2122, Train Acc: 92.11%
Batch 1215/2797, Loss: 0.2124, Train Acc: 92.11%
Batch 1220/2797, Loss: 0.2124, Train Acc: 92.11%
Batch 1225/2797, Loss: 0.2123, Train Acc: 92.11%
Batch 1230/2797, Loss: 0.2123, Train Acc: 92.11%
Batch 1235/2797, Loss: 0.2123, Train Acc: 92.11%
Batch 1240/2797, Loss: 0.2124, Train Acc: 92.11%
Batch 1245/2797, Loss: 0.2123, Train Acc: 92.11%
Batch 1250/2797, Loss: 0.2123, Train Acc: 92.11%
Batch 1255/2797, Loss: 0.2122, Train Acc: 92.11%
Batch 1260/2797, Loss: 0.2120, Train Acc: 92.12%
Batch 1265/2797, Loss: 0.2120, Train Acc: 92.12%
Batch 1270/2797, Loss: 0.2120, Train Acc: 92.12%
Batch 1275/2797, Loss: 0.2120, Train Acc: 92.12%
Batch 1280/2797, Loss: 0.2119, Train Acc: 92.12%
Batch 1285/2797, Loss: 0.2117, Train Acc: 92.13%
Batch 1290/2797, Loss: 0.2117, Train Acc: 92.13%
Batch 1295/2797, Loss: 0.2119, Train Acc: 92.12%
Batch 1300/2797, Loss: 0.2120, Train Acc: 92.11%
Batch 1305/2797, Loss: 0.2119, Train Acc: 92.12%
Batch 1310/2797, Loss: 0.2119, Train Acc: 92.12%
Batch 1315/2797, Loss: 0.2120, Train Acc: 92.12%
Batch 1320/2797, Loss: 0.2119, Train Acc: 92.12%
Batch 1325/2797, Loss: 0.2119, Train Acc: 92.12%
Batch 1330/2797, Loss: 0.2120, Train Acc: 92.12%
Batch 1335/2797, Loss: 0.2119, Train Acc: 92.12%
Batch 1340/2797, Loss: 0.2119, Train Acc: 92.13%
Batch 1345/2797, Loss: 0.2120, Train Acc: 92.12%
Batch 1350/2797, Loss: 0.2119, Train Acc: 92.12%
Batch 1355/2797, Loss: 0.2118, Train Acc: 92.12%
Batch 1360/2797, Loss: 0.2118, Train Acc: 92.12%
Batch 1365/2797, Loss: 0.2119, Train Acc: 92.12%
Batch 1370/2797, Loss: 0.2119, Train Acc: 92.12%
Batch 1375/2797, Loss: 0.2119, Train Acc: 92.12%
Batch 1380/2797, Loss: 0.2119, Train Acc: 92.12%
Batch 1385/2797, Loss: 0.2119, Train Acc: 92.12%
Batch 1390/2797, Loss: 0.2118, Train Acc: 92.12%
Batch 1395/2797, Loss: 0.2118, Train Acc: 92.11%
Batch 1400/2797, Loss: 0.2118, Train Acc: 92.12%
Batch 1405/2797, Loss: 0.2118, Train Acc: 92.12%
Batch 1410/2797, Loss: 0.2119, Train Acc: 92.11%
Batch 1415/2797, Loss: 0.2120, Train Acc: 92.11%
Batch 1420/2797, Loss: 0.2120, Train Acc: 92.11%
Batch 1425/2797, Loss: 0.2122, Train Acc: 92.10%
Batch 1430/2797, Loss: 0.2123, Train Acc: 92.10%
Batch 1435/2797, Loss: 0.2123, Train Acc: 92.10%
Batch 1440/2797, Loss: 0.2124, Train Acc: 92.10%
Batch 1445/2797, Loss: 0.2124, Train Acc: 92.10%
Batch 1450/2797, Loss: 0.2123, Train Acc: 92.10%
Batch 1455/2797, Loss: 0.2124, Train Acc: 92.10%
Batch 1460/2797, Loss: 0.2125, Train Acc: 92.09%
Batch 1465/2797, Loss: 0.2127, Train Acc: 92.09%
Batch 1470/2797, Loss: 0.2127, Train Acc: 92.09%
Batch 1475/2797, Loss: 0.2125, Train Acc: 92.10%
Batch 1480/2797, Loss: 0.2125, Train Acc: 92.10%
Batch 1485/2797, Loss: 0.2123, Train Acc: 92.11%
Batch 1490/2797, Loss: 0.2122, Train Acc: 92.11%
Batch 1495/2797, Loss: 0.2122, Train Acc: 92.11%
Batch 1500/2797, Loss: 0.2121, Train Acc: 92.12%
Batch 1505/2797, Loss: 0.2122, Train Acc: 92.11%
Batch 1510/2797, Loss: 0.2124, Train Acc: 92.10%
Batch 1515/2797, Loss: 0.2123, Train Acc: 92.11%
Batch 1520/2797, Loss: 0.2125, Train Acc: 92.10%
Batch 1525/2797, Loss: 0.2125, Train Acc: 92.10%
Batch 1530/2797, Loss: 0.2126, Train Acc: 92.09%
Batch 1535/2797, Loss: 0.2127, Train Acc: 92.09%
Batch 1540/2797, Loss: 0.2126, Train Acc: 92.09%
Batch 1545/2797, Loss: 0.2127, Train Acc: 92.09%
Batch 1550/2797, Loss: 0.2129, Train Acc: 92.08%
Batch 1555/2797, Loss: 0.2127, Train Acc: 92.09%
Batch 1560/2797, Loss: 0.2128, Train Acc: 92.08%
Batch 1565/2797, Loss: 0.2129, Train Acc: 92.08%
Batch 1570/2797, Loss: 0.2129, Train Acc: 92.08%
Batch 1575/2797, Loss: 0.2131, Train Acc: 92.07%
Batch 1580/2797, Loss: 0.2131, Train Acc: 92.07%
Batch 1585/2797, Loss: 0.2132, Train Acc: 92.06%
Batch 1590/2797, Loss: 0.2134, Train Acc: 92.06%
Batch 1595/2797, Loss: 0.2134, Train Acc: 92.06%
Batch 1600/2797, Loss: 0.2133, Train Acc: 92.06%
Batch 1605/2797, Loss: 0.2134, Train Acc: 92.06%
Batch 1610/2797, Loss: 0.2133, Train Acc: 92.06%
Batch 1615/2797, Loss: 0.2132, Train Acc: 92.07%
Batch 1620/2797, Loss: 0.2132, Train Acc: 92.07%
Batch 1625/2797, Loss: 0.2132, Train Acc: 92.07%
Batch 1630/2797, Loss: 0.2132, Train Acc: 92.07%
Batch 1635/2797, Loss: 0.2131, Train Acc: 92.07%
Batch 1640/2797, Loss: 0.2130, Train Acc: 92.07%
Batch 1645/2797, Loss: 0.2129, Train Acc: 92.08%
Batch 1650/2797, Loss: 0.2129, Train Acc: 92.08%
Batch 1655/2797, Loss: 0.2129, Train Acc: 92.08%
Batch 1660/2797, Loss: 0.2128, Train Acc: 92.08%
Batch 1665/2797, Loss: 0.2127, Train Acc: 92.09%
Batch 1670/2797, Loss: 0.2128, Train Acc: 92.08%
Batch 1675/2797, Loss: 0.2128, Train Acc: 92.08%
Batch 1680/2797, Loss: 0.2128, Train Acc: 92.09%
Batch 1685/2797, Loss: 0.2127, Train Acc: 92.09%
Batch 1690/2797, Loss: 0.2128, Train Acc: 92.08%
Batch 1695/2797, Loss: 0.2127, Train Acc: 92.09%
Batch 1700/2797, Loss: 0.2129, Train Acc: 92.08%
Batch 1705/2797, Loss: 0.2128, Train Acc: 92.08%
Batch 1710/2797, Loss: 0.2126, Train Acc: 92.09%
Batch 1715/2797, Loss: 0.2126, Train Acc: 92.09%
Batch 1720/2797, Loss: 0.2126, Train Acc: 92.09%
Batch 1725/2797, Loss: 0.2125, Train Acc: 92.10%
Batch 1730/2797, Loss: 0.2126, Train Acc: 92.09%
Batch 1735/2797, Loss: 0.2125, Train Acc: 92.10%
Batch 1740/2797, Loss: 0.2125, Train Acc: 92.10%
Batch 1745/2797, Loss: 0.2125, Train Acc: 92.10%
Batch 1750/2797, Loss: 0.2125, Train Acc: 92.11%
Batch 1755/2797, Loss: 0.2126, Train Acc: 92.10%
Batch 1760/2797, Loss: 0.2125, Train Acc: 92.10%
Batch 1765/2797, Loss: 0.2125, Train Acc: 92.10%
Batch 1770/2797, Loss: 0.2123, Train Acc: 92.11%
Batch 1775/2797, Loss: 0.2123, Train Acc: 92.11%
Batch 1780/2797, Loss: 0.2123, Train Acc: 92.11%
Batch 1785/2797, Loss: 0.2124, Train Acc: 92.11%
Batch 1790/2797, Loss: 0.2124, Train Acc: 92.11%
Batch 1795/2797, Loss: 0.2123, Train Acc: 92.11%
Batch 1800/2797, Loss: 0.2122, Train Acc: 92.12%
Batch 1805/2797, Loss: 0.2122, Train Acc: 92.12%
Batch 1810/2797, Loss: 0.2121, Train Acc: 92.12%
Batch 1815/2797, Loss: 0.2121, Train Acc: 92.12%
Batch 1820/2797, Loss: 0.2121, Train Acc: 92.12%
Batch 1825/2797, Loss: 0.2122, Train Acc: 92.11%
Batch 1830/2797, Loss: 0.2123, Train Acc: 92.11%
Batch 1835/2797, Loss: 0.2123, Train Acc: 92.12%
Batch 1840/2797, Loss: 0.2124, Train Acc: 92.11%
Batch 1845/2797, Loss: 0.2124, Train Acc: 92.11%
Batch 1850/2797, Loss: 0.2123, Train Acc: 92.12%
Batch 1855/2797, Loss: 0.2122, Train Acc: 92.12%
Batch 1860/2797, Loss: 0.2122, Train Acc: 92.12%
Batch 1865/2797, Loss: 0.2122, Train Acc: 92.12%
Batch 1870/2797, Loss: 0.2121, Train Acc: 92.12%
Batch 1875/2797, Loss: 0.2122, Train Acc: 92.11%
Batch 1880/2797, Loss: 0.2122, Train Acc: 92.11%
Batch 1885/2797, Loss: 0.2122, Train Acc: 92.12%
Batch 1890/2797, Loss: 0.2122, Train Acc: 92.11%
Batch 1895/2797, Loss: 0.2122, Train Acc: 92.11%
Batch 1900/2797, Loss: 0.2122, Train Acc: 92.11%
Batch 1905/2797, Loss: 0.2122, Train Acc: 92.11%
Batch 1910/2797, Loss: 0.2123, Train Acc: 92.11%
Batch 1915/2797, Loss: 0.2123, Train Acc: 92.11%
Batch 1920/2797, Loss: 0.2124, Train Acc: 92.11%
Batch 1925/2797, Loss: 0.2124, Train Acc: 92.11%
Batch 1930/2797, Loss: 0.2124, Train Acc: 92.11%
Batch 1935/2797, Loss: 0.2124, Train Acc: 92.10%
Batch 1940/2797, Loss: 0.2123, Train Acc: 92.11%
Batch 1945/2797, Loss: 0.2122, Train Acc: 92.11%
Batch 1950/2797, Loss: 0.2122, Train Acc: 92.11%
Batch 1955/2797, Loss: 0.2122, Train Acc: 92.11%
Batch 1960/2797, Loss: 0.2122, Train Acc: 92.11%
Batch 1965/2797, Loss: 0.2121, Train Acc: 92.11%
Batch 1970/2797, Loss: 0.2121, Train Acc: 92.11%
Batch 1975/2797, Loss: 0.2121, Train Acc: 92.11%
Batch 1980/2797, Loss: 0.2120, Train Acc: 92.11%
Batch 1985/2797, Loss: 0.2121, Train Acc: 92.11%
Batch 1990/2797, Loss: 0.2121, Train Acc: 92.11%
Batch 1995/2797, Loss: 0.2121, Train Acc: 92.11%
Batch 2000/2797, Loss: 0.2121, Train Acc: 92.11%
Batch 2005/2797, Loss: 0.2120, Train Acc: 92.11%
Batch 2010/2797, Loss: 0.2121, Train Acc: 92.11%
Batch 2015/2797, Loss: 0.2121, Train Acc: 92.11%
Batch 2020/2797, Loss: 0.2121, Train Acc: 92.11%
Batch 2025/2797, Loss: 0.2120, Train Acc: 92.11%
Batch 2030/2797, Loss: 0.2120, Train Acc: 92.11%
Batch 2035/2797, Loss: 0.2120, Train Acc: 92.12%
Batch 2040/2797, Loss: 0.2120, Train Acc: 92.12%
Batch 2045/2797, Loss: 0.2120, Train Acc: 92.12%
Batch 2050/2797, Loss: 0.2120, Train Acc: 92.12%
Batch 2055/2797, Loss: 0.2120, Train Acc: 92.12%
Batch 2060/2797, Loss: 0.2120, Train Acc: 92.12%
Batch 2065/2797, Loss: 0.2119, Train Acc: 92.12%
Batch 2070/2797, Loss: 0.2119, Train Acc: 92.13%
Batch 2075/2797, Loss: 0.2119, Train Acc: 92.13%
Batch 2080/2797, Loss: 0.2118, Train Acc: 92.13%
Batch 2085/2797, Loss: 0.2119, Train Acc: 92.13%
Batch 2090/2797, Loss: 0.2119, Train Acc: 92.13%
Batch 2095/2797, Loss: 0.2119, Train Acc: 92.13%
Batch 2100/2797, Loss: 0.2119, Train Acc: 92.13%
Batch 2105/2797, Loss: 0.2119, Train Acc: 92.13%
Batch 2110/2797, Loss: 0.2119, Train Acc: 92.13%
Batch 2115/2797, Loss: 0.2118, Train Acc: 92.13%
Batch 2120/2797, Loss: 0.2119, Train Acc: 92.13%
Batch 2125/2797, Loss: 0.2119, Train Acc: 92.13%
Batch 2130/2797, Loss: 0.2120, Train Acc: 92.13%
Batch 2135/2797, Loss: 0.2120, Train Acc: 92.13%
Batch 2140/2797, Loss: 0.2120, Train Acc: 92.13%
Batch 2145/2797, Loss: 0.2120, Train Acc: 92.13%
Batch 2150/2797, Loss: 0.2120, Train Acc: 92.13%
Batch 2155/2797, Loss: 0.2120, Train Acc: 92.13%
Batch 2160/2797, Loss: 0.2121, Train Acc: 92.13%
Batch 2165/2797, Loss: 0.2121, Train Acc: 92.13%
Batch 2170/2797, Loss: 0.2122, Train Acc: 92.12%
Batch 2175/2797, Loss: 0.2121, Train Acc: 92.13%
Batch 2180/2797, Loss: 0.2121, Train Acc: 92.13%
Batch 2185/2797, Loss: 0.2122, Train Acc: 92.12%
Batch 2190/2797, Loss: 0.2122, Train Acc: 92.13%
Batch 2195/2797, Loss: 0.2122, Train Acc: 92.13%
Batch 2200/2797, Loss: 0.2122, Train Acc: 92.13%
Batch 2205/2797, Loss: 0.2122, Train Acc: 92.13%
Batch 2210/2797, Loss: 0.2122, Train Acc: 92.13%
Batch 2215/2797, Loss: 0.2122, Train Acc: 92.12%
Batch 2220/2797, Loss: 0.2122, Train Acc: 92.12%
Batch 2225/2797, Loss: 0.2123, Train Acc: 92.12%
Batch 2230/2797, Loss: 0.2125, Train Acc: 92.12%
Batch 2235/2797, Loss: 0.2125, Train Acc: 92.11%
Batch 2240/2797, Loss: 0.2125, Train Acc: 92.11%
Batch 2245/2797, Loss: 0.2125, Train Acc: 92.11%
Batch 2250/2797, Loss: 0.2124, Train Acc: 92.11%
Batch 2255/2797, Loss: 0.2124, Train Acc: 92.11%
Batch 2260/2797, Loss: 0.2124, Train Acc: 92.11%
Batch 2265/2797, Loss: 0.2123, Train Acc: 92.12%
Batch 2270/2797, Loss: 0.2123, Train Acc: 92.12%
Batch 2275/2797, Loss: 0.2123, Train Acc: 92.11%
Batch 2280/2797, Loss: 0.2123, Train Acc: 92.11%
Batch 2285/2797, Loss: 0.2123, Train Acc: 92.11%
Batch 2290/2797, Loss: 0.2123, Train Acc: 92.11%
Batch 2295/2797, Loss: 0.2124, Train Acc: 92.11%
Batch 2300/2797, Loss: 0.2123, Train Acc: 92.11%
Batch 2305/2797, Loss: 0.2123, Train Acc: 92.11%
Batch 2310/2797, Loss: 0.2124, Train Acc: 92.11%
Batch 2315/2797, Loss: 0.2125, Train Acc: 92.11%
Batch 2320/2797, Loss: 0.2125, Train Acc: 92.11%
Batch 2325/2797, Loss: 0.2125, Train Acc: 92.11%
Batch 2330/2797, Loss: 0.2125, Train Acc: 92.11%
Batch 2335/2797, Loss: 0.2124, Train Acc: 92.11%
Batch 2340/2797, Loss: 0.2124, Train Acc: 92.11%
Batch 2345/2797, Loss: 0.2123, Train Acc: 92.11%
Batch 2350/2797, Loss: 0.2123, Train Acc: 92.12%
Batch 2355/2797, Loss: 0.2122, Train Acc: 92.12%
Batch 2360/2797, Loss: 0.2122, Train Acc: 92.12%
Batch 2365/2797, Loss: 0.2121, Train Acc: 92.12%
Batch 2370/2797, Loss: 0.2121, Train Acc: 92.12%
Batch 2375/2797, Loss: 0.2121, Train Acc: 92.12%
Batch 2380/2797, Loss: 0.2120, Train Acc: 92.13%
Batch 2385/2797, Loss: 0.2121, Train Acc: 92.12%
Batch 2390/2797, Loss: 0.2121, Train Acc: 92.12%
Batch 2395/2797, Loss: 0.2120, Train Acc: 92.12%
Batch 2400/2797, Loss: 0.2121, Train Acc: 92.12%
Batch 2405/2797, Loss: 0.2121, Train Acc: 92.12%
Batch 2410/2797, Loss: 0.2120, Train Acc: 92.13%
Batch 2415/2797, Loss: 0.2120, Train Acc: 92.13%
Batch 2420/2797, Loss: 0.2120, Train Acc: 92.12%
Batch 2425/2797, Loss: 0.2120, Train Acc: 92.12%
Batch 2430/2797, Loss: 0.2121, Train Acc: 92.12%
Batch 2435/2797, Loss: 0.2121, Train Acc: 92.12%
Batch 2440/2797, Loss: 0.2121, Train Acc: 92.12%
Batch 2445/2797, Loss: 0.2122, Train Acc: 92.11%
Batch 2450/2797, Loss: 0.2122, Train Acc: 92.11%
Batch 2455/2797, Loss: 0.2122, Train Acc: 92.11%
Batch 2460/2797, Loss: 0.2122, Train Acc: 92.11%
Batch 2465/2797, Loss: 0.2122, Train Acc: 92.11%
Batch 2470/2797, Loss: 0.2122, Train Acc: 92.11%
Batch 2475/2797, Loss: 0.2122, Train Acc: 92.11%
Batch 2480/2797, Loss: 0.2122, Train Acc: 92.11%
Batch 2485/2797, Loss: 0.2122, Train Acc: 92.11%
Batch 2490/2797, Loss: 0.2122, Train Acc: 92.11%
Batch 2495/2797, Loss: 0.2123, Train Acc: 92.11%
Batch 2500/2797, Loss: 0.2122, Train Acc: 92.11%
Batch 2505/2797, Loss: 0.2123, Train Acc: 92.11%
Batch 2510/2797, Loss: 0.2123, Train Acc: 92.10%
Batch 2515/2797, Loss: 0.2123, Train Acc: 92.10%
Batch 2520/2797, Loss: 0.2123, Train Acc: 92.10%
Batch 2525/2797, Loss: 0.2123, Train Acc: 92.10%
Batch 2530/2797, Loss: 0.2123, Train Acc: 92.10%
Batch 2535/2797, Loss: 0.2122, Train Acc: 92.10%
Batch 2540/2797, Loss: 0.2123, Train Acc: 92.10%
Batch 2545/2797, Loss: 0.2123, Train Acc: 92.10%
Batch 2550/2797, Loss: 0.2123, Train Acc: 92.10%
Batch 2555/2797, Loss: 0.2123, Train Acc: 92.10%
Batch 2560/2797, Loss: 0.2123, Train Acc: 92.10%
Batch 2565/2797, Loss: 0.2122, Train Acc: 92.10%
Batch 2570/2797, Loss: 0.2122, Train Acc: 92.10%
Batch 2575/2797, Loss: 0.2121, Train Acc: 92.10%
Batch 2580/2797, Loss: 0.2121, Train Acc: 92.10%
Batch 2585/2797, Loss: 0.2121, Train Acc: 92.10%
Batch 2590/2797, Loss: 0.2122, Train Acc: 92.10%
Batch 2595/2797, Loss: 0.2123, Train Acc: 92.09%
Batch 2600/2797, Loss: 0.2123, Train Acc: 92.09%
Batch 2605/2797, Loss: 0.2123, Train Acc: 92.09%
Batch 2610/2797, Loss: 0.2123, Train Acc: 92.09%
Batch 2615/2797, Loss: 0.2123, Train Acc: 92.09%
Batch 2620/2797, Loss: 0.2124, Train Acc: 92.09%
Batch 2625/2797, Loss: 0.2124, Train Acc: 92.09%
Batch 2630/2797, Loss: 0.2124, Train Acc: 92.09%
Batch 2635/2797, Loss: 0.2123, Train Acc: 92.09%
Batch 2640/2797, Loss: 0.2124, Train Acc: 92.09%
Batch 2645/2797, Loss: 0.2123, Train Acc: 92.09%
Batch 2650/2797, Loss: 0.2124, Train Acc: 92.09%
Batch 2655/2797, Loss: 0.2124, Train Acc: 92.09%
Batch 2660/2797, Loss: 0.2124, Train Acc: 92.09%
Batch 2665/2797, Loss: 0.2123, Train Acc: 92.09%
Batch 2670/2797, Loss: 0.2123, Train Acc: 92.09%
Batch 2675/2797, Loss: 0.2122, Train Acc: 92.10%
Batch 2680/2797, Loss: 0.2122, Train Acc: 92.10%
Batch 2685/2797, Loss: 0.2123, Train Acc: 92.09%
Batch 2690/2797, Loss: 0.2123, Train Acc: 92.09%
Batch 2695/2797, Loss: 0.2124, Train Acc: 92.09%
Batch 2700/2797, Loss: 0.2123, Train Acc: 92.09%
Batch 2705/2797, Loss: 0.2123, Train Acc: 92.09%
Batch 2710/2797, Loss: 0.2123, Train Acc: 92.09%
Batch 2715/2797, Loss: 0.2123, Train Acc: 92.09%
Batch 2720/2797, Loss: 0.2123, Train Acc: 92.09%
Batch 2725/2797, Loss: 0.2123, Train Acc: 92.09%
Batch 2730/2797, Loss: 0.2124, Train Acc: 92.08%
Batch 2735/2797, Loss: 0.2124, Train Acc: 92.09%
Batch 2740/2797, Loss: 0.2123, Train Acc: 92.09%
Batch 2745/2797, Loss: 0.2123, Train Acc: 92.09%
Batch 2750/2797, Loss: 0.2123, Train Acc: 92.09%
Batch 2755/2797, Loss: 0.2122, Train Acc: 92.09%
Batch 2760/2797, Loss: 0.2123, Train Acc: 92.09%
Batch 2765/2797, Loss: 0.2123, Train Acc: 92.09%
Batch 2770/2797, Loss: 0.2123, Train Acc: 92.09%
Batch 2775/2797, Loss: 0.2122, Train Acc: 92.09%
Batch 2780/2797, Loss: 0.2123, Train Acc: 92.09%
Batch 2785/2797, Loss: 0.2123, Train Acc: 92.09%
Batch 2790/2797, Loss: 0.2122, Train Acc: 92.09%
Batch 2795/2797, Loss: 0.2123, Train Acc: 92.09%
Learning Rate: 0.003000
Epoch 14/50, Average Loss: 0.2122, Train Accuracy: 92.09%
Validation Batch 5/700, Validation Accuracy: 92.81%
Validation Batch 10/700, Validation Accuracy: 91.80%
Validation Batch 15/700, Validation Accuracy: 91.30%
Validation Batch 20/700, Validation Accuracy: 90.78%
Validation Batch 25/700, Validation Accuracy: 90.59%
Validation Batch 30/700, Validation Accuracy: 90.31%
Validation Batch 35/700, Validation Accuracy: 90.20%
Validation Batch 40/700, Validation Accuracy: 90.20%
Validation Batch 45/700, Validation Accuracy: 90.24%
Validation Batch 50/700, Validation Accuracy: 90.28%
Validation Batch 55/700, Validation Accuracy: 90.44%
Validation Batch 60/700, Validation Accuracy: 90.36%
Validation Batch 65/700, Validation Accuracy: 90.31%
Validation Batch 70/700, Validation Accuracy: 90.29%
Validation Batch 75/700, Validation Accuracy: 90.21%
Validation Batch 80/700, Validation Accuracy: 90.08%
Validation Batch 85/700, Validation Accuracy: 89.95%
Validation Batch 90/700, Validation Accuracy: 89.98%
Validation Batch 95/700, Validation Accuracy: 89.99%
Validation Batch 100/700, Validation Accuracy: 90.01%
Validation Batch 105/700, Validation Accuracy: 90.04%
Validation Batch 110/700, Validation Accuracy: 89.96%
Validation Batch 115/700, Validation Accuracy: 89.93%
Validation Batch 120/700, Validation Accuracy: 89.90%
Validation Batch 125/700, Validation Accuracy: 89.88%
Validation Batch 130/700, Validation Accuracy: 89.78%
Validation Batch 135/700, Validation Accuracy: 89.72%
Validation Batch 140/700, Validation Accuracy: 89.71%
Validation Batch 145/700, Validation Accuracy: 89.72%
Validation Batch 150/700, Validation Accuracy: 89.77%
Validation Batch 155/700, Validation Accuracy: 89.78%
Validation Batch 160/700, Validation Accuracy: 89.79%
Validation Batch 165/700, Validation Accuracy: 89.81%
Validation Batch 170/700, Validation Accuracy: 89.83%
Validation Batch 175/700, Validation Accuracy: 89.86%
Validation Batch 180/700, Validation Accuracy: 89.87%
Validation Batch 185/700, Validation Accuracy: 89.89%
Validation Batch 190/700, Validation Accuracy: 89.87%
Validation Batch 195/700, Validation Accuracy: 89.87%
Validation Batch 200/700, Validation Accuracy: 89.90%
Validation Batch 205/700, Validation Accuracy: 89.83%
Validation Batch 210/700, Validation Accuracy: 89.82%
Validation Batch 215/700, Validation Accuracy: 89.82%
Validation Batch 220/700, Validation Accuracy: 89.79%
Validation Batch 225/700, Validation Accuracy: 89.82%
Validation Batch 230/700, Validation Accuracy: 89.81%
Validation Batch 235/700, Validation Accuracy: 89.79%
Validation Batch 240/700, Validation Accuracy: 89.82%
Validation Batch 245/700, Validation Accuracy: 89.83%
Validation Batch 250/700, Validation Accuracy: 89.81%
Validation Batch 255/700, Validation Accuracy: 89.82%
Validation Batch 260/700, Validation Accuracy: 89.80%
Validation Batch 265/700, Validation Accuracy: 89.78%
Validation Batch 270/700, Validation Accuracy: 89.78%
Validation Batch 275/700, Validation Accuracy: 89.78%
Validation Batch 280/700, Validation Accuracy: 89.80%
Validation Batch 285/700, Validation Accuracy: 89.84%
Validation Batch 290/700, Validation Accuracy: 89.87%
Validation Batch 295/700, Validation Accuracy: 89.86%
Validation Batch 300/700, Validation Accuracy: 89.86%
Validation Batch 305/700, Validation Accuracy: 89.86%
Validation Batch 310/700, Validation Accuracy: 89.83%
Validation Batch 315/700, Validation Accuracy: 89.83%
Validation Batch 320/700, Validation Accuracy: 89.79%
Validation Batch 325/700, Validation Accuracy: 89.79%
Validation Batch 330/700, Validation Accuracy: 89.80%
Validation Batch 335/700, Validation Accuracy: 89.79%
Validation Batch 340/700, Validation Accuracy: 89.80%
Validation Batch 345/700, Validation Accuracy: 89.81%
Validation Batch 350/700, Validation Accuracy: 89.80%
Validation Batch 355/700, Validation Accuracy: 89.80%
Validation Batch 360/700, Validation Accuracy: 89.82%
Validation Batch 365/700, Validation Accuracy: 89.80%
Validation Batch 370/700, Validation Accuracy: 89.80%
Validation Batch 375/700, Validation Accuracy: 89.79%
Validation Batch 380/700, Validation Accuracy: 89.80%
Validation Batch 385/700, Validation Accuracy: 89.78%
Validation Batch 390/700, Validation Accuracy: 89.76%
Validation Batch 395/700, Validation Accuracy: 89.74%
Validation Batch 400/700, Validation Accuracy: 89.74%
Validation Batch 405/700, Validation Accuracy: 89.74%
Validation Batch 410/700, Validation Accuracy: 89.74%
Validation Batch 415/700, Validation Accuracy: 89.74%
Validation Batch 420/700, Validation Accuracy: 89.77%
Validation Batch 425/700, Validation Accuracy: 89.75%
Validation Batch 430/700, Validation Accuracy: 89.76%
Validation Batch 435/700, Validation Accuracy: 89.77%
Validation Batch 440/700, Validation Accuracy: 89.77%
Validation Batch 445/700, Validation Accuracy: 89.76%
Validation Batch 450/700, Validation Accuracy: 89.78%
Validation Batch 455/700, Validation Accuracy: 89.80%
Validation Batch 460/700, Validation Accuracy: 89.80%
Validation Batch 465/700, Validation Accuracy: 89.81%
Validation Batch 470/700, Validation Accuracy: 89.82%
Validation Batch 475/700, Validation Accuracy: 89.79%
Validation Batch 480/700, Validation Accuracy: 89.81%
Validation Batch 485/700, Validation Accuracy: 89.81%
Validation Batch 490/700, Validation Accuracy: 89.81%
Validation Batch 495/700, Validation Accuracy: 89.79%
Validation Batch 500/700, Validation Accuracy: 89.79%
Validation Batch 505/700, Validation Accuracy: 89.79%
Validation Batch 510/700, Validation Accuracy: 89.81%
Validation Batch 515/700, Validation Accuracy: 89.81%
Validation Batch 520/700, Validation Accuracy: 89.81%
Validation Batch 525/700, Validation Accuracy: 89.79%
Validation Batch 530/700, Validation Accuracy: 89.80%
Validation Batch 535/700, Validation Accuracy: 89.77%
Validation Batch 540/700, Validation Accuracy: 89.75%
Validation Batch 545/700, Validation Accuracy: 89.75%
Validation Batch 550/700, Validation Accuracy: 89.75%
Validation Batch 555/700, Validation Accuracy: 89.74%
Validation Batch 560/700, Validation Accuracy: 89.71%
Validation Batch 565/700, Validation Accuracy: 89.72%
Validation Batch 570/700, Validation Accuracy: 89.71%
Validation Batch 575/700, Validation Accuracy: 89.70%
Validation Batch 580/700, Validation Accuracy: 89.71%
Validation Batch 585/700, Validation Accuracy: 89.73%
Validation Batch 590/700, Validation Accuracy: 89.72%
Validation Batch 595/700, Validation Accuracy: 89.72%
Validation Batch 600/700, Validation Accuracy: 89.72%
Validation Batch 605/700, Validation Accuracy: 89.74%
Validation Batch 610/700, Validation Accuracy: 89.73%
Validation Batch 615/700, Validation Accuracy: 89.72%
Validation Batch 620/700, Validation Accuracy: 89.70%
Validation Batch 625/700, Validation Accuracy: 89.70%
Validation Batch 630/700, Validation Accuracy: 89.72%
Validation Batch 635/700, Validation Accuracy: 89.70%
Validation Batch 640/700, Validation Accuracy: 89.70%
Validation Batch 645/700, Validation Accuracy: 89.71%
Validation Batch 650/700, Validation Accuracy: 89.71%
Validation Batch 655/700, Validation Accuracy: 89.71%
Validation Batch 660/700, Validation Accuracy: 89.70%
Validation Batch 665/700, Validation Accuracy: 89.70%
Validation Batch 670/700, Validation Accuracy: 89.71%
Validation Batch 675/700, Validation Accuracy: 89.71%
Validation Batch 680/700, Validation Accuracy: 89.73%
Validation Batch 685/700, Validation Accuracy: 89.71%
Validation Batch 690/700, Validation Accuracy: 89.70%
Validation Batch 695/700, Validation Accuracy: 89.68%
Validation Batch 700/700, Validation Accuracy: 89.69%
Validation Accuracy for Epoch 14: 89.69%

--- Epoch 15/50 ---
Batch 5/2797, Loss: 0.1637, Train Acc: 93.91%
Batch 10/2797, Loss: 0.1757, Train Acc: 93.36%
Batch 15/2797, Loss: 0.1695, Train Acc: 93.80%
Batch 20/2797, Loss: 0.1787, Train Acc: 93.40%
Batch 25/2797, Loss: 0.1750, Train Acc: 93.56%
Batch 30/2797, Loss: 0.1772, Train Acc: 93.44%
Batch 35/2797, Loss: 0.1781, Train Acc: 93.46%
Batch 40/2797, Loss: 0.1737, Train Acc: 93.65%
Batch 45/2797, Loss: 0.1741, Train Acc: 93.70%
Batch 50/2797, Loss: 0.1710, Train Acc: 93.77%
Batch 55/2797, Loss: 0.1742, Train Acc: 93.58%
Batch 60/2797, Loss: 0.1760, Train Acc: 93.57%
Batch 65/2797, Loss: 0.1767, Train Acc: 93.62%
Batch 70/2797, Loss: 0.1765, Train Acc: 93.56%
Batch 75/2797, Loss: 0.1758, Train Acc: 93.59%
Batch 80/2797, Loss: 0.1775, Train Acc: 93.57%
Batch 85/2797, Loss: 0.1779, Train Acc: 93.57%
Batch 90/2797, Loss: 0.1776, Train Acc: 93.52%
Batch 95/2797, Loss: 0.1814, Train Acc: 93.40%
Batch 100/2797, Loss: 0.1826, Train Acc: 93.35%
Batch 105/2797, Loss: 0.1829, Train Acc: 93.32%
Batch 110/2797, Loss: 0.1858, Train Acc: 93.20%
Batch 115/2797, Loss: 0.1862, Train Acc: 93.19%
Batch 120/2797, Loss: 0.1863, Train Acc: 93.17%
Batch 125/2797, Loss: 0.1873, Train Acc: 93.17%
Batch 130/2797, Loss: 0.1885, Train Acc: 93.09%
Batch 135/2797, Loss: 0.1881, Train Acc: 93.10%
Batch 140/2797, Loss: 0.1876, Train Acc: 93.12%
Batch 145/2797, Loss: 0.1878, Train Acc: 93.08%
Batch 150/2797, Loss: 0.1875, Train Acc: 93.06%
Batch 155/2797, Loss: 0.1888, Train Acc: 93.00%
Batch 160/2797, Loss: 0.1894, Train Acc: 92.99%
Batch 165/2797, Loss: 0.1905, Train Acc: 92.98%
Batch 170/2797, Loss: 0.1913, Train Acc: 92.98%
Batch 175/2797, Loss: 0.1912, Train Acc: 92.99%
Batch 180/2797, Loss: 0.1915, Train Acc: 92.99%
Batch 185/2797, Loss: 0.1922, Train Acc: 92.98%
Batch 190/2797, Loss: 0.1928, Train Acc: 92.98%
Batch 195/2797, Loss: 0.1925, Train Acc: 92.96%
Batch 200/2797, Loss: 0.1925, Train Acc: 92.95%
Batch 205/2797, Loss: 0.1929, Train Acc: 92.94%
Batch 210/2797, Loss: 0.1930, Train Acc: 92.96%
Batch 215/2797, Loss: 0.1928, Train Acc: 92.95%
Batch 220/2797, Loss: 0.1932, Train Acc: 92.96%
Batch 225/2797, Loss: 0.1930, Train Acc: 92.97%
Batch 230/2797, Loss: 0.1926, Train Acc: 93.01%
Batch 235/2797, Loss: 0.1925, Train Acc: 93.02%
Batch 240/2797, Loss: 0.1928, Train Acc: 92.98%
Batch 245/2797, Loss: 0.1937, Train Acc: 92.95%
Batch 250/2797, Loss: 0.1936, Train Acc: 92.94%
Batch 255/2797, Loss: 0.1940, Train Acc: 92.92%
Batch 260/2797, Loss: 0.1938, Train Acc: 92.91%
Batch 265/2797, Loss: 0.1942, Train Acc: 92.91%
Batch 270/2797, Loss: 0.1934, Train Acc: 92.94%
Batch 275/2797, Loss: 0.1932, Train Acc: 92.93%
Batch 280/2797, Loss: 0.1932, Train Acc: 92.92%
Batch 285/2797, Loss: 0.1931, Train Acc: 92.92%
Batch 290/2797, Loss: 0.1934, Train Acc: 92.91%
Batch 295/2797, Loss: 0.1930, Train Acc: 92.92%
Batch 300/2797, Loss: 0.1926, Train Acc: 92.94%
Batch 305/2797, Loss: 0.1933, Train Acc: 92.91%
Batch 310/2797, Loss: 0.1940, Train Acc: 92.88%
Batch 315/2797, Loss: 0.1952, Train Acc: 92.82%
Batch 320/2797, Loss: 0.1957, Train Acc: 92.81%
Batch 325/2797, Loss: 0.1954, Train Acc: 92.82%
Batch 330/2797, Loss: 0.1954, Train Acc: 92.82%
Batch 335/2797, Loss: 0.1956, Train Acc: 92.80%
Batch 340/2797, Loss: 0.1953, Train Acc: 92.82%
Batch 345/2797, Loss: 0.1965, Train Acc: 92.77%
Batch 350/2797, Loss: 0.1969, Train Acc: 92.76%
Batch 355/2797, Loss: 0.1969, Train Acc: 92.74%
Batch 360/2797, Loss: 0.1968, Train Acc: 92.72%
Batch 365/2797, Loss: 0.1972, Train Acc: 92.70%
Batch 370/2797, Loss: 0.1971, Train Acc: 92.70%
Batch 375/2797, Loss: 0.1975, Train Acc: 92.68%
Batch 380/2797, Loss: 0.1979, Train Acc: 92.68%
Batch 385/2797, Loss: 0.1974, Train Acc: 92.68%
Batch 390/2797, Loss: 0.1976, Train Acc: 92.67%
Batch 395/2797, Loss: 0.1975, Train Acc: 92.66%
Batch 400/2797, Loss: 0.1976, Train Acc: 92.65%
Batch 405/2797, Loss: 0.1974, Train Acc: 92.66%
Batch 410/2797, Loss: 0.1974, Train Acc: 92.66%
Batch 415/2797, Loss: 0.1973, Train Acc: 92.66%
Batch 420/2797, Loss: 0.1977, Train Acc: 92.64%
Batch 425/2797, Loss: 0.1974, Train Acc: 92.66%
Batch 430/2797, Loss: 0.1973, Train Acc: 92.65%
Batch 435/2797, Loss: 0.1973, Train Acc: 92.64%
Batch 440/2797, Loss: 0.1972, Train Acc: 92.64%
Batch 445/2797, Loss: 0.1977, Train Acc: 92.62%
Batch 450/2797, Loss: 0.1975, Train Acc: 92.61%
Batch 455/2797, Loss: 0.1976, Train Acc: 92.60%
Batch 460/2797, Loss: 0.1974, Train Acc: 92.61%
Batch 465/2797, Loss: 0.1973, Train Acc: 92.61%
Batch 470/2797, Loss: 0.1976, Train Acc: 92.60%
Batch 475/2797, Loss: 0.1975, Train Acc: 92.59%
Batch 480/2797, Loss: 0.1975, Train Acc: 92.60%
Batch 485/2797, Loss: 0.1975, Train Acc: 92.61%
Batch 490/2797, Loss: 0.1986, Train Acc: 92.57%
Batch 495/2797, Loss: 0.1989, Train Acc: 92.57%
Batch 500/2797, Loss: 0.1991, Train Acc: 92.56%
Batch 505/2797, Loss: 0.1992, Train Acc: 92.57%
Batch 510/2797, Loss: 0.1992, Train Acc: 92.57%
Batch 515/2797, Loss: 0.1990, Train Acc: 92.57%
Batch 520/2797, Loss: 0.1997, Train Acc: 92.55%
Batch 525/2797, Loss: 0.1997, Train Acc: 92.56%
Batch 530/2797, Loss: 0.2000, Train Acc: 92.55%
Batch 535/2797, Loss: 0.2003, Train Acc: 92.54%
Batch 540/2797, Loss: 0.2003, Train Acc: 92.55%
Batch 545/2797, Loss: 0.1999, Train Acc: 92.56%
Batch 550/2797, Loss: 0.2001, Train Acc: 92.56%
Batch 555/2797, Loss: 0.2000, Train Acc: 92.57%
Batch 560/2797, Loss: 0.1995, Train Acc: 92.58%
Batch 565/2797, Loss: 0.1993, Train Acc: 92.59%
Batch 570/2797, Loss: 0.1990, Train Acc: 92.61%
Batch 575/2797, Loss: 0.1988, Train Acc: 92.61%
Batch 580/2797, Loss: 0.1987, Train Acc: 92.61%
Batch 585/2797, Loss: 0.1989, Train Acc: 92.61%
Batch 590/2797, Loss: 0.1988, Train Acc: 92.61%
Batch 595/2797, Loss: 0.1986, Train Acc: 92.61%
Batch 600/2797, Loss: 0.1986, Train Acc: 92.61%
Batch 605/2797, Loss: 0.1984, Train Acc: 92.61%
Batch 610/2797, Loss: 0.1985, Train Acc: 92.62%
Batch 615/2797, Loss: 0.1985, Train Acc: 92.61%
Batch 620/2797, Loss: 0.1986, Train Acc: 92.61%
Batch 625/2797, Loss: 0.1982, Train Acc: 92.62%
Batch 630/2797, Loss: 0.1980, Train Acc: 92.63%
Batch 635/2797, Loss: 0.1982, Train Acc: 92.62%
Batch 640/2797, Loss: 0.1980, Train Acc: 92.62%
Batch 645/2797, Loss: 0.1975, Train Acc: 92.64%
Batch 650/2797, Loss: 0.1977, Train Acc: 92.64%
Batch 655/2797, Loss: 0.1977, Train Acc: 92.64%
Batch 660/2797, Loss: 0.1977, Train Acc: 92.63%
Batch 665/2797, Loss: 0.1977, Train Acc: 92.63%
Batch 670/2797, Loss: 0.1980, Train Acc: 92.62%
Batch 675/2797, Loss: 0.1980, Train Acc: 92.62%
Batch 680/2797, Loss: 0.1981, Train Acc: 92.61%
Batch 685/2797, Loss: 0.1979, Train Acc: 92.62%
Batch 690/2797, Loss: 0.1981, Train Acc: 92.62%
Batch 695/2797, Loss: 0.1981, Train Acc: 92.63%
Batch 700/2797, Loss: 0.1983, Train Acc: 92.62%
Batch 705/2797, Loss: 0.1985, Train Acc: 92.61%
Batch 710/2797, Loss: 0.1985, Train Acc: 92.61%
Batch 715/2797, Loss: 0.1985, Train Acc: 92.61%
Batch 720/2797, Loss: 0.1984, Train Acc: 92.62%
Batch 725/2797, Loss: 0.1984, Train Acc: 92.62%
Batch 730/2797, Loss: 0.1983, Train Acc: 92.61%
Batch 735/2797, Loss: 0.1982, Train Acc: 92.62%
Batch 740/2797, Loss: 0.1983, Train Acc: 92.61%
Batch 745/2797, Loss: 0.1985, Train Acc: 92.60%
Batch 750/2797, Loss: 0.1986, Train Acc: 92.61%
Batch 755/2797, Loss: 0.1987, Train Acc: 92.60%
Batch 760/2797, Loss: 0.1986, Train Acc: 92.61%
Batch 765/2797, Loss: 0.1985, Train Acc: 92.62%
Batch 770/2797, Loss: 0.1984, Train Acc: 92.62%
Batch 775/2797, Loss: 0.1985, Train Acc: 92.61%
Batch 780/2797, Loss: 0.1984, Train Acc: 92.62%
Batch 785/2797, Loss: 0.1984, Train Acc: 92.61%
Batch 790/2797, Loss: 0.1986, Train Acc: 92.61%
Batch 795/2797, Loss: 0.1984, Train Acc: 92.61%
Batch 800/2797, Loss: 0.1985, Train Acc: 92.61%
Batch 805/2797, Loss: 0.1987, Train Acc: 92.59%
Batch 810/2797, Loss: 0.1987, Train Acc: 92.60%
Batch 815/2797, Loss: 0.1989, Train Acc: 92.59%
Batch 820/2797, Loss: 0.1990, Train Acc: 92.59%
Batch 825/2797, Loss: 0.1990, Train Acc: 92.58%
Batch 830/2797, Loss: 0.1992, Train Acc: 92.58%
Batch 835/2797, Loss: 0.1992, Train Acc: 92.58%
Batch 840/2797, Loss: 0.1996, Train Acc: 92.57%
Batch 845/2797, Loss: 0.1998, Train Acc: 92.56%
Batch 850/2797, Loss: 0.1997, Train Acc: 92.56%
Batch 855/2797, Loss: 0.1997, Train Acc: 92.57%
Batch 860/2797, Loss: 0.1996, Train Acc: 92.57%
Batch 865/2797, Loss: 0.1995, Train Acc: 92.57%
Batch 870/2797, Loss: 0.1999, Train Acc: 92.57%
Batch 875/2797, Loss: 0.1998, Train Acc: 92.57%
Batch 880/2797, Loss: 0.2001, Train Acc: 92.56%
Batch 885/2797, Loss: 0.2003, Train Acc: 92.55%
Batch 890/2797, Loss: 0.2003, Train Acc: 92.55%
Batch 895/2797, Loss: 0.2003, Train Acc: 92.55%
Batch 900/2797, Loss: 0.2002, Train Acc: 92.55%
Batch 905/2797, Loss: 0.2002, Train Acc: 92.55%
Batch 910/2797, Loss: 0.2003, Train Acc: 92.55%
Batch 915/2797, Loss: 0.2002, Train Acc: 92.55%
Batch 920/2797, Loss: 0.2001, Train Acc: 92.56%
Batch 925/2797, Loss: 0.1999, Train Acc: 92.57%
Batch 930/2797, Loss: 0.2001, Train Acc: 92.56%
Batch 935/2797, Loss: 0.2000, Train Acc: 92.56%
Batch 940/2797, Loss: 0.2003, Train Acc: 92.55%
Batch 945/2797, Loss: 0.2003, Train Acc: 92.55%
Batch 950/2797, Loss: 0.2005, Train Acc: 92.54%
Batch 955/2797, Loss: 0.2004, Train Acc: 92.55%
Batch 960/2797, Loss: 0.2004, Train Acc: 92.55%
Batch 965/2797, Loss: 0.2002, Train Acc: 92.56%
Batch 970/2797, Loss: 0.2003, Train Acc: 92.56%
Batch 975/2797, Loss: 0.2001, Train Acc: 92.57%
Batch 980/2797, Loss: 0.2001, Train Acc: 92.57%
Batch 985/2797, Loss: 0.2003, Train Acc: 92.56%
Batch 990/2797, Loss: 0.2003, Train Acc: 92.56%
Batch 995/2797, Loss: 0.2004, Train Acc: 92.57%
Batch 1000/2797, Loss: 0.2003, Train Acc: 92.57%
Batch 1005/2797, Loss: 0.2003, Train Acc: 92.56%
Batch 1010/2797, Loss: 0.2004, Train Acc: 92.56%
Batch 1015/2797, Loss: 0.2005, Train Acc: 92.55%
Batch 1020/2797, Loss: 0.2004, Train Acc: 92.56%
Batch 1025/2797, Loss: 0.2006, Train Acc: 92.55%
Batch 1030/2797, Loss: 0.2005, Train Acc: 92.55%
Batch 1035/2797, Loss: 0.2004, Train Acc: 92.56%
Batch 1040/2797, Loss: 0.2004, Train Acc: 92.56%
Batch 1045/2797, Loss: 0.2003, Train Acc: 92.56%
Batch 1050/2797, Loss: 0.2005, Train Acc: 92.56%
Batch 1055/2797, Loss: 0.2004, Train Acc: 92.56%
Batch 1060/2797, Loss: 0.2005, Train Acc: 92.56%
Batch 1065/2797, Loss: 0.2005, Train Acc: 92.56%
Batch 1070/2797, Loss: 0.2004, Train Acc: 92.56%
Batch 1075/2797, Loss: 0.2002, Train Acc: 92.57%
Batch 1080/2797, Loss: 0.2001, Train Acc: 92.57%
Batch 1085/2797, Loss: 0.2005, Train Acc: 92.57%
Batch 1090/2797, Loss: 0.2005, Train Acc: 92.57%
Batch 1095/2797, Loss: 0.2005, Train Acc: 92.56%
Batch 1100/2797, Loss: 0.2005, Train Acc: 92.56%
Batch 1105/2797, Loss: 0.2006, Train Acc: 92.56%
Batch 1110/2797, Loss: 0.2007, Train Acc: 92.55%
Batch 1115/2797, Loss: 0.2007, Train Acc: 92.55%
Batch 1120/2797, Loss: 0.2008, Train Acc: 92.55%
Batch 1125/2797, Loss: 0.2009, Train Acc: 92.55%
Batch 1130/2797, Loss: 0.2009, Train Acc: 92.55%
Batch 1135/2797, Loss: 0.2008, Train Acc: 92.55%
Batch 1140/2797, Loss: 0.2010, Train Acc: 92.55%
Batch 1145/2797, Loss: 0.2009, Train Acc: 92.55%
Batch 1150/2797, Loss: 0.2009, Train Acc: 92.55%
Batch 1155/2797, Loss: 0.2008, Train Acc: 92.55%
Batch 1160/2797, Loss: 0.2009, Train Acc: 92.55%
Batch 1165/2797, Loss: 0.2009, Train Acc: 92.55%
Batch 1170/2797, Loss: 0.2010, Train Acc: 92.54%
Batch 1175/2797, Loss: 0.2010, Train Acc: 92.54%
Batch 1180/2797, Loss: 0.2011, Train Acc: 92.54%
Batch 1185/2797, Loss: 0.2012, Train Acc: 92.54%
Batch 1190/2797, Loss: 0.2013, Train Acc: 92.53%
Batch 1195/2797, Loss: 0.2015, Train Acc: 92.53%
Batch 1200/2797, Loss: 0.2015, Train Acc: 92.53%
Batch 1205/2797, Loss: 0.2016, Train Acc: 92.52%
Batch 1210/2797, Loss: 0.2015, Train Acc: 92.53%
Batch 1215/2797, Loss: 0.2013, Train Acc: 92.53%
Batch 1220/2797, Loss: 0.2014, Train Acc: 92.53%
Batch 1225/2797, Loss: 0.2015, Train Acc: 92.52%
Batch 1230/2797, Loss: 0.2014, Train Acc: 92.53%
Batch 1235/2797, Loss: 0.2013, Train Acc: 92.53%
Batch 1240/2797, Loss: 0.2013, Train Acc: 92.54%
Batch 1245/2797, Loss: 0.2011, Train Acc: 92.54%
Batch 1250/2797, Loss: 0.2010, Train Acc: 92.55%
Batch 1255/2797, Loss: 0.2009, Train Acc: 92.55%
Batch 1260/2797, Loss: 0.2010, Train Acc: 92.54%
Batch 1265/2797, Loss: 0.2009, Train Acc: 92.55%
Batch 1270/2797, Loss: 0.2008, Train Acc: 92.56%
Batch 1275/2797, Loss: 0.2007, Train Acc: 92.56%
Batch 1280/2797, Loss: 0.2008, Train Acc: 92.57%
Batch 1285/2797, Loss: 0.2008, Train Acc: 92.57%
Batch 1290/2797, Loss: 0.2008, Train Acc: 92.57%
Batch 1295/2797, Loss: 0.2008, Train Acc: 92.56%
Batch 1300/2797, Loss: 0.2007, Train Acc: 92.56%
Batch 1305/2797, Loss: 0.2006, Train Acc: 92.57%
Batch 1310/2797, Loss: 0.2006, Train Acc: 92.57%
Batch 1315/2797, Loss: 0.2007, Train Acc: 92.57%
Batch 1320/2797, Loss: 0.2007, Train Acc: 92.57%
Batch 1325/2797, Loss: 0.2009, Train Acc: 92.55%
Batch 1330/2797, Loss: 0.2009, Train Acc: 92.56%
Batch 1335/2797, Loss: 0.2010, Train Acc: 92.55%
Batch 1340/2797, Loss: 0.2010, Train Acc: 92.55%
Batch 1345/2797, Loss: 0.2009, Train Acc: 92.56%
Batch 1350/2797, Loss: 0.2007, Train Acc: 92.56%
Batch 1355/2797, Loss: 0.2010, Train Acc: 92.55%
Batch 1360/2797, Loss: 0.2009, Train Acc: 92.55%
Batch 1365/2797, Loss: 0.2010, Train Acc: 92.55%
Batch 1370/2797, Loss: 0.2009, Train Acc: 92.55%
Batch 1375/2797, Loss: 0.2009, Train Acc: 92.55%
Batch 1380/2797, Loss: 0.2008, Train Acc: 92.55%
Batch 1385/2797, Loss: 0.2008, Train Acc: 92.56%
Batch 1390/2797, Loss: 0.2010, Train Acc: 92.55%
Batch 1395/2797, Loss: 0.2011, Train Acc: 92.55%
Batch 1400/2797, Loss: 0.2012, Train Acc: 92.54%
Batch 1405/2797, Loss: 0.2014, Train Acc: 92.53%
Batch 1410/2797, Loss: 0.2013, Train Acc: 92.54%
Batch 1415/2797, Loss: 0.2012, Train Acc: 92.54%
Batch 1420/2797, Loss: 0.2012, Train Acc: 92.54%
Batch 1425/2797, Loss: 0.2012, Train Acc: 92.54%
Batch 1430/2797, Loss: 0.2013, Train Acc: 92.54%
Batch 1435/2797, Loss: 0.2015, Train Acc: 92.53%
Batch 1440/2797, Loss: 0.2016, Train Acc: 92.52%
Batch 1445/2797, Loss: 0.2017, Train Acc: 92.52%
Batch 1450/2797, Loss: 0.2017, Train Acc: 92.52%
Batch 1455/2797, Loss: 0.2017, Train Acc: 92.52%
Batch 1460/2797, Loss: 0.2018, Train Acc: 92.52%
Batch 1465/2797, Loss: 0.2019, Train Acc: 92.51%
Batch 1470/2797, Loss: 0.2019, Train Acc: 92.51%
Batch 1475/2797, Loss: 0.2019, Train Acc: 92.52%
Batch 1480/2797, Loss: 0.2019, Train Acc: 92.51%
Batch 1485/2797, Loss: 0.2019, Train Acc: 92.51%
Batch 1490/2797, Loss: 0.2020, Train Acc: 92.51%
Batch 1495/2797, Loss: 0.2021, Train Acc: 92.51%
Batch 1500/2797, Loss: 0.2022, Train Acc: 92.50%
Batch 1505/2797, Loss: 0.2023, Train Acc: 92.50%
Batch 1510/2797, Loss: 0.2023, Train Acc: 92.50%
Batch 1515/2797, Loss: 0.2022, Train Acc: 92.50%
Batch 1520/2797, Loss: 0.2020, Train Acc: 92.51%
Batch 1525/2797, Loss: 0.2020, Train Acc: 92.51%
Batch 1530/2797, Loss: 0.2022, Train Acc: 92.50%
Batch 1535/2797, Loss: 0.2022, Train Acc: 92.50%
Batch 1540/2797, Loss: 0.2022, Train Acc: 92.51%
Batch 1545/2797, Loss: 0.2022, Train Acc: 92.50%
Batch 1550/2797, Loss: 0.2021, Train Acc: 92.51%
Batch 1555/2797, Loss: 0.2021, Train Acc: 92.51%
Batch 1560/2797, Loss: 0.2021, Train Acc: 92.51%
Batch 1565/2797, Loss: 0.2021, Train Acc: 92.51%
Batch 1570/2797, Loss: 0.2022, Train Acc: 92.50%
Batch 1575/2797, Loss: 0.2021, Train Acc: 92.50%
Batch 1580/2797, Loss: 0.2021, Train Acc: 92.51%
Batch 1585/2797, Loss: 0.2021, Train Acc: 92.51%
Batch 1590/2797, Loss: 0.2022, Train Acc: 92.50%
Batch 1595/2797, Loss: 0.2022, Train Acc: 92.50%
Batch 1600/2797, Loss: 0.2021, Train Acc: 92.50%
Batch 1605/2797, Loss: 0.2021, Train Acc: 92.51%
Batch 1610/2797, Loss: 0.2021, Train Acc: 92.51%
Batch 1615/2797, Loss: 0.2022, Train Acc: 92.50%
Batch 1620/2797, Loss: 0.2021, Train Acc: 92.50%
Batch 1625/2797, Loss: 0.2020, Train Acc: 92.50%
Batch 1630/2797, Loss: 0.2021, Train Acc: 92.50%
Batch 1635/2797, Loss: 0.2021, Train Acc: 92.50%
Batch 1640/2797, Loss: 0.2021, Train Acc: 92.50%
Batch 1645/2797, Loss: 0.2021, Train Acc: 92.50%
Batch 1650/2797, Loss: 0.2020, Train Acc: 92.50%
Batch 1655/2797, Loss: 0.2020, Train Acc: 92.50%
Batch 1660/2797, Loss: 0.2019, Train Acc: 92.51%
Batch 1665/2797, Loss: 0.2020, Train Acc: 92.51%
Batch 1670/2797, Loss: 0.2018, Train Acc: 92.51%
Batch 1675/2797, Loss: 0.2018, Train Acc: 92.52%
Batch 1680/2797, Loss: 0.2018, Train Acc: 92.52%
Batch 1685/2797, Loss: 0.2017, Train Acc: 92.52%
Batch 1690/2797, Loss: 0.2017, Train Acc: 92.52%
Batch 1695/2797, Loss: 0.2017, Train Acc: 92.51%
Batch 1700/2797, Loss: 0.2017, Train Acc: 92.52%
Batch 1705/2797, Loss: 0.2016, Train Acc: 92.52%
Batch 1710/2797, Loss: 0.2016, Train Acc: 92.52%
Batch 1715/2797, Loss: 0.2015, Train Acc: 92.52%
Batch 1720/2797, Loss: 0.2016, Train Acc: 92.52%
Batch 1725/2797, Loss: 0.2015, Train Acc: 92.52%
Batch 1730/2797, Loss: 0.2015, Train Acc: 92.52%
Batch 1735/2797, Loss: 0.2013, Train Acc: 92.53%
Batch 1740/2797, Loss: 0.2013, Train Acc: 92.53%
Batch 1745/2797, Loss: 0.2014, Train Acc: 92.53%
Batch 1750/2797, Loss: 0.2013, Train Acc: 92.53%
Batch 1755/2797, Loss: 0.2013, Train Acc: 92.53%
Batch 1760/2797, Loss: 0.2013, Train Acc: 92.53%
Batch 1765/2797, Loss: 0.2012, Train Acc: 92.53%
Batch 1770/2797, Loss: 0.2012, Train Acc: 92.53%
Batch 1775/2797, Loss: 0.2013, Train Acc: 92.53%
Batch 1780/2797, Loss: 0.2014, Train Acc: 92.53%
Batch 1785/2797, Loss: 0.2014, Train Acc: 92.53%
Batch 1790/2797, Loss: 0.2014, Train Acc: 92.53%
Batch 1795/2797, Loss: 0.2014, Train Acc: 92.53%
Batch 1800/2797, Loss: 0.2014, Train Acc: 92.53%
Batch 1805/2797, Loss: 0.2014, Train Acc: 92.53%
Batch 1810/2797, Loss: 0.2014, Train Acc: 92.53%
Batch 1815/2797, Loss: 0.2015, Train Acc: 92.53%
Batch 1820/2797, Loss: 0.2014, Train Acc: 92.53%
Batch 1825/2797, Loss: 0.2014, Train Acc: 92.53%
Batch 1830/2797, Loss: 0.2013, Train Acc: 92.54%
Batch 1835/2797, Loss: 0.2013, Train Acc: 92.54%
Batch 1840/2797, Loss: 0.2013, Train Acc: 92.54%
Batch 1845/2797, Loss: 0.2013, Train Acc: 92.54%
Batch 1850/2797, Loss: 0.2013, Train Acc: 92.54%
Batch 1855/2797, Loss: 0.2013, Train Acc: 92.54%
Batch 1860/2797, Loss: 0.2013, Train Acc: 92.54%
Batch 1865/2797, Loss: 0.2013, Train Acc: 92.54%
Batch 1870/2797, Loss: 0.2013, Train Acc: 92.54%
Batch 1875/2797, Loss: 0.2013, Train Acc: 92.54%
Batch 1880/2797, Loss: 0.2013, Train Acc: 92.54%
Batch 1885/2797, Loss: 0.2013, Train Acc: 92.54%
Batch 1890/2797, Loss: 0.2012, Train Acc: 92.54%
Batch 1895/2797, Loss: 0.2012, Train Acc: 92.54%
Batch 1900/2797, Loss: 0.2012, Train Acc: 92.54%
Batch 1905/2797, Loss: 0.2012, Train Acc: 92.54%
Batch 1910/2797, Loss: 0.2011, Train Acc: 92.55%
Batch 1915/2797, Loss: 0.2011, Train Acc: 92.55%
Batch 1920/2797, Loss: 0.2011, Train Acc: 92.55%
Batch 1925/2797, Loss: 0.2012, Train Acc: 92.54%
Batch 1930/2797, Loss: 0.2012, Train Acc: 92.54%
Batch 1935/2797, Loss: 0.2012, Train Acc: 92.54%
Batch 1940/2797, Loss: 0.2011, Train Acc: 92.54%
Batch 1945/2797, Loss: 0.2012, Train Acc: 92.54%
Batch 1950/2797, Loss: 0.2013, Train Acc: 92.53%
Batch 1955/2797, Loss: 0.2012, Train Acc: 92.54%
Batch 1960/2797, Loss: 0.2011, Train Acc: 92.54%
Batch 1965/2797, Loss: 0.2012, Train Acc: 92.54%
Batch 1970/2797, Loss: 0.2012, Train Acc: 92.54%
Batch 1975/2797, Loss: 0.2014, Train Acc: 92.53%
Batch 1980/2797, Loss: 0.2013, Train Acc: 92.54%
Batch 1985/2797, Loss: 0.2012, Train Acc: 92.54%
Batch 1990/2797, Loss: 0.2012, Train Acc: 92.54%
Batch 1995/2797, Loss: 0.2012, Train Acc: 92.54%
Batch 2000/2797, Loss: 0.2011, Train Acc: 92.55%
Batch 2005/2797, Loss: 0.2011, Train Acc: 92.55%
Batch 2010/2797, Loss: 0.2012, Train Acc: 92.55%
Batch 2015/2797, Loss: 0.2011, Train Acc: 92.55%
Batch 2020/2797, Loss: 0.2011, Train Acc: 92.55%
Batch 2025/2797, Loss: 0.2011, Train Acc: 92.55%
Batch 2030/2797, Loss: 0.2010, Train Acc: 92.55%
Batch 2035/2797, Loss: 0.2010, Train Acc: 92.55%
Batch 2040/2797, Loss: 0.2009, Train Acc: 92.55%
Batch 2045/2797, Loss: 0.2009, Train Acc: 92.55%
Batch 2050/2797, Loss: 0.2008, Train Acc: 92.55%
Batch 2055/2797, Loss: 0.2008, Train Acc: 92.56%
Batch 2060/2797, Loss: 0.2007, Train Acc: 92.56%
Batch 2065/2797, Loss: 0.2007, Train Acc: 92.56%
Batch 2070/2797, Loss: 0.2007, Train Acc: 92.56%
Batch 2075/2797, Loss: 0.2007, Train Acc: 92.56%
Batch 2080/2797, Loss: 0.2008, Train Acc: 92.55%
Batch 2085/2797, Loss: 0.2008, Train Acc: 92.55%
Batch 2090/2797, Loss: 0.2008, Train Acc: 92.56%
Batch 2095/2797, Loss: 0.2008, Train Acc: 92.56%
Batch 2100/2797, Loss: 0.2008, Train Acc: 92.56%
Batch 2105/2797, Loss: 0.2008, Train Acc: 92.56%
Batch 2110/2797, Loss: 0.2008, Train Acc: 92.56%
Batch 2115/2797, Loss: 0.2008, Train Acc: 92.56%
Batch 2120/2797, Loss: 0.2008, Train Acc: 92.55%
Batch 2125/2797, Loss: 0.2008, Train Acc: 92.55%
Batch 2130/2797, Loss: 0.2009, Train Acc: 92.55%
Batch 2135/2797, Loss: 0.2009, Train Acc: 92.55%
Batch 2140/2797, Loss: 0.2010, Train Acc: 92.55%
Batch 2145/2797, Loss: 0.2010, Train Acc: 92.55%
Batch 2150/2797, Loss: 0.2010, Train Acc: 92.54%
Batch 2155/2797, Loss: 0.2010, Train Acc: 92.55%
Batch 2160/2797, Loss: 0.2011, Train Acc: 92.54%
Batch 2165/2797, Loss: 0.2010, Train Acc: 92.55%
Batch 2170/2797, Loss: 0.2010, Train Acc: 92.55%
Batch 2175/2797, Loss: 0.2010, Train Acc: 92.55%
Batch 2180/2797, Loss: 0.2010, Train Acc: 92.55%
Batch 2185/2797, Loss: 0.2011, Train Acc: 92.55%
Batch 2190/2797, Loss: 0.2010, Train Acc: 92.55%
Batch 2195/2797, Loss: 0.2010, Train Acc: 92.55%
Batch 2200/2797, Loss: 0.2009, Train Acc: 92.55%
Batch 2205/2797, Loss: 0.2010, Train Acc: 92.55%
Batch 2210/2797, Loss: 0.2010, Train Acc: 92.55%
Batch 2215/2797, Loss: 0.2010, Train Acc: 92.55%
Batch 2220/2797, Loss: 0.2010, Train Acc: 92.55%
Batch 2225/2797, Loss: 0.2010, Train Acc: 92.55%
Batch 2230/2797, Loss: 0.2011, Train Acc: 92.55%
Batch 2235/2797, Loss: 0.2011, Train Acc: 92.55%
Batch 2240/2797, Loss: 0.2011, Train Acc: 92.54%
Batch 2245/2797, Loss: 0.2010, Train Acc: 92.55%
Batch 2250/2797, Loss: 0.2010, Train Acc: 92.55%
Batch 2255/2797, Loss: 0.2009, Train Acc: 92.55%
Batch 2260/2797, Loss: 0.2009, Train Acc: 92.55%
Batch 2265/2797, Loss: 0.2009, Train Acc: 92.55%
Batch 2270/2797, Loss: 0.2009, Train Acc: 92.55%
Batch 2275/2797, Loss: 0.2009, Train Acc: 92.55%
Batch 2280/2797, Loss: 0.2008, Train Acc: 92.55%
Batch 2285/2797, Loss: 0.2009, Train Acc: 92.55%
Batch 2290/2797, Loss: 0.2010, Train Acc: 92.55%
Batch 2295/2797, Loss: 0.2010, Train Acc: 92.55%
Batch 2300/2797, Loss: 0.2010, Train Acc: 92.54%
Batch 2305/2797, Loss: 0.2011, Train Acc: 92.54%
Batch 2310/2797, Loss: 0.2010, Train Acc: 92.54%
Batch 2315/2797, Loss: 0.2010, Train Acc: 92.55%
Batch 2320/2797, Loss: 0.2011, Train Acc: 92.55%
Batch 2325/2797, Loss: 0.2010, Train Acc: 92.55%
Batch 2330/2797, Loss: 0.2010, Train Acc: 92.55%
Batch 2335/2797, Loss: 0.2010, Train Acc: 92.55%
Batch 2340/2797, Loss: 0.2011, Train Acc: 92.55%
Batch 2345/2797, Loss: 0.2011, Train Acc: 92.55%
Batch 2350/2797, Loss: 0.2010, Train Acc: 92.55%
Batch 2355/2797, Loss: 0.2010, Train Acc: 92.56%
Batch 2360/2797, Loss: 0.2011, Train Acc: 92.55%
Batch 2365/2797, Loss: 0.2011, Train Acc: 92.55%
Batch 2370/2797, Loss: 0.2011, Train Acc: 92.55%
Batch 2375/2797, Loss: 0.2011, Train Acc: 92.55%
Batch 2380/2797, Loss: 0.2012, Train Acc: 92.55%
Batch 2385/2797, Loss: 0.2011, Train Acc: 92.55%
Batch 2390/2797, Loss: 0.2012, Train Acc: 92.55%
Batch 2395/2797, Loss: 0.2012, Train Acc: 92.55%
Batch 2400/2797, Loss: 0.2012, Train Acc: 92.55%
Batch 2405/2797, Loss: 0.2013, Train Acc: 92.54%
Batch 2410/2797, Loss: 0.2012, Train Acc: 92.55%
Batch 2415/2797, Loss: 0.2012, Train Acc: 92.55%
Batch 2420/2797, Loss: 0.2013, Train Acc: 92.54%
Batch 2425/2797, Loss: 0.2012, Train Acc: 92.54%
Batch 2430/2797, Loss: 0.2013, Train Acc: 92.54%
Batch 2435/2797, Loss: 0.2013, Train Acc: 92.54%
Batch 2440/2797, Loss: 0.2013, Train Acc: 92.54%
Batch 2445/2797, Loss: 0.2013, Train Acc: 92.54%
Batch 2450/2797, Loss: 0.2013, Train Acc: 92.54%
Batch 2455/2797, Loss: 0.2013, Train Acc: 92.54%
Batch 2460/2797, Loss: 0.2013, Train Acc: 92.54%
Batch 2465/2797, Loss: 0.2013, Train Acc: 92.54%
Batch 2470/2797, Loss: 0.2012, Train Acc: 92.55%
Batch 2475/2797, Loss: 0.2012, Train Acc: 92.54%
Batch 2480/2797, Loss: 0.2012, Train Acc: 92.55%
Batch 2485/2797, Loss: 0.2012, Train Acc: 92.55%
Batch 2490/2797, Loss: 0.2012, Train Acc: 92.55%
Batch 2495/2797, Loss: 0.2013, Train Acc: 92.55%
Batch 2500/2797, Loss: 0.2012, Train Acc: 92.55%
Batch 2505/2797, Loss: 0.2013, Train Acc: 92.55%
Batch 2510/2797, Loss: 0.2013, Train Acc: 92.54%
Batch 2515/2797, Loss: 0.2013, Train Acc: 92.55%
Batch 2520/2797, Loss: 0.2013, Train Acc: 92.55%
Batch 2525/2797, Loss: 0.2013, Train Acc: 92.55%
Batch 2530/2797, Loss: 0.2013, Train Acc: 92.55%
Batch 2535/2797, Loss: 0.2012, Train Acc: 92.55%
Batch 2540/2797, Loss: 0.2012, Train Acc: 92.55%
Batch 2545/2797, Loss: 0.2012, Train Acc: 92.55%
Batch 2550/2797, Loss: 0.2012, Train Acc: 92.55%
Batch 2555/2797, Loss: 0.2012, Train Acc: 92.55%
Batch 2560/2797, Loss: 0.2013, Train Acc: 92.54%
Batch 2565/2797, Loss: 0.2013, Train Acc: 92.55%
Batch 2570/2797, Loss: 0.2013, Train Acc: 92.55%
Batch 2575/2797, Loss: 0.2013, Train Acc: 92.55%
Batch 2580/2797, Loss: 0.2014, Train Acc: 92.54%
Batch 2585/2797, Loss: 0.2014, Train Acc: 92.54%
Batch 2590/2797, Loss: 0.2014, Train Acc: 92.54%
Batch 2595/2797, Loss: 0.2013, Train Acc: 92.55%
Batch 2600/2797, Loss: 0.2013, Train Acc: 92.55%
Batch 2605/2797, Loss: 0.2013, Train Acc: 92.54%
Batch 2610/2797, Loss: 0.2014, Train Acc: 92.54%
Batch 2615/2797, Loss: 0.2014, Train Acc: 92.54%
Batch 2620/2797, Loss: 0.2014, Train Acc: 92.54%
Batch 2625/2797, Loss: 0.2015, Train Acc: 92.53%
Batch 2630/2797, Loss: 0.2015, Train Acc: 92.53%
Batch 2635/2797, Loss: 0.2015, Train Acc: 92.54%
Batch 2640/2797, Loss: 0.2016, Train Acc: 92.53%
Batch 2645/2797, Loss: 0.2015, Train Acc: 92.53%
Batch 2650/2797, Loss: 0.2016, Train Acc: 92.53%
Batch 2655/2797, Loss: 0.2017, Train Acc: 92.53%
Batch 2660/2797, Loss: 0.2016, Train Acc: 92.53%
Batch 2665/2797, Loss: 0.2016, Train Acc: 92.53%
Batch 2670/2797, Loss: 0.2017, Train Acc: 92.53%
Batch 2675/2797, Loss: 0.2017, Train Acc: 92.53%
Batch 2680/2797, Loss: 0.2018, Train Acc: 92.53%
Batch 2685/2797, Loss: 0.2018, Train Acc: 92.53%
Batch 2690/2797, Loss: 0.2017, Train Acc: 92.53%
Batch 2695/2797, Loss: 0.2017, Train Acc: 92.53%
Batch 2700/2797, Loss: 0.2017, Train Acc: 92.53%
Batch 2705/2797, Loss: 0.2017, Train Acc: 92.53%
Batch 2710/2797, Loss: 0.2017, Train Acc: 92.53%
Batch 2715/2797, Loss: 0.2017, Train Acc: 92.53%
Batch 2720/2797, Loss: 0.2017, Train Acc: 92.53%
Batch 2725/2797, Loss: 0.2017, Train Acc: 92.53%
Batch 2730/2797, Loss: 0.2017, Train Acc: 92.53%
Batch 2735/2797, Loss: 0.2016, Train Acc: 92.53%
Batch 2740/2797, Loss: 0.2017, Train Acc: 92.53%
Batch 2745/2797, Loss: 0.2017, Train Acc: 92.53%
Batch 2750/2797, Loss: 0.2018, Train Acc: 92.53%
Batch 2755/2797, Loss: 0.2018, Train Acc: 92.53%
Batch 2760/2797, Loss: 0.2018, Train Acc: 92.52%
Batch 2765/2797, Loss: 0.2018, Train Acc: 92.52%
Batch 2770/2797, Loss: 0.2018, Train Acc: 92.52%
Batch 2775/2797, Loss: 0.2018, Train Acc: 92.52%
Batch 2780/2797, Loss: 0.2018, Train Acc: 92.52%
Batch 2785/2797, Loss: 0.2018, Train Acc: 92.52%
Batch 2790/2797, Loss: 0.2018, Train Acc: 92.52%
Batch 2795/2797, Loss: 0.2018, Train Acc: 92.52%
Learning Rate: 0.000009
Epoch 15/50, Average Loss: 0.2018, Train Accuracy: 92.52%
Validation Batch 5/700, Validation Accuracy: 92.97%
Validation Batch 10/700, Validation Accuracy: 92.73%
Validation Batch 15/700, Validation Accuracy: 91.93%
Validation Batch 20/700, Validation Accuracy: 91.09%
Validation Batch 25/700, Validation Accuracy: 90.84%
Validation Batch 30/700, Validation Accuracy: 90.76%
Validation Batch 35/700, Validation Accuracy: 90.87%
Validation Batch 40/700, Validation Accuracy: 90.88%
Validation Batch 45/700, Validation Accuracy: 90.75%
Validation Batch 50/700, Validation Accuracy: 90.95%
Validation Batch 55/700, Validation Accuracy: 90.95%
Validation Batch 60/700, Validation Accuracy: 90.81%
Validation Batch 65/700, Validation Accuracy: 90.79%
Validation Batch 70/700, Validation Accuracy: 90.79%
Validation Batch 75/700, Validation Accuracy: 90.78%
Validation Batch 80/700, Validation Accuracy: 90.62%
Validation Batch 85/700, Validation Accuracy: 90.59%
Validation Batch 90/700, Validation Accuracy: 90.62%
Validation Batch 95/700, Validation Accuracy: 90.58%
Validation Batch 100/700, Validation Accuracy: 90.60%
Validation Batch 105/700, Validation Accuracy: 90.58%
Validation Batch 110/700, Validation Accuracy: 90.48%
Validation Batch 115/700, Validation Accuracy: 90.47%
Validation Batch 120/700, Validation Accuracy: 90.46%
Validation Batch 125/700, Validation Accuracy: 90.47%
Validation Batch 130/700, Validation Accuracy: 90.49%
Validation Batch 135/700, Validation Accuracy: 90.44%
Validation Batch 140/700, Validation Accuracy: 90.39%
Validation Batch 145/700, Validation Accuracy: 90.40%
Validation Batch 150/700, Validation Accuracy: 90.45%
Validation Batch 155/700, Validation Accuracy: 90.47%
Validation Batch 160/700, Validation Accuracy: 90.43%
Validation Batch 165/700, Validation Accuracy: 90.48%
Validation Batch 170/700, Validation Accuracy: 90.51%
Validation Batch 175/700, Validation Accuracy: 90.54%
Validation Batch 180/700, Validation Accuracy: 90.54%
Validation Batch 185/700, Validation Accuracy: 90.54%
Validation Batch 190/700, Validation Accuracy: 90.53%
Validation Batch 195/700, Validation Accuracy: 90.53%
Validation Batch 200/700, Validation Accuracy: 90.52%
Validation Batch 205/700, Validation Accuracy: 90.50%
Validation Batch 210/700, Validation Accuracy: 90.48%
Validation Batch 215/700, Validation Accuracy: 90.51%
Validation Batch 220/700, Validation Accuracy: 90.46%
Validation Batch 225/700, Validation Accuracy: 90.49%
Validation Batch 230/700, Validation Accuracy: 90.46%
Validation Batch 235/700, Validation Accuracy: 90.45%
Validation Batch 240/700, Validation Accuracy: 90.47%
Validation Batch 245/700, Validation Accuracy: 90.49%
Validation Batch 250/700, Validation Accuracy: 90.47%
Validation Batch 255/700, Validation Accuracy: 90.48%
Validation Batch 260/700, Validation Accuracy: 90.49%
Validation Batch 265/700, Validation Accuracy: 90.48%
Validation Batch 270/700, Validation Accuracy: 90.48%
Validation Batch 275/700, Validation Accuracy: 90.45%
Validation Batch 280/700, Validation Accuracy: 90.44%
Validation Batch 285/700, Validation Accuracy: 90.46%
Validation Batch 290/700, Validation Accuracy: 90.47%
Validation Batch 295/700, Validation Accuracy: 90.51%
Validation Batch 300/700, Validation Accuracy: 90.49%
Validation Batch 305/700, Validation Accuracy: 90.49%
Validation Batch 310/700, Validation Accuracy: 90.47%
Validation Batch 315/700, Validation Accuracy: 90.48%
Validation Batch 320/700, Validation Accuracy: 90.47%
Validation Batch 325/700, Validation Accuracy: 90.45%
Validation Batch 330/700, Validation Accuracy: 90.44%
Validation Batch 335/700, Validation Accuracy: 90.45%
Validation Batch 340/700, Validation Accuracy: 90.47%
Validation Batch 345/700, Validation Accuracy: 90.45%
Validation Batch 350/700, Validation Accuracy: 90.45%
Validation Batch 355/700, Validation Accuracy: 90.44%
Validation Batch 360/700, Validation Accuracy: 90.45%
Validation Batch 365/700, Validation Accuracy: 90.43%
Validation Batch 370/700, Validation Accuracy: 90.43%
Validation Batch 375/700, Validation Accuracy: 90.43%
Validation Batch 380/700, Validation Accuracy: 90.44%
Validation Batch 385/700, Validation Accuracy: 90.44%
Validation Batch 390/700, Validation Accuracy: 90.41%
Validation Batch 395/700, Validation Accuracy: 90.40%
Validation Batch 400/700, Validation Accuracy: 90.41%
Validation Batch 405/700, Validation Accuracy: 90.38%
Validation Batch 410/700, Validation Accuracy: 90.37%
Validation Batch 415/700, Validation Accuracy: 90.37%
Validation Batch 420/700, Validation Accuracy: 90.38%
Validation Batch 425/700, Validation Accuracy: 90.39%
Validation Batch 430/700, Validation Accuracy: 90.39%
Validation Batch 435/700, Validation Accuracy: 90.40%
Validation Batch 440/700, Validation Accuracy: 90.39%
Validation Batch 445/700, Validation Accuracy: 90.40%
Validation Batch 450/700, Validation Accuracy: 90.42%
Validation Batch 455/700, Validation Accuracy: 90.42%
Validation Batch 460/700, Validation Accuracy: 90.43%
Validation Batch 465/700, Validation Accuracy: 90.44%
Validation Batch 470/700, Validation Accuracy: 90.45%
Validation Batch 475/700, Validation Accuracy: 90.44%
Validation Batch 480/700, Validation Accuracy: 90.47%
Validation Batch 485/700, Validation Accuracy: 90.46%
Validation Batch 490/700, Validation Accuracy: 90.47%
Validation Batch 495/700, Validation Accuracy: 90.47%
Validation Batch 500/700, Validation Accuracy: 90.47%
Validation Batch 505/700, Validation Accuracy: 90.48%
Validation Batch 510/700, Validation Accuracy: 90.48%
Validation Batch 515/700, Validation Accuracy: 90.50%
Validation Batch 520/700, Validation Accuracy: 90.49%
Validation Batch 525/700, Validation Accuracy: 90.47%
Validation Batch 530/700, Validation Accuracy: 90.48%
Validation Batch 535/700, Validation Accuracy: 90.46%
Validation Batch 540/700, Validation Accuracy: 90.45%
Validation Batch 545/700, Validation Accuracy: 90.44%
Validation Batch 550/700, Validation Accuracy: 90.44%
Validation Batch 555/700, Validation Accuracy: 90.43%
Validation Batch 560/700, Validation Accuracy: 90.42%
Validation Batch 565/700, Validation Accuracy: 90.40%
Validation Batch 570/700, Validation Accuracy: 90.40%
Validation Batch 575/700, Validation Accuracy: 90.39%
Validation Batch 580/700, Validation Accuracy: 90.39%
Validation Batch 585/700, Validation Accuracy: 90.42%
Validation Batch 590/700, Validation Accuracy: 90.41%
Validation Batch 595/700, Validation Accuracy: 90.41%
Validation Batch 600/700, Validation Accuracy: 90.40%
Validation Batch 605/700, Validation Accuracy: 90.40%
Validation Batch 610/700, Validation Accuracy: 90.40%
Validation Batch 615/700, Validation Accuracy: 90.40%
Validation Batch 620/700, Validation Accuracy: 90.38%
Validation Batch 625/700, Validation Accuracy: 90.38%
Validation Batch 630/700, Validation Accuracy: 90.38%
Validation Batch 635/700, Validation Accuracy: 90.38%
Validation Batch 640/700, Validation Accuracy: 90.38%
Validation Batch 645/700, Validation Accuracy: 90.40%
Validation Batch 650/700, Validation Accuracy: 90.41%
Validation Batch 655/700, Validation Accuracy: 90.42%
Validation Batch 660/700, Validation Accuracy: 90.41%
Validation Batch 665/700, Validation Accuracy: 90.41%
Validation Batch 670/700, Validation Accuracy: 90.41%
Validation Batch 675/700, Validation Accuracy: 90.41%
Validation Batch 680/700, Validation Accuracy: 90.42%
Validation Batch 685/700, Validation Accuracy: 90.42%
Validation Batch 690/700, Validation Accuracy: 90.41%
Validation Batch 695/700, Validation Accuracy: 90.41%
Validation Batch 700/700, Validation Accuracy: 90.41%
Validation Accuracy for Epoch 15: 90.41%

--- Epoch 16/50 ---
Batch 5/2797, Loss: 0.2209, Train Acc: 90.94%
Batch 10/2797, Loss: 0.2146, Train Acc: 92.19%
Batch 15/2797, Loss: 0.2000, Train Acc: 92.60%
Batch 20/2797, Loss: 0.1934, Train Acc: 92.81%
Batch 25/2797, Loss: 0.1859, Train Acc: 92.78%
Batch 30/2797, Loss: 0.1891, Train Acc: 92.76%
Batch 35/2797, Loss: 0.1900, Train Acc: 92.83%
Batch 40/2797, Loss: 0.1886, Train Acc: 92.89%
Batch 45/2797, Loss: 0.1855, Train Acc: 93.09%
Batch 50/2797, Loss: 0.1845, Train Acc: 93.05%
Batch 55/2797, Loss: 0.1840, Train Acc: 93.08%
Batch 60/2797, Loss: 0.1848, Train Acc: 93.14%
Batch 65/2797, Loss: 0.1833, Train Acc: 93.20%
Batch 70/2797, Loss: 0.1815, Train Acc: 93.29%
Batch 75/2797, Loss: 0.1814, Train Acc: 93.22%
Batch 80/2797, Loss: 0.1812, Train Acc: 93.25%
Batch 85/2797, Loss: 0.1793, Train Acc: 93.31%
Batch 90/2797, Loss: 0.1811, Train Acc: 93.19%
Batch 95/2797, Loss: 0.1793, Train Acc: 93.26%
Batch 100/2797, Loss: 0.1789, Train Acc: 93.28%
Batch 105/2797, Loss: 0.1797, Train Acc: 93.24%
Batch 110/2797, Loss: 0.1794, Train Acc: 93.25%
Batch 115/2797, Loss: 0.1790, Train Acc: 93.27%
Batch 120/2797, Loss: 0.1795, Train Acc: 93.26%
Batch 125/2797, Loss: 0.1799, Train Acc: 93.26%
Batch 130/2797, Loss: 0.1794, Train Acc: 93.27%
Batch 135/2797, Loss: 0.1782, Train Acc: 93.36%
Batch 140/2797, Loss: 0.1781, Train Acc: 93.36%
Batch 145/2797, Loss: 0.1781, Train Acc: 93.38%
Batch 150/2797, Loss: 0.1777, Train Acc: 93.40%
Batch 155/2797, Loss: 0.1780, Train Acc: 93.40%
Batch 160/2797, Loss: 0.1781, Train Acc: 93.39%
Batch 165/2797, Loss: 0.1782, Train Acc: 93.39%
Batch 170/2797, Loss: 0.1778, Train Acc: 93.41%
Batch 175/2797, Loss: 0.1783, Train Acc: 93.38%
Batch 180/2797, Loss: 0.1790, Train Acc: 93.34%
Batch 185/2797, Loss: 0.1786, Train Acc: 93.40%
Batch 190/2797, Loss: 0.1787, Train Acc: 93.39%
Batch 195/2797, Loss: 0.1783, Train Acc: 93.39%
Batch 200/2797, Loss: 0.1797, Train Acc: 93.34%
Batch 205/2797, Loss: 0.1791, Train Acc: 93.35%
Batch 210/2797, Loss: 0.1794, Train Acc: 93.34%
Batch 215/2797, Loss: 0.1793, Train Acc: 93.34%
Batch 220/2797, Loss: 0.1795, Train Acc: 93.34%
Batch 225/2797, Loss: 0.1794, Train Acc: 93.32%
Batch 230/2797, Loss: 0.1794, Train Acc: 93.30%
Batch 235/2797, Loss: 0.1793, Train Acc: 93.31%
Batch 240/2797, Loss: 0.1795, Train Acc: 93.31%
Batch 245/2797, Loss: 0.1790, Train Acc: 93.32%
Batch 250/2797, Loss: 0.1784, Train Acc: 93.33%
Batch 255/2797, Loss: 0.1791, Train Acc: 93.31%
Batch 260/2797, Loss: 0.1791, Train Acc: 93.31%
Batch 265/2797, Loss: 0.1791, Train Acc: 93.33%
Batch 270/2797, Loss: 0.1786, Train Acc: 93.34%
Batch 275/2797, Loss: 0.1791, Train Acc: 93.33%
Batch 280/2797, Loss: 0.1793, Train Acc: 93.33%
Batch 285/2797, Loss: 0.1791, Train Acc: 93.35%
Batch 290/2797, Loss: 0.1785, Train Acc: 93.37%
Batch 295/2797, Loss: 0.1789, Train Acc: 93.37%
Batch 300/2797, Loss: 0.1785, Train Acc: 93.39%
Batch 305/2797, Loss: 0.1787, Train Acc: 93.39%
Batch 310/2797, Loss: 0.1784, Train Acc: 93.41%
Batch 315/2797, Loss: 0.1779, Train Acc: 93.44%
Batch 320/2797, Loss: 0.1777, Train Acc: 93.44%
Batch 325/2797, Loss: 0.1780, Train Acc: 93.44%
Batch 330/2797, Loss: 0.1778, Train Acc: 93.43%
Batch 335/2797, Loss: 0.1780, Train Acc: 93.42%
Batch 340/2797, Loss: 0.1777, Train Acc: 93.44%
Batch 345/2797, Loss: 0.1774, Train Acc: 93.44%
Batch 350/2797, Loss: 0.1767, Train Acc: 93.49%
Batch 355/2797, Loss: 0.1763, Train Acc: 93.51%
Batch 360/2797, Loss: 0.1761, Train Acc: 93.51%
Batch 365/2797, Loss: 0.1759, Train Acc: 93.52%
Batch 370/2797, Loss: 0.1754, Train Acc: 93.54%
Batch 375/2797, Loss: 0.1755, Train Acc: 93.52%
Batch 380/2797, Loss: 0.1754, Train Acc: 93.53%
Batch 385/2797, Loss: 0.1757, Train Acc: 93.53%
Batch 390/2797, Loss: 0.1764, Train Acc: 93.49%
Batch 395/2797, Loss: 0.1765, Train Acc: 93.48%
Batch 400/2797, Loss: 0.1763, Train Acc: 93.48%
Batch 405/2797, Loss: 0.1760, Train Acc: 93.48%
Batch 410/2797, Loss: 0.1759, Train Acc: 93.49%
Batch 415/2797, Loss: 0.1759, Train Acc: 93.49%
Batch 420/2797, Loss: 0.1758, Train Acc: 93.50%
Batch 425/2797, Loss: 0.1758, Train Acc: 93.49%
Batch 430/2797, Loss: 0.1757, Train Acc: 93.48%
Batch 435/2797, Loss: 0.1755, Train Acc: 93.49%
Batch 440/2797, Loss: 0.1755, Train Acc: 93.49%
Batch 445/2797, Loss: 0.1755, Train Acc: 93.47%
Batch 450/2797, Loss: 0.1755, Train Acc: 93.47%
Batch 455/2797, Loss: 0.1755, Train Acc: 93.47%
Batch 460/2797, Loss: 0.1755, Train Acc: 93.47%
Batch 465/2797, Loss: 0.1754, Train Acc: 93.48%
Batch 470/2797, Loss: 0.1751, Train Acc: 93.50%
Batch 475/2797, Loss: 0.1753, Train Acc: 93.49%
Batch 480/2797, Loss: 0.1751, Train Acc: 93.50%
Batch 485/2797, Loss: 0.1751, Train Acc: 93.51%
Batch 490/2797, Loss: 0.1753, Train Acc: 93.50%
Batch 495/2797, Loss: 0.1753, Train Acc: 93.49%
Batch 500/2797, Loss: 0.1751, Train Acc: 93.51%
Batch 505/2797, Loss: 0.1755, Train Acc: 93.49%
Batch 510/2797, Loss: 0.1755, Train Acc: 93.49%
Batch 515/2797, Loss: 0.1754, Train Acc: 93.49%
Batch 520/2797, Loss: 0.1753, Train Acc: 93.50%
Batch 525/2797, Loss: 0.1752, Train Acc: 93.50%
Batch 530/2797, Loss: 0.1751, Train Acc: 93.51%
Batch 535/2797, Loss: 0.1752, Train Acc: 93.51%
Batch 540/2797, Loss: 0.1754, Train Acc: 93.51%
Batch 545/2797, Loss: 0.1751, Train Acc: 93.52%
Batch 550/2797, Loss: 0.1750, Train Acc: 93.53%
Batch 555/2797, Loss: 0.1748, Train Acc: 93.53%
Batch 560/2797, Loss: 0.1747, Train Acc: 93.53%
Batch 565/2797, Loss: 0.1744, Train Acc: 93.55%
Batch 570/2797, Loss: 0.1743, Train Acc: 93.55%
Batch 575/2797, Loss: 0.1745, Train Acc: 93.55%
Batch 580/2797, Loss: 0.1744, Train Acc: 93.55%
Batch 585/2797, Loss: 0.1743, Train Acc: 93.56%
Batch 590/2797, Loss: 0.1742, Train Acc: 93.56%
Batch 595/2797, Loss: 0.1741, Train Acc: 93.57%
Batch 600/2797, Loss: 0.1740, Train Acc: 93.57%
Batch 605/2797, Loss: 0.1740, Train Acc: 93.57%
Batch 610/2797, Loss: 0.1739, Train Acc: 93.57%
Batch 615/2797, Loss: 0.1740, Train Acc: 93.57%
Batch 620/2797, Loss: 0.1739, Train Acc: 93.58%
Batch 625/2797, Loss: 0.1737, Train Acc: 93.59%
Batch 630/2797, Loss: 0.1738, Train Acc: 93.59%
Batch 635/2797, Loss: 0.1737, Train Acc: 93.59%
Batch 640/2797, Loss: 0.1735, Train Acc: 93.59%
Batch 645/2797, Loss: 0.1732, Train Acc: 93.61%
Batch 650/2797, Loss: 0.1730, Train Acc: 93.62%
Batch 655/2797, Loss: 0.1728, Train Acc: 93.62%
Batch 660/2797, Loss: 0.1731, Train Acc: 93.61%
Batch 665/2797, Loss: 0.1730, Train Acc: 93.61%
Batch 670/2797, Loss: 0.1729, Train Acc: 93.62%
Batch 675/2797, Loss: 0.1728, Train Acc: 93.62%
Batch 680/2797, Loss: 0.1728, Train Acc: 93.62%
Batch 685/2797, Loss: 0.1727, Train Acc: 93.62%
Batch 690/2797, Loss: 0.1729, Train Acc: 93.62%
Batch 695/2797, Loss: 0.1728, Train Acc: 93.62%
Batch 700/2797, Loss: 0.1725, Train Acc: 93.63%
Batch 705/2797, Loss: 0.1725, Train Acc: 93.63%
Batch 710/2797, Loss: 0.1726, Train Acc: 93.63%
Batch 715/2797, Loss: 0.1723, Train Acc: 93.64%
Batch 720/2797, Loss: 0.1724, Train Acc: 93.63%
Batch 725/2797, Loss: 0.1722, Train Acc: 93.64%
Batch 730/2797, Loss: 0.1719, Train Acc: 93.65%
Batch 735/2797, Loss: 0.1720, Train Acc: 93.65%
Batch 740/2797, Loss: 0.1717, Train Acc: 93.66%
Batch 745/2797, Loss: 0.1715, Train Acc: 93.66%
Batch 750/2797, Loss: 0.1715, Train Acc: 93.66%
Batch 755/2797, Loss: 0.1715, Train Acc: 93.67%
Batch 760/2797, Loss: 0.1713, Train Acc: 93.67%
Batch 765/2797, Loss: 0.1715, Train Acc: 93.67%
Batch 770/2797, Loss: 0.1715, Train Acc: 93.67%
Batch 775/2797, Loss: 0.1714, Train Acc: 93.67%
Batch 780/2797, Loss: 0.1716, Train Acc: 93.66%
Batch 785/2797, Loss: 0.1715, Train Acc: 93.67%
Batch 790/2797, Loss: 0.1715, Train Acc: 93.67%
Batch 795/2797, Loss: 0.1713, Train Acc: 93.68%
Batch 800/2797, Loss: 0.1716, Train Acc: 93.66%
Batch 805/2797, Loss: 0.1715, Train Acc: 93.67%
Batch 810/2797, Loss: 0.1714, Train Acc: 93.67%
Batch 815/2797, Loss: 0.1714, Train Acc: 93.67%
Batch 820/2797, Loss: 0.1713, Train Acc: 93.67%
Batch 825/2797, Loss: 0.1712, Train Acc: 93.68%
Batch 830/2797, Loss: 0.1711, Train Acc: 93.68%
Batch 835/2797, Loss: 0.1712, Train Acc: 93.67%
Batch 840/2797, Loss: 0.1711, Train Acc: 93.68%
Batch 845/2797, Loss: 0.1710, Train Acc: 93.67%
Batch 850/2797, Loss: 0.1709, Train Acc: 93.68%
Batch 855/2797, Loss: 0.1711, Train Acc: 93.67%
Batch 860/2797, Loss: 0.1713, Train Acc: 93.65%
Batch 865/2797, Loss: 0.1712, Train Acc: 93.66%
Batch 870/2797, Loss: 0.1711, Train Acc: 93.66%
Batch 875/2797, Loss: 0.1709, Train Acc: 93.67%
Batch 880/2797, Loss: 0.1709, Train Acc: 93.68%
Batch 885/2797, Loss: 0.1707, Train Acc: 93.68%
Batch 890/2797, Loss: 0.1709, Train Acc: 93.68%
Batch 895/2797, Loss: 0.1707, Train Acc: 93.68%
Batch 900/2797, Loss: 0.1707, Train Acc: 93.68%
Batch 905/2797, Loss: 0.1706, Train Acc: 93.69%
Batch 910/2797, Loss: 0.1706, Train Acc: 93.68%
Batch 915/2797, Loss: 0.1704, Train Acc: 93.69%
Batch 920/2797, Loss: 0.1703, Train Acc: 93.69%
Batch 925/2797, Loss: 0.1702, Train Acc: 93.70%
Batch 930/2797, Loss: 0.1702, Train Acc: 93.69%
Batch 935/2797, Loss: 0.1704, Train Acc: 93.69%
Batch 940/2797, Loss: 0.1702, Train Acc: 93.70%
Batch 945/2797, Loss: 0.1701, Train Acc: 93.70%
Batch 950/2797, Loss: 0.1701, Train Acc: 93.70%
Batch 955/2797, Loss: 0.1701, Train Acc: 93.70%
Batch 960/2797, Loss: 0.1701, Train Acc: 93.69%
Batch 965/2797, Loss: 0.1702, Train Acc: 93.69%
Batch 970/2797, Loss: 0.1700, Train Acc: 93.69%
Batch 975/2797, Loss: 0.1699, Train Acc: 93.69%
Batch 980/2797, Loss: 0.1698, Train Acc: 93.70%
Batch 985/2797, Loss: 0.1699, Train Acc: 93.70%
Batch 990/2797, Loss: 0.1697, Train Acc: 93.71%
Batch 995/2797, Loss: 0.1697, Train Acc: 93.71%
Batch 1000/2797, Loss: 0.1698, Train Acc: 93.70%
Batch 1005/2797, Loss: 0.1696, Train Acc: 93.71%
Batch 1010/2797, Loss: 0.1696, Train Acc: 93.71%
Batch 1015/2797, Loss: 0.1695, Train Acc: 93.72%
Batch 1020/2797, Loss: 0.1696, Train Acc: 93.72%
Batch 1025/2797, Loss: 0.1695, Train Acc: 93.72%
Batch 1030/2797, Loss: 0.1696, Train Acc: 93.72%
Batch 1035/2797, Loss: 0.1694, Train Acc: 93.73%
Batch 1040/2797, Loss: 0.1693, Train Acc: 93.72%
Batch 1045/2797, Loss: 0.1693, Train Acc: 93.73%
Batch 1050/2797, Loss: 0.1694, Train Acc: 93.72%
Batch 1055/2797, Loss: 0.1694, Train Acc: 93.72%
Batch 1060/2797, Loss: 0.1695, Train Acc: 93.72%
Batch 1065/2797, Loss: 0.1694, Train Acc: 93.72%
Batch 1070/2797, Loss: 0.1695, Train Acc: 93.72%
Batch 1075/2797, Loss: 0.1695, Train Acc: 93.72%
Batch 1080/2797, Loss: 0.1694, Train Acc: 93.72%
Batch 1085/2797, Loss: 0.1693, Train Acc: 93.72%
Batch 1090/2797, Loss: 0.1692, Train Acc: 93.73%
Batch 1095/2797, Loss: 0.1691, Train Acc: 93.73%
Batch 1100/2797, Loss: 0.1690, Train Acc: 93.73%
Batch 1105/2797, Loss: 0.1690, Train Acc: 93.73%
Batch 1110/2797, Loss: 0.1689, Train Acc: 93.73%
Batch 1115/2797, Loss: 0.1688, Train Acc: 93.74%
Batch 1120/2797, Loss: 0.1688, Train Acc: 93.74%
Batch 1125/2797, Loss: 0.1686, Train Acc: 93.74%
Batch 1130/2797, Loss: 0.1686, Train Acc: 93.74%
Batch 1135/2797, Loss: 0.1685, Train Acc: 93.74%
Batch 1140/2797, Loss: 0.1684, Train Acc: 93.75%
Batch 1145/2797, Loss: 0.1683, Train Acc: 93.75%
Batch 1150/2797, Loss: 0.1682, Train Acc: 93.75%
Batch 1155/2797, Loss: 0.1683, Train Acc: 93.75%
Batch 1160/2797, Loss: 0.1684, Train Acc: 93.75%
Batch 1165/2797, Loss: 0.1685, Train Acc: 93.74%
Batch 1170/2797, Loss: 0.1684, Train Acc: 93.74%
Batch 1175/2797, Loss: 0.1685, Train Acc: 93.74%
Batch 1180/2797, Loss: 0.1685, Train Acc: 93.74%
Batch 1185/2797, Loss: 0.1684, Train Acc: 93.75%
Batch 1190/2797, Loss: 0.1682, Train Acc: 93.76%
Batch 1195/2797, Loss: 0.1683, Train Acc: 93.75%
Batch 1200/2797, Loss: 0.1682, Train Acc: 93.76%
Batch 1205/2797, Loss: 0.1680, Train Acc: 93.76%
Batch 1210/2797, Loss: 0.1680, Train Acc: 93.76%
Batch 1215/2797, Loss: 0.1679, Train Acc: 93.77%
Batch 1220/2797, Loss: 0.1679, Train Acc: 93.77%
Batch 1225/2797, Loss: 0.1679, Train Acc: 93.77%
Batch 1230/2797, Loss: 0.1679, Train Acc: 93.77%
Batch 1235/2797, Loss: 0.1680, Train Acc: 93.77%
Batch 1240/2797, Loss: 0.1680, Train Acc: 93.77%
Batch 1245/2797, Loss: 0.1681, Train Acc: 93.77%
Batch 1250/2797, Loss: 0.1681, Train Acc: 93.76%
Batch 1255/2797, Loss: 0.1682, Train Acc: 93.76%
Batch 1260/2797, Loss: 0.1683, Train Acc: 93.75%
Batch 1265/2797, Loss: 0.1683, Train Acc: 93.75%
Batch 1270/2797, Loss: 0.1682, Train Acc: 93.76%
Batch 1275/2797, Loss: 0.1682, Train Acc: 93.76%
Batch 1280/2797, Loss: 0.1681, Train Acc: 93.76%
Batch 1285/2797, Loss: 0.1681, Train Acc: 93.77%
Batch 1290/2797, Loss: 0.1680, Train Acc: 93.77%
Batch 1295/2797, Loss: 0.1678, Train Acc: 93.78%
Batch 1300/2797, Loss: 0.1678, Train Acc: 93.78%
Batch 1305/2797, Loss: 0.1677, Train Acc: 93.78%
Batch 1310/2797, Loss: 0.1678, Train Acc: 93.78%
Batch 1315/2797, Loss: 0.1677, Train Acc: 93.78%
Batch 1320/2797, Loss: 0.1677, Train Acc: 93.78%
Batch 1325/2797, Loss: 0.1676, Train Acc: 93.78%
Batch 1330/2797, Loss: 0.1675, Train Acc: 93.79%
Batch 1335/2797, Loss: 0.1676, Train Acc: 93.79%
Batch 1340/2797, Loss: 0.1677, Train Acc: 93.78%
Batch 1345/2797, Loss: 0.1677, Train Acc: 93.78%
Batch 1350/2797, Loss: 0.1677, Train Acc: 93.78%
Batch 1355/2797, Loss: 0.1676, Train Acc: 93.79%
Batch 1360/2797, Loss: 0.1675, Train Acc: 93.79%
Batch 1365/2797, Loss: 0.1674, Train Acc: 93.80%
Batch 1370/2797, Loss: 0.1674, Train Acc: 93.80%
Batch 1375/2797, Loss: 0.1673, Train Acc: 93.80%
Batch 1380/2797, Loss: 0.1673, Train Acc: 93.80%
Batch 1385/2797, Loss: 0.1672, Train Acc: 93.80%
Batch 1390/2797, Loss: 0.1671, Train Acc: 93.80%
Batch 1395/2797, Loss: 0.1671, Train Acc: 93.80%
Batch 1400/2797, Loss: 0.1671, Train Acc: 93.81%
Batch 1405/2797, Loss: 0.1671, Train Acc: 93.81%
Batch 1410/2797, Loss: 0.1671, Train Acc: 93.80%
Batch 1415/2797, Loss: 0.1671, Train Acc: 93.80%
Batch 1420/2797, Loss: 0.1671, Train Acc: 93.80%
Batch 1425/2797, Loss: 0.1670, Train Acc: 93.81%
Batch 1430/2797, Loss: 0.1670, Train Acc: 93.81%
Batch 1435/2797, Loss: 0.1672, Train Acc: 93.80%
Batch 1440/2797, Loss: 0.1671, Train Acc: 93.80%
Batch 1445/2797, Loss: 0.1671, Train Acc: 93.80%
Batch 1450/2797, Loss: 0.1670, Train Acc: 93.81%
Batch 1455/2797, Loss: 0.1669, Train Acc: 93.81%
Batch 1460/2797, Loss: 0.1669, Train Acc: 93.81%
Batch 1465/2797, Loss: 0.1670, Train Acc: 93.81%
Batch 1470/2797, Loss: 0.1671, Train Acc: 93.81%
Batch 1475/2797, Loss: 0.1670, Train Acc: 93.81%
Batch 1480/2797, Loss: 0.1671, Train Acc: 93.80%
Batch 1485/2797, Loss: 0.1670, Train Acc: 93.81%
Batch 1490/2797, Loss: 0.1671, Train Acc: 93.81%
Batch 1495/2797, Loss: 0.1671, Train Acc: 93.81%
Batch 1500/2797, Loss: 0.1671, Train Acc: 93.81%
Batch 1505/2797, Loss: 0.1671, Train Acc: 93.81%
Batch 1510/2797, Loss: 0.1670, Train Acc: 93.81%
Batch 1515/2797, Loss: 0.1670, Train Acc: 93.82%
Batch 1520/2797, Loss: 0.1670, Train Acc: 93.82%
Batch 1525/2797, Loss: 0.1669, Train Acc: 93.82%
Batch 1530/2797, Loss: 0.1670, Train Acc: 93.82%
Batch 1535/2797, Loss: 0.1669, Train Acc: 93.82%
Batch 1540/2797, Loss: 0.1669, Train Acc: 93.82%
Batch 1545/2797, Loss: 0.1670, Train Acc: 93.82%
Batch 1550/2797, Loss: 0.1670, Train Acc: 93.82%
Batch 1555/2797, Loss: 0.1671, Train Acc: 93.82%
Batch 1560/2797, Loss: 0.1671, Train Acc: 93.81%
Batch 1565/2797, Loss: 0.1671, Train Acc: 93.82%
Batch 1570/2797, Loss: 0.1670, Train Acc: 93.82%
Batch 1575/2797, Loss: 0.1669, Train Acc: 93.82%
Batch 1580/2797, Loss: 0.1670, Train Acc: 93.82%
Batch 1585/2797, Loss: 0.1669, Train Acc: 93.82%
Batch 1590/2797, Loss: 0.1668, Train Acc: 93.83%
Batch 1595/2797, Loss: 0.1667, Train Acc: 93.83%
Batch 1600/2797, Loss: 0.1666, Train Acc: 93.83%
Batch 1605/2797, Loss: 0.1665, Train Acc: 93.84%
Batch 1610/2797, Loss: 0.1664, Train Acc: 93.84%
Batch 1615/2797, Loss: 0.1664, Train Acc: 93.84%
Batch 1620/2797, Loss: 0.1664, Train Acc: 93.84%
Batch 1625/2797, Loss: 0.1663, Train Acc: 93.85%
Batch 1630/2797, Loss: 0.1663, Train Acc: 93.85%
Batch 1635/2797, Loss: 0.1662, Train Acc: 93.85%
Batch 1640/2797, Loss: 0.1661, Train Acc: 93.85%
Batch 1645/2797, Loss: 0.1661, Train Acc: 93.85%
Batch 1650/2797, Loss: 0.1660, Train Acc: 93.86%
Batch 1655/2797, Loss: 0.1659, Train Acc: 93.86%
Batch 1660/2797, Loss: 0.1659, Train Acc: 93.86%
Batch 1665/2797, Loss: 0.1659, Train Acc: 93.86%
Batch 1670/2797, Loss: 0.1659, Train Acc: 93.86%
Batch 1675/2797, Loss: 0.1658, Train Acc: 93.87%
Batch 1680/2797, Loss: 0.1658, Train Acc: 93.87%
Batch 1685/2797, Loss: 0.1658, Train Acc: 93.86%
Batch 1690/2797, Loss: 0.1657, Train Acc: 93.87%
Batch 1695/2797, Loss: 0.1656, Train Acc: 93.87%
Batch 1700/2797, Loss: 0.1655, Train Acc: 93.88%
Batch 1705/2797, Loss: 0.1654, Train Acc: 93.88%
Batch 1710/2797, Loss: 0.1654, Train Acc: 93.88%
Batch 1715/2797, Loss: 0.1654, Train Acc: 93.88%
Batch 1720/2797, Loss: 0.1653, Train Acc: 93.89%
Batch 1725/2797, Loss: 0.1652, Train Acc: 93.89%
Batch 1730/2797, Loss: 0.1652, Train Acc: 93.89%
Batch 1735/2797, Loss: 0.1651, Train Acc: 93.89%
Batch 1740/2797, Loss: 0.1652, Train Acc: 93.89%
Batch 1745/2797, Loss: 0.1651, Train Acc: 93.89%
Batch 1750/2797, Loss: 0.1650, Train Acc: 93.89%
Batch 1755/2797, Loss: 0.1650, Train Acc: 93.89%
Batch 1760/2797, Loss: 0.1650, Train Acc: 93.89%
Batch 1765/2797, Loss: 0.1651, Train Acc: 93.89%
Batch 1770/2797, Loss: 0.1650, Train Acc: 93.89%
Batch 1775/2797, Loss: 0.1650, Train Acc: 93.89%
Batch 1780/2797, Loss: 0.1650, Train Acc: 93.89%
Batch 1785/2797, Loss: 0.1650, Train Acc: 93.89%
Batch 1790/2797, Loss: 0.1649, Train Acc: 93.89%
Batch 1795/2797, Loss: 0.1649, Train Acc: 93.89%
Batch 1800/2797, Loss: 0.1650, Train Acc: 93.89%
Batch 1805/2797, Loss: 0.1649, Train Acc: 93.89%
Batch 1810/2797, Loss: 0.1649, Train Acc: 93.90%
Batch 1815/2797, Loss: 0.1647, Train Acc: 93.90%
Batch 1820/2797, Loss: 0.1646, Train Acc: 93.91%
Batch 1825/2797, Loss: 0.1646, Train Acc: 93.91%
Batch 1830/2797, Loss: 0.1646, Train Acc: 93.91%
Batch 1835/2797, Loss: 0.1646, Train Acc: 93.91%
Batch 1840/2797, Loss: 0.1645, Train Acc: 93.91%
Batch 1845/2797, Loss: 0.1644, Train Acc: 93.91%
Batch 1850/2797, Loss: 0.1645, Train Acc: 93.92%
Batch 1855/2797, Loss: 0.1644, Train Acc: 93.92%
Batch 1860/2797, Loss: 0.1644, Train Acc: 93.92%
Batch 1865/2797, Loss: 0.1643, Train Acc: 93.92%
Batch 1870/2797, Loss: 0.1643, Train Acc: 93.92%
Batch 1875/2797, Loss: 0.1642, Train Acc: 93.92%
Batch 1880/2797, Loss: 0.1643, Train Acc: 93.92%
Batch 1885/2797, Loss: 0.1644, Train Acc: 93.92%
Batch 1890/2797, Loss: 0.1644, Train Acc: 93.92%
Batch 1895/2797, Loss: 0.1644, Train Acc: 93.91%
Batch 1900/2797, Loss: 0.1644, Train Acc: 93.91%
Batch 1905/2797, Loss: 0.1644, Train Acc: 93.91%
Batch 1910/2797, Loss: 0.1643, Train Acc: 93.91%
Batch 1915/2797, Loss: 0.1643, Train Acc: 93.91%
Batch 1920/2797, Loss: 0.1642, Train Acc: 93.91%
Batch 1925/2797, Loss: 0.1642, Train Acc: 93.92%
Batch 1930/2797, Loss: 0.1642, Train Acc: 93.92%
Batch 1935/2797, Loss: 0.1642, Train Acc: 93.92%
Batch 1940/2797, Loss: 0.1642, Train Acc: 93.91%
Batch 1945/2797, Loss: 0.1642, Train Acc: 93.91%
Batch 1950/2797, Loss: 0.1641, Train Acc: 93.92%
Batch 1955/2797, Loss: 0.1641, Train Acc: 93.91%
Batch 1960/2797, Loss: 0.1641, Train Acc: 93.91%
Batch 1965/2797, Loss: 0.1640, Train Acc: 93.92%
Batch 1970/2797, Loss: 0.1639, Train Acc: 93.92%
Batch 1975/2797, Loss: 0.1639, Train Acc: 93.92%
Batch 1980/2797, Loss: 0.1639, Train Acc: 93.92%
Batch 1985/2797, Loss: 0.1639, Train Acc: 93.92%
Batch 1990/2797, Loss: 0.1640, Train Acc: 93.92%
Batch 1995/2797, Loss: 0.1640, Train Acc: 93.92%
Batch 2000/2797, Loss: 0.1640, Train Acc: 93.92%
Batch 2005/2797, Loss: 0.1639, Train Acc: 93.92%
Batch 2010/2797, Loss: 0.1639, Train Acc: 93.92%
Batch 2015/2797, Loss: 0.1638, Train Acc: 93.92%
Batch 2020/2797, Loss: 0.1637, Train Acc: 93.92%
Batch 2025/2797, Loss: 0.1637, Train Acc: 93.92%
Batch 2030/2797, Loss: 0.1637, Train Acc: 93.92%
Batch 2035/2797, Loss: 0.1637, Train Acc: 93.93%
Batch 2040/2797, Loss: 0.1636, Train Acc: 93.93%
Batch 2045/2797, Loss: 0.1636, Train Acc: 93.93%
Batch 2050/2797, Loss: 0.1636, Train Acc: 93.93%
Batch 2055/2797, Loss: 0.1635, Train Acc: 93.93%
Batch 2060/2797, Loss: 0.1634, Train Acc: 93.94%
Batch 2065/2797, Loss: 0.1634, Train Acc: 93.94%
Batch 2070/2797, Loss: 0.1633, Train Acc: 93.94%
Batch 2075/2797, Loss: 0.1633, Train Acc: 93.94%
Batch 2080/2797, Loss: 0.1632, Train Acc: 93.95%
Batch 2085/2797, Loss: 0.1632, Train Acc: 93.95%
Batch 2090/2797, Loss: 0.1631, Train Acc: 93.95%
Batch 2095/2797, Loss: 0.1632, Train Acc: 93.94%
Batch 2100/2797, Loss: 0.1632, Train Acc: 93.95%
Batch 2105/2797, Loss: 0.1632, Train Acc: 93.94%
Batch 2110/2797, Loss: 0.1632, Train Acc: 93.94%
Batch 2115/2797, Loss: 0.1631, Train Acc: 93.95%
Batch 2120/2797, Loss: 0.1631, Train Acc: 93.95%
Batch 2125/2797, Loss: 0.1631, Train Acc: 93.95%
Batch 2130/2797, Loss: 0.1630, Train Acc: 93.95%
Batch 2135/2797, Loss: 0.1630, Train Acc: 93.95%
Batch 2140/2797, Loss: 0.1630, Train Acc: 93.95%
Batch 2145/2797, Loss: 0.1629, Train Acc: 93.94%
Batch 2150/2797, Loss: 0.1630, Train Acc: 93.94%
Batch 2155/2797, Loss: 0.1629, Train Acc: 93.95%
Batch 2160/2797, Loss: 0.1629, Train Acc: 93.95%
Batch 2165/2797, Loss: 0.1629, Train Acc: 93.95%
Batch 2170/2797, Loss: 0.1628, Train Acc: 93.95%
Batch 2175/2797, Loss: 0.1628, Train Acc: 93.95%
Batch 2180/2797, Loss: 0.1628, Train Acc: 93.95%
Batch 2185/2797, Loss: 0.1627, Train Acc: 93.96%
Batch 2190/2797, Loss: 0.1628, Train Acc: 93.96%
Batch 2195/2797, Loss: 0.1628, Train Acc: 93.95%
Batch 2200/2797, Loss: 0.1627, Train Acc: 93.96%
Batch 2205/2797, Loss: 0.1627, Train Acc: 93.96%
Batch 2210/2797, Loss: 0.1626, Train Acc: 93.96%
Batch 2215/2797, Loss: 0.1626, Train Acc: 93.96%
Batch 2220/2797, Loss: 0.1627, Train Acc: 93.96%
Batch 2225/2797, Loss: 0.1627, Train Acc: 93.96%
Batch 2230/2797, Loss: 0.1626, Train Acc: 93.96%
Batch 2235/2797, Loss: 0.1625, Train Acc: 93.97%
Batch 2240/2797, Loss: 0.1626, Train Acc: 93.97%
Batch 2245/2797, Loss: 0.1626, Train Acc: 93.96%
Batch 2250/2797, Loss: 0.1625, Train Acc: 93.97%
Batch 2255/2797, Loss: 0.1625, Train Acc: 93.97%
Batch 2260/2797, Loss: 0.1625, Train Acc: 93.97%
Batch 2265/2797, Loss: 0.1625, Train Acc: 93.96%
Batch 2270/2797, Loss: 0.1625, Train Acc: 93.96%
Batch 2275/2797, Loss: 0.1624, Train Acc: 93.97%
Batch 2280/2797, Loss: 0.1624, Train Acc: 93.97%
Batch 2285/2797, Loss: 0.1624, Train Acc: 93.97%
Batch 2290/2797, Loss: 0.1624, Train Acc: 93.97%
Batch 2295/2797, Loss: 0.1624, Train Acc: 93.97%
Batch 2300/2797, Loss: 0.1623, Train Acc: 93.97%
Batch 2305/2797, Loss: 0.1623, Train Acc: 93.97%
Batch 2310/2797, Loss: 0.1622, Train Acc: 93.98%
Batch 2315/2797, Loss: 0.1623, Train Acc: 93.97%
Batch 2320/2797, Loss: 0.1623, Train Acc: 93.97%
Batch 2325/2797, Loss: 0.1623, Train Acc: 93.97%
Batch 2330/2797, Loss: 0.1624, Train Acc: 93.97%
Batch 2335/2797, Loss: 0.1623, Train Acc: 93.97%
Batch 2340/2797, Loss: 0.1623, Train Acc: 93.97%
Batch 2345/2797, Loss: 0.1622, Train Acc: 93.97%
Batch 2350/2797, Loss: 0.1622, Train Acc: 93.97%
Batch 2355/2797, Loss: 0.1622, Train Acc: 93.97%
Batch 2360/2797, Loss: 0.1621, Train Acc: 93.98%
Batch 2365/2797, Loss: 0.1621, Train Acc: 93.98%
Batch 2370/2797, Loss: 0.1620, Train Acc: 93.98%
Batch 2375/2797, Loss: 0.1620, Train Acc: 93.98%
Batch 2380/2797, Loss: 0.1619, Train Acc: 93.98%
Batch 2385/2797, Loss: 0.1620, Train Acc: 93.98%
Batch 2390/2797, Loss: 0.1620, Train Acc: 93.98%
Batch 2395/2797, Loss: 0.1619, Train Acc: 93.98%
Batch 2400/2797, Loss: 0.1619, Train Acc: 93.99%
Batch 2405/2797, Loss: 0.1618, Train Acc: 93.99%
Batch 2410/2797, Loss: 0.1618, Train Acc: 93.99%
Batch 2415/2797, Loss: 0.1617, Train Acc: 93.99%
Batch 2420/2797, Loss: 0.1617, Train Acc: 93.99%
Batch 2425/2797, Loss: 0.1616, Train Acc: 94.00%
Batch 2430/2797, Loss: 0.1616, Train Acc: 94.00%
Batch 2435/2797, Loss: 0.1617, Train Acc: 93.99%
Batch 2440/2797, Loss: 0.1616, Train Acc: 94.00%
Batch 2445/2797, Loss: 0.1616, Train Acc: 94.00%
Batch 2450/2797, Loss: 0.1616, Train Acc: 94.00%
Batch 2455/2797, Loss: 0.1616, Train Acc: 94.00%
Batch 2460/2797, Loss: 0.1615, Train Acc: 94.00%
Batch 2465/2797, Loss: 0.1615, Train Acc: 94.00%
Batch 2470/2797, Loss: 0.1615, Train Acc: 94.00%
Batch 2475/2797, Loss: 0.1615, Train Acc: 94.00%
Batch 2480/2797, Loss: 0.1615, Train Acc: 94.01%
Batch 2485/2797, Loss: 0.1613, Train Acc: 94.01%
Batch 2490/2797, Loss: 0.1613, Train Acc: 94.01%
Batch 2495/2797, Loss: 0.1614, Train Acc: 94.01%
Batch 2500/2797, Loss: 0.1613, Train Acc: 94.01%
Batch 2505/2797, Loss: 0.1614, Train Acc: 94.01%
Batch 2510/2797, Loss: 0.1614, Train Acc: 94.01%
Batch 2515/2797, Loss: 0.1613, Train Acc: 94.01%
Batch 2520/2797, Loss: 0.1613, Train Acc: 94.01%
Batch 2525/2797, Loss: 0.1613, Train Acc: 94.01%
Batch 2530/2797, Loss: 0.1613, Train Acc: 94.01%
Batch 2535/2797, Loss: 0.1613, Train Acc: 94.01%
Batch 2540/2797, Loss: 0.1613, Train Acc: 94.01%
Batch 2545/2797, Loss: 0.1612, Train Acc: 94.02%
Batch 2550/2797, Loss: 0.1611, Train Acc: 94.02%
Batch 2555/2797, Loss: 0.1612, Train Acc: 94.02%
Batch 2560/2797, Loss: 0.1612, Train Acc: 94.02%
Batch 2565/2797, Loss: 0.1612, Train Acc: 94.02%
Batch 2570/2797, Loss: 0.1612, Train Acc: 94.02%
Batch 2575/2797, Loss: 0.1612, Train Acc: 94.02%
Batch 2580/2797, Loss: 0.1612, Train Acc: 94.02%
Batch 2585/2797, Loss: 0.1613, Train Acc: 94.02%
Batch 2590/2797, Loss: 0.1612, Train Acc: 94.02%
Batch 2595/2797, Loss: 0.1612, Train Acc: 94.02%
Batch 2600/2797, Loss: 0.1612, Train Acc: 94.02%
Batch 2605/2797, Loss: 0.1611, Train Acc: 94.02%
Batch 2610/2797, Loss: 0.1611, Train Acc: 94.02%
Batch 2615/2797, Loss: 0.1611, Train Acc: 94.02%
Batch 2620/2797, Loss: 0.1611, Train Acc: 94.02%
Batch 2625/2797, Loss: 0.1611, Train Acc: 94.02%
Batch 2630/2797, Loss: 0.1611, Train Acc: 94.02%
Batch 2635/2797, Loss: 0.1611, Train Acc: 94.02%
Batch 2640/2797, Loss: 0.1611, Train Acc: 94.02%
Batch 2645/2797, Loss: 0.1610, Train Acc: 94.02%
Batch 2650/2797, Loss: 0.1611, Train Acc: 94.02%
Batch 2655/2797, Loss: 0.1611, Train Acc: 94.02%
Batch 2660/2797, Loss: 0.1611, Train Acc: 94.02%
Batch 2665/2797, Loss: 0.1611, Train Acc: 94.02%
Batch 2670/2797, Loss: 0.1611, Train Acc: 94.01%
Batch 2675/2797, Loss: 0.1611, Train Acc: 94.02%
Batch 2680/2797, Loss: 0.1611, Train Acc: 94.02%
Batch 2685/2797, Loss: 0.1611, Train Acc: 94.02%
Batch 2690/2797, Loss: 0.1611, Train Acc: 94.02%
Batch 2695/2797, Loss: 0.1611, Train Acc: 94.02%
Batch 2700/2797, Loss: 0.1610, Train Acc: 94.02%
Batch 2705/2797, Loss: 0.1610, Train Acc: 94.02%
Batch 2710/2797, Loss: 0.1609, Train Acc: 94.02%
Batch 2715/2797, Loss: 0.1609, Train Acc: 94.03%
Batch 2720/2797, Loss: 0.1608, Train Acc: 94.03%
Batch 2725/2797, Loss: 0.1609, Train Acc: 94.02%
Batch 2730/2797, Loss: 0.1608, Train Acc: 94.03%
Batch 2735/2797, Loss: 0.1608, Train Acc: 94.03%
Batch 2740/2797, Loss: 0.1608, Train Acc: 94.03%
Batch 2745/2797, Loss: 0.1608, Train Acc: 94.03%
Batch 2750/2797, Loss: 0.1608, Train Acc: 94.03%
Batch 2755/2797, Loss: 0.1608, Train Acc: 94.03%
Batch 2760/2797, Loss: 0.1608, Train Acc: 94.03%
Batch 2765/2797, Loss: 0.1608, Train Acc: 94.03%
Batch 2770/2797, Loss: 0.1608, Train Acc: 94.03%
Batch 2775/2797, Loss: 0.1608, Train Acc: 94.03%
Batch 2780/2797, Loss: 0.1608, Train Acc: 94.03%
Batch 2785/2797, Loss: 0.1607, Train Acc: 94.03%
Batch 2790/2797, Loss: 0.1607, Train Acc: 94.03%
Batch 2795/2797, Loss: 0.1607, Train Acc: 94.03%
Learning Rate: 0.000000
Epoch 16/50, Average Loss: 0.1607, Train Accuracy: 94.03%
Validation Batch 5/700, Validation Accuracy: 95.31%
Validation Batch 10/700, Validation Accuracy: 94.22%
Validation Batch 15/700, Validation Accuracy: 93.44%
Validation Batch 20/700, Validation Accuracy: 92.77%
Validation Batch 25/700, Validation Accuracy: 92.47%
Validation Batch 30/700, Validation Accuracy: 92.42%
Validation Batch 35/700, Validation Accuracy: 92.41%
Validation Batch 40/700, Validation Accuracy: 92.40%
Validation Batch 45/700, Validation Accuracy: 92.34%
Validation Batch 50/700, Validation Accuracy: 92.53%
Validation Batch 55/700, Validation Accuracy: 92.59%
Validation Batch 60/700, Validation Accuracy: 92.45%
Validation Batch 65/700, Validation Accuracy: 92.44%
Validation Batch 70/700, Validation Accuracy: 92.50%
Validation Batch 75/700, Validation Accuracy: 92.45%
Validation Batch 80/700, Validation Accuracy: 92.32%
Validation Batch 85/700, Validation Accuracy: 92.22%
Validation Batch 90/700, Validation Accuracy: 92.24%
Validation Batch 95/700, Validation Accuracy: 92.18%
Validation Batch 100/700, Validation Accuracy: 92.19%
Validation Batch 105/700, Validation Accuracy: 92.21%
Validation Batch 110/700, Validation Accuracy: 92.21%
Validation Batch 115/700, Validation Accuracy: 92.19%
Validation Batch 120/700, Validation Accuracy: 92.19%
Validation Batch 125/700, Validation Accuracy: 92.20%
Validation Batch 130/700, Validation Accuracy: 92.17%
Validation Batch 135/700, Validation Accuracy: 92.10%
Validation Batch 140/700, Validation Accuracy: 92.05%
Validation Batch 145/700, Validation Accuracy: 92.03%
Validation Batch 150/700, Validation Accuracy: 92.09%
Validation Batch 155/700, Validation Accuracy: 92.11%
Validation Batch 160/700, Validation Accuracy: 92.08%
Validation Batch 165/700, Validation Accuracy: 92.10%
Validation Batch 170/700, Validation Accuracy: 92.11%
Validation Batch 175/700, Validation Accuracy: 92.14%
Validation Batch 180/700, Validation Accuracy: 92.16%
Validation Batch 185/700, Validation Accuracy: 92.17%
Validation Batch 190/700, Validation Accuracy: 92.17%
Validation Batch 195/700, Validation Accuracy: 92.18%
Validation Batch 200/700, Validation Accuracy: 92.18%
Validation Batch 205/700, Validation Accuracy: 92.16%
Validation Batch 210/700, Validation Accuracy: 92.19%
Validation Batch 215/700, Validation Accuracy: 92.20%
Validation Batch 220/700, Validation Accuracy: 92.15%
Validation Batch 225/700, Validation Accuracy: 92.21%
Validation Batch 230/700, Validation Accuracy: 92.19%
Validation Batch 235/700, Validation Accuracy: 92.18%
Validation Batch 240/700, Validation Accuracy: 92.19%
Validation Batch 245/700, Validation Accuracy: 92.24%
Validation Batch 250/700, Validation Accuracy: 92.21%
Validation Batch 255/700, Validation Accuracy: 92.24%
Validation Batch 260/700, Validation Accuracy: 92.26%
Validation Batch 265/700, Validation Accuracy: 92.24%
Validation Batch 270/700, Validation Accuracy: 92.23%
Validation Batch 275/700, Validation Accuracy: 92.23%
Validation Batch 280/700, Validation Accuracy: 92.23%
Validation Batch 285/700, Validation Accuracy: 92.24%
Validation Batch 290/700, Validation Accuracy: 92.26%
Validation Batch 295/700, Validation Accuracy: 92.29%
Validation Batch 300/700, Validation Accuracy: 92.30%
Validation Batch 305/700, Validation Accuracy: 92.32%
Validation Batch 310/700, Validation Accuracy: 92.29%
Validation Batch 315/700, Validation Accuracy: 92.29%
Validation Batch 320/700, Validation Accuracy: 92.27%
Validation Batch 325/700, Validation Accuracy: 92.25%
Validation Batch 330/700, Validation Accuracy: 92.25%
Validation Batch 335/700, Validation Accuracy: 92.26%
Validation Batch 340/700, Validation Accuracy: 92.28%
Validation Batch 345/700, Validation Accuracy: 92.27%
Validation Batch 350/700, Validation Accuracy: 92.27%
Validation Batch 355/700, Validation Accuracy: 92.23%
Validation Batch 360/700, Validation Accuracy: 92.25%
Validation Batch 365/700, Validation Accuracy: 92.23%
Validation Batch 370/700, Validation Accuracy: 92.23%
Validation Batch 375/700, Validation Accuracy: 92.23%
Validation Batch 380/700, Validation Accuracy: 92.24%
Validation Batch 385/700, Validation Accuracy: 92.24%
Validation Batch 390/700, Validation Accuracy: 92.20%
Validation Batch 395/700, Validation Accuracy: 92.20%
Validation Batch 400/700, Validation Accuracy: 92.20%
Validation Batch 405/700, Validation Accuracy: 92.17%
Validation Batch 410/700, Validation Accuracy: 92.16%
Validation Batch 415/700, Validation Accuracy: 92.18%
Validation Batch 420/700, Validation Accuracy: 92.19%
Validation Batch 425/700, Validation Accuracy: 92.19%
Validation Batch 430/700, Validation Accuracy: 92.21%
Validation Batch 435/700, Validation Accuracy: 92.21%
Validation Batch 440/700, Validation Accuracy: 92.20%
Validation Batch 445/700, Validation Accuracy: 92.21%
Validation Batch 450/700, Validation Accuracy: 92.24%
Validation Batch 455/700, Validation Accuracy: 92.25%
Validation Batch 460/700, Validation Accuracy: 92.26%
Validation Batch 465/700, Validation Accuracy: 92.26%
Validation Batch 470/700, Validation Accuracy: 92.26%
Validation Batch 475/700, Validation Accuracy: 92.24%
Validation Batch 480/700, Validation Accuracy: 92.26%
Validation Batch 485/700, Validation Accuracy: 92.26%
Validation Batch 490/700, Validation Accuracy: 92.27%
Validation Batch 495/700, Validation Accuracy: 92.27%
Validation Batch 500/700, Validation Accuracy: 92.26%
Validation Batch 505/700, Validation Accuracy: 92.28%
Validation Batch 510/700, Validation Accuracy: 92.28%
Validation Batch 515/700, Validation Accuracy: 92.30%
Validation Batch 520/700, Validation Accuracy: 92.31%
Validation Batch 525/700, Validation Accuracy: 92.29%
Validation Batch 530/700, Validation Accuracy: 92.29%
Validation Batch 535/700, Validation Accuracy: 92.27%
Validation Batch 540/700, Validation Accuracy: 92.25%
Validation Batch 545/700, Validation Accuracy: 92.25%
Validation Batch 550/700, Validation Accuracy: 92.25%
Validation Batch 555/700, Validation Accuracy: 92.23%
Validation Batch 560/700, Validation Accuracy: 92.21%
Validation Batch 565/700, Validation Accuracy: 92.21%
Validation Batch 570/700, Validation Accuracy: 92.21%
Validation Batch 575/700, Validation Accuracy: 92.21%
Validation Batch 580/700, Validation Accuracy: 92.21%
Validation Batch 585/700, Validation Accuracy: 92.23%
Validation Batch 590/700, Validation Accuracy: 92.22%
Validation Batch 595/700, Validation Accuracy: 92.22%
Validation Batch 600/700, Validation Accuracy: 92.22%
Validation Batch 605/700, Validation Accuracy: 92.23%
Validation Batch 610/700, Validation Accuracy: 92.23%
Validation Batch 615/700, Validation Accuracy: 92.21%
Validation Batch 620/700, Validation Accuracy: 92.20%
Validation Batch 625/700, Validation Accuracy: 92.20%
Validation Batch 630/700, Validation Accuracy: 92.20%
Validation Batch 635/700, Validation Accuracy: 92.19%
Validation Batch 640/700, Validation Accuracy: 92.19%
Validation Batch 645/700, Validation Accuracy: 92.21%
Validation Batch 650/700, Validation Accuracy: 92.21%
Validation Batch 655/700, Validation Accuracy: 92.22%
Validation Batch 660/700, Validation Accuracy: 92.22%
Validation Batch 665/700, Validation Accuracy: 92.23%
Validation Batch 670/700, Validation Accuracy: 92.22%
Validation Batch 675/700, Validation Accuracy: 92.23%
Validation Batch 680/700, Validation Accuracy: 92.23%
Validation Batch 685/700, Validation Accuracy: 92.23%
Validation Batch 690/700, Validation Accuracy: 92.23%
Validation Batch 695/700, Validation Accuracy: 92.23%
Validation Batch 700/700, Validation Accuracy: 92.23%
Validation Accuracy for Epoch 16: 92.23%
New Best Model Saved! Validation Accuracy: 92.23%

--- Epoch 17/50 ---
Batch 5/2797, Loss: 0.1213, Train Acc: 95.47%
Batch 10/2797, Loss: 0.1423, Train Acc: 94.53%
Batch 15/2797, Loss: 0.1426, Train Acc: 94.53%
Batch 20/2797, Loss: 0.1368, Train Acc: 95.00%
Batch 25/2797, Loss: 0.1400, Train Acc: 94.97%
Batch 30/2797, Loss: 0.1423, Train Acc: 94.82%
Batch 35/2797, Loss: 0.1428, Train Acc: 94.75%
Batch 40/2797, Loss: 0.1425, Train Acc: 94.82%
Batch 45/2797, Loss: 0.1478, Train Acc: 94.58%
Batch 50/2797, Loss: 0.1461, Train Acc: 94.67%
Batch 55/2797, Loss: 0.1469, Train Acc: 94.72%
Batch 60/2797, Loss: 0.1490, Train Acc: 94.62%
Batch 65/2797, Loss: 0.1479, Train Acc: 94.64%
Batch 70/2797, Loss: 0.1483, Train Acc: 94.62%
Batch 75/2797, Loss: 0.1501, Train Acc: 94.57%
Batch 80/2797, Loss: 0.1499, Train Acc: 94.57%
Batch 85/2797, Loss: 0.1493, Train Acc: 94.60%
Batch 90/2797, Loss: 0.1481, Train Acc: 94.65%
Batch 95/2797, Loss: 0.1486, Train Acc: 94.58%
Batch 100/2797, Loss: 0.1483, Train Acc: 94.57%
Batch 105/2797, Loss: 0.1479, Train Acc: 94.62%
Batch 110/2797, Loss: 0.1494, Train Acc: 94.55%
Batch 115/2797, Loss: 0.1505, Train Acc: 94.52%
Batch 120/2797, Loss: 0.1493, Train Acc: 94.54%
Batch 125/2797, Loss: 0.1492, Train Acc: 94.54%
Batch 130/2797, Loss: 0.1491, Train Acc: 94.59%
Batch 135/2797, Loss: 0.1489, Train Acc: 94.59%
Batch 140/2797, Loss: 0.1498, Train Acc: 94.54%
Batch 145/2797, Loss: 0.1498, Train Acc: 94.55%
Batch 150/2797, Loss: 0.1487, Train Acc: 94.59%
Batch 155/2797, Loss: 0.1475, Train Acc: 94.64%
Batch 160/2797, Loss: 0.1480, Train Acc: 94.61%
Batch 165/2797, Loss: 0.1490, Train Acc: 94.56%
Batch 170/2797, Loss: 0.1488, Train Acc: 94.57%
Batch 175/2797, Loss: 0.1490, Train Acc: 94.57%
Batch 180/2797, Loss: 0.1495, Train Acc: 94.53%
Batch 185/2797, Loss: 0.1490, Train Acc: 94.54%
Batch 190/2797, Loss: 0.1487, Train Acc: 94.56%
Batch 195/2797, Loss: 0.1487, Train Acc: 94.55%
Batch 200/2797, Loss: 0.1493, Train Acc: 94.52%
Batch 205/2797, Loss: 0.1484, Train Acc: 94.56%
Batch 210/2797, Loss: 0.1482, Train Acc: 94.58%
Batch 215/2797, Loss: 0.1475, Train Acc: 94.60%
Batch 220/2797, Loss: 0.1481, Train Acc: 94.56%
Batch 225/2797, Loss: 0.1493, Train Acc: 94.52%
Batch 230/2797, Loss: 0.1487, Train Acc: 94.53%
Batch 235/2797, Loss: 0.1485, Train Acc: 94.54%
Batch 240/2797, Loss: 0.1485, Train Acc: 94.53%
Batch 245/2797, Loss: 0.1491, Train Acc: 94.51%
Batch 250/2797, Loss: 0.1489, Train Acc: 94.52%
Batch 255/2797, Loss: 0.1491, Train Acc: 94.50%
Batch 260/2797, Loss: 0.1484, Train Acc: 94.52%
Batch 265/2797, Loss: 0.1482, Train Acc: 94.54%
Batch 270/2797, Loss: 0.1480, Train Acc: 94.55%
Batch 275/2797, Loss: 0.1487, Train Acc: 94.51%
Batch 280/2797, Loss: 0.1488, Train Acc: 94.49%
Batch 285/2797, Loss: 0.1493, Train Acc: 94.47%
Batch 290/2797, Loss: 0.1494, Train Acc: 94.47%
Batch 295/2797, Loss: 0.1494, Train Acc: 94.49%
Batch 300/2797, Loss: 0.1496, Train Acc: 94.48%
Batch 305/2797, Loss: 0.1500, Train Acc: 94.47%
Batch 310/2797, Loss: 0.1496, Train Acc: 94.50%
Batch 315/2797, Loss: 0.1498, Train Acc: 94.49%
Batch 320/2797, Loss: 0.1500, Train Acc: 94.48%
Batch 325/2797, Loss: 0.1504, Train Acc: 94.48%
Batch 330/2797, Loss: 0.1502, Train Acc: 94.50%
Batch 335/2797, Loss: 0.1503, Train Acc: 94.49%
Batch 340/2797, Loss: 0.1508, Train Acc: 94.47%
Batch 345/2797, Loss: 0.1501, Train Acc: 94.49%
Batch 350/2797, Loss: 0.1501, Train Acc: 94.47%
Batch 355/2797, Loss: 0.1502, Train Acc: 94.46%
Batch 360/2797, Loss: 0.1503, Train Acc: 94.46%
Batch 365/2797, Loss: 0.1500, Train Acc: 94.48%
Batch 370/2797, Loss: 0.1501, Train Acc: 94.48%
Batch 375/2797, Loss: 0.1502, Train Acc: 94.47%
Batch 380/2797, Loss: 0.1502, Train Acc: 94.47%
Batch 385/2797, Loss: 0.1501, Train Acc: 94.46%
Batch 390/2797, Loss: 0.1503, Train Acc: 94.45%
Batch 395/2797, Loss: 0.1510, Train Acc: 94.43%
Batch 400/2797, Loss: 0.1507, Train Acc: 94.44%
Batch 405/2797, Loss: 0.1506, Train Acc: 94.44%
Batch 410/2797, Loss: 0.1501, Train Acc: 94.46%
Batch 415/2797, Loss: 0.1502, Train Acc: 94.47%
Batch 420/2797, Loss: 0.1500, Train Acc: 94.48%
Batch 425/2797, Loss: 0.1500, Train Acc: 94.48%
Batch 430/2797, Loss: 0.1499, Train Acc: 94.48%
Batch 435/2797, Loss: 0.1499, Train Acc: 94.48%
Batch 440/2797, Loss: 0.1498, Train Acc: 94.50%
Batch 445/2797, Loss: 0.1498, Train Acc: 94.49%
Batch 450/2797, Loss: 0.1496, Train Acc: 94.49%
Batch 455/2797, Loss: 0.1496, Train Acc: 94.49%
Batch 460/2797, Loss: 0.1495, Train Acc: 94.48%
Batch 465/2797, Loss: 0.1497, Train Acc: 94.48%
Batch 470/2797, Loss: 0.1499, Train Acc: 94.47%
Batch 475/2797, Loss: 0.1499, Train Acc: 94.47%
Batch 480/2797, Loss: 0.1499, Train Acc: 94.46%
Batch 485/2797, Loss: 0.1498, Train Acc: 94.46%
Batch 490/2797, Loss: 0.1500, Train Acc: 94.45%
Batch 495/2797, Loss: 0.1498, Train Acc: 94.46%
Batch 500/2797, Loss: 0.1494, Train Acc: 94.48%
Batch 505/2797, Loss: 0.1492, Train Acc: 94.49%
Batch 510/2797, Loss: 0.1495, Train Acc: 94.47%
Batch 515/2797, Loss: 0.1495, Train Acc: 94.48%
Batch 520/2797, Loss: 0.1496, Train Acc: 94.47%
Batch 525/2797, Loss: 0.1497, Train Acc: 94.47%
Batch 530/2797, Loss: 0.1496, Train Acc: 94.47%
Batch 535/2797, Loss: 0.1497, Train Acc: 94.47%
Batch 540/2797, Loss: 0.1493, Train Acc: 94.49%
Batch 545/2797, Loss: 0.1493, Train Acc: 94.48%
Batch 550/2797, Loss: 0.1494, Train Acc: 94.48%
Batch 555/2797, Loss: 0.1493, Train Acc: 94.48%
Batch 560/2797, Loss: 0.1490, Train Acc: 94.48%
Batch 565/2797, Loss: 0.1491, Train Acc: 94.48%
Batch 570/2797, Loss: 0.1493, Train Acc: 94.47%
Batch 575/2797, Loss: 0.1491, Train Acc: 94.47%
Batch 580/2797, Loss: 0.1493, Train Acc: 94.46%
Batch 585/2797, Loss: 0.1494, Train Acc: 94.45%
Batch 590/2797, Loss: 0.1497, Train Acc: 94.45%
Batch 595/2797, Loss: 0.1496, Train Acc: 94.46%
Batch 600/2797, Loss: 0.1495, Train Acc: 94.47%
Batch 605/2797, Loss: 0.1497, Train Acc: 94.46%
Batch 610/2797, Loss: 0.1497, Train Acc: 94.46%
Batch 615/2797, Loss: 0.1497, Train Acc: 94.47%
Batch 620/2797, Loss: 0.1497, Train Acc: 94.46%
Batch 625/2797, Loss: 0.1498, Train Acc: 94.46%
Batch 630/2797, Loss: 0.1496, Train Acc: 94.47%
Batch 635/2797, Loss: 0.1496, Train Acc: 94.47%
Batch 640/2797, Loss: 0.1496, Train Acc: 94.48%
Batch 645/2797, Loss: 0.1494, Train Acc: 94.48%
Batch 650/2797, Loss: 0.1496, Train Acc: 94.47%
Batch 655/2797, Loss: 0.1499, Train Acc: 94.45%
Batch 660/2797, Loss: 0.1498, Train Acc: 94.46%
Batch 665/2797, Loss: 0.1498, Train Acc: 94.45%
Batch 670/2797, Loss: 0.1497, Train Acc: 94.46%
Batch 675/2797, Loss: 0.1498, Train Acc: 94.45%
Batch 680/2797, Loss: 0.1498, Train Acc: 94.45%
Batch 685/2797, Loss: 0.1498, Train Acc: 94.46%
Batch 690/2797, Loss: 0.1496, Train Acc: 94.46%
Batch 695/2797, Loss: 0.1494, Train Acc: 94.47%
Batch 700/2797, Loss: 0.1494, Train Acc: 94.47%
Batch 705/2797, Loss: 0.1491, Train Acc: 94.49%
Batch 710/2797, Loss: 0.1492, Train Acc: 94.48%
Batch 715/2797, Loss: 0.1495, Train Acc: 94.47%
Batch 720/2797, Loss: 0.1496, Train Acc: 94.46%
Batch 725/2797, Loss: 0.1496, Train Acc: 94.46%
Batch 730/2797, Loss: 0.1496, Train Acc: 94.46%
Batch 735/2797, Loss: 0.1496, Train Acc: 94.45%
Batch 740/2797, Loss: 0.1497, Train Acc: 94.45%
Batch 745/2797, Loss: 0.1494, Train Acc: 94.46%
Batch 750/2797, Loss: 0.1495, Train Acc: 94.46%
Batch 755/2797, Loss: 0.1494, Train Acc: 94.45%
Batch 760/2797, Loss: 0.1493, Train Acc: 94.46%
Batch 765/2797, Loss: 0.1492, Train Acc: 94.46%
Batch 770/2797, Loss: 0.1494, Train Acc: 94.45%
Batch 775/2797, Loss: 0.1492, Train Acc: 94.46%
Batch 780/2797, Loss: 0.1493, Train Acc: 94.46%
Batch 785/2797, Loss: 0.1494, Train Acc: 94.45%
Batch 790/2797, Loss: 0.1493, Train Acc: 94.46%
Batch 795/2797, Loss: 0.1494, Train Acc: 94.45%
Batch 800/2797, Loss: 0.1492, Train Acc: 94.46%
Batch 805/2797, Loss: 0.1491, Train Acc: 94.46%
Batch 810/2797, Loss: 0.1492, Train Acc: 94.46%
Batch 815/2797, Loss: 0.1491, Train Acc: 94.46%
Batch 820/2797, Loss: 0.1491, Train Acc: 94.46%
Batch 825/2797, Loss: 0.1489, Train Acc: 94.47%
Batch 830/2797, Loss: 0.1488, Train Acc: 94.47%
Batch 835/2797, Loss: 0.1489, Train Acc: 94.47%
Batch 840/2797, Loss: 0.1488, Train Acc: 94.48%
Batch 845/2797, Loss: 0.1488, Train Acc: 94.48%
Batch 850/2797, Loss: 0.1488, Train Acc: 94.48%
Batch 855/2797, Loss: 0.1490, Train Acc: 94.47%
Batch 860/2797, Loss: 0.1490, Train Acc: 94.47%
Batch 865/2797, Loss: 0.1491, Train Acc: 94.47%
Batch 870/2797, Loss: 0.1490, Train Acc: 94.47%
Batch 875/2797, Loss: 0.1491, Train Acc: 94.46%
Batch 880/2797, Loss: 0.1492, Train Acc: 94.46%
Batch 885/2797, Loss: 0.1493, Train Acc: 94.45%
Batch 890/2797, Loss: 0.1494, Train Acc: 94.45%
Batch 895/2797, Loss: 0.1496, Train Acc: 94.45%
Batch 900/2797, Loss: 0.1497, Train Acc: 94.44%
Batch 905/2797, Loss: 0.1496, Train Acc: 94.45%
Batch 910/2797, Loss: 0.1498, Train Acc: 94.45%
Batch 915/2797, Loss: 0.1497, Train Acc: 94.46%
Batch 920/2797, Loss: 0.1497, Train Acc: 94.46%
Batch 925/2797, Loss: 0.1495, Train Acc: 94.46%
Batch 930/2797, Loss: 0.1495, Train Acc: 94.46%
Batch 935/2797, Loss: 0.1495, Train Acc: 94.46%
Batch 940/2797, Loss: 0.1494, Train Acc: 94.46%
Batch 945/2797, Loss: 0.1493, Train Acc: 94.46%
Batch 950/2797, Loss: 0.1493, Train Acc: 94.47%
Batch 955/2797, Loss: 0.1494, Train Acc: 94.46%
Batch 960/2797, Loss: 0.1495, Train Acc: 94.46%
Batch 965/2797, Loss: 0.1497, Train Acc: 94.46%
Batch 970/2797, Loss: 0.1497, Train Acc: 94.45%
Batch 975/2797, Loss: 0.1497, Train Acc: 94.46%
Batch 980/2797, Loss: 0.1500, Train Acc: 94.45%
Batch 985/2797, Loss: 0.1500, Train Acc: 94.45%
Batch 990/2797, Loss: 0.1500, Train Acc: 94.44%
Batch 995/2797, Loss: 0.1501, Train Acc: 94.44%
Batch 1000/2797, Loss: 0.1502, Train Acc: 94.44%
Batch 1005/2797, Loss: 0.1504, Train Acc: 94.44%
Batch 1010/2797, Loss: 0.1503, Train Acc: 94.44%
Batch 1015/2797, Loss: 0.1503, Train Acc: 94.44%
Batch 1020/2797, Loss: 0.1502, Train Acc: 94.44%
Batch 1025/2797, Loss: 0.1502, Train Acc: 94.44%
Batch 1030/2797, Loss: 0.1502, Train Acc: 94.44%
Batch 1035/2797, Loss: 0.1501, Train Acc: 94.45%
Batch 1040/2797, Loss: 0.1502, Train Acc: 94.45%
Batch 1045/2797, Loss: 0.1502, Train Acc: 94.44%
Batch 1050/2797, Loss: 0.1503, Train Acc: 94.44%
Batch 1055/2797, Loss: 0.1503, Train Acc: 94.44%
Batch 1060/2797, Loss: 0.1502, Train Acc: 94.44%
Batch 1065/2797, Loss: 0.1502, Train Acc: 94.44%
Batch 1070/2797, Loss: 0.1503, Train Acc: 94.44%
Batch 1075/2797, Loss: 0.1504, Train Acc: 94.44%
Batch 1080/2797, Loss: 0.1504, Train Acc: 94.44%
Batch 1085/2797, Loss: 0.1504, Train Acc: 94.43%
Batch 1090/2797, Loss: 0.1504, Train Acc: 94.43%
Batch 1095/2797, Loss: 0.1505, Train Acc: 94.43%
Batch 1100/2797, Loss: 0.1504, Train Acc: 94.43%
Batch 1105/2797, Loss: 0.1504, Train Acc: 94.44%
Batch 1110/2797, Loss: 0.1504, Train Acc: 94.44%
Batch 1115/2797, Loss: 0.1506, Train Acc: 94.43%
Batch 1120/2797, Loss: 0.1506, Train Acc: 94.43%
Batch 1125/2797, Loss: 0.1507, Train Acc: 94.43%
Batch 1130/2797, Loss: 0.1506, Train Acc: 94.43%
Batch 1135/2797, Loss: 0.1505, Train Acc: 94.44%
Batch 1140/2797, Loss: 0.1505, Train Acc: 94.43%
Batch 1145/2797, Loss: 0.1506, Train Acc: 94.42%
Batch 1150/2797, Loss: 0.1507, Train Acc: 94.42%
Batch 1155/2797, Loss: 0.1505, Train Acc: 94.43%
Batch 1160/2797, Loss: 0.1505, Train Acc: 94.43%
Batch 1165/2797, Loss: 0.1505, Train Acc: 94.43%
Batch 1170/2797, Loss: 0.1504, Train Acc: 94.43%
Batch 1175/2797, Loss: 0.1502, Train Acc: 94.44%
Batch 1180/2797, Loss: 0.1502, Train Acc: 94.44%
Batch 1185/2797, Loss: 0.1502, Train Acc: 94.45%
Batch 1190/2797, Loss: 0.1502, Train Acc: 94.44%
Batch 1195/2797, Loss: 0.1500, Train Acc: 94.45%
Batch 1200/2797, Loss: 0.1500, Train Acc: 94.45%
Batch 1205/2797, Loss: 0.1501, Train Acc: 94.44%
Batch 1210/2797, Loss: 0.1502, Train Acc: 94.44%
Batch 1215/2797, Loss: 0.1502, Train Acc: 94.43%
Batch 1220/2797, Loss: 0.1503, Train Acc: 94.43%
Batch 1225/2797, Loss: 0.1502, Train Acc: 94.44%
Batch 1230/2797, Loss: 0.1503, Train Acc: 94.43%
Batch 1235/2797, Loss: 0.1504, Train Acc: 94.43%
Batch 1240/2797, Loss: 0.1504, Train Acc: 94.43%
Batch 1245/2797, Loss: 0.1503, Train Acc: 94.43%
Batch 1250/2797, Loss: 0.1504, Train Acc: 94.43%
Batch 1255/2797, Loss: 0.1505, Train Acc: 94.42%
Batch 1260/2797, Loss: 0.1505, Train Acc: 94.43%
Batch 1265/2797, Loss: 0.1505, Train Acc: 94.43%
Batch 1270/2797, Loss: 0.1504, Train Acc: 94.43%
Batch 1275/2797, Loss: 0.1504, Train Acc: 94.43%
Batch 1280/2797, Loss: 0.1505, Train Acc: 94.43%
Batch 1285/2797, Loss: 0.1504, Train Acc: 94.43%
Batch 1290/2797, Loss: 0.1504, Train Acc: 94.43%
Batch 1295/2797, Loss: 0.1503, Train Acc: 94.43%
Batch 1300/2797, Loss: 0.1506, Train Acc: 94.42%
Batch 1305/2797, Loss: 0.1504, Train Acc: 94.43%
Batch 1310/2797, Loss: 0.1504, Train Acc: 94.43%
Batch 1315/2797, Loss: 0.1503, Train Acc: 94.44%
Batch 1320/2797, Loss: 0.1503, Train Acc: 94.44%
Batch 1325/2797, Loss: 0.1503, Train Acc: 94.44%
Batch 1330/2797, Loss: 0.1503, Train Acc: 94.44%
Batch 1335/2797, Loss: 0.1503, Train Acc: 94.43%
Batch 1340/2797, Loss: 0.1503, Train Acc: 94.43%
Batch 1345/2797, Loss: 0.1503, Train Acc: 94.43%
Batch 1350/2797, Loss: 0.1503, Train Acc: 94.43%
Batch 1355/2797, Loss: 0.1503, Train Acc: 94.43%
Batch 1360/2797, Loss: 0.1504, Train Acc: 94.43%
Batch 1365/2797, Loss: 0.1503, Train Acc: 94.43%
Batch 1370/2797, Loss: 0.1503, Train Acc: 94.43%
Batch 1375/2797, Loss: 0.1504, Train Acc: 94.43%
Batch 1380/2797, Loss: 0.1504, Train Acc: 94.43%
Batch 1385/2797, Loss: 0.1504, Train Acc: 94.43%
Batch 1390/2797, Loss: 0.1505, Train Acc: 94.43%
Batch 1395/2797, Loss: 0.1504, Train Acc: 94.42%
Batch 1400/2797, Loss: 0.1504, Train Acc: 94.42%
Batch 1405/2797, Loss: 0.1504, Train Acc: 94.42%
Batch 1410/2797, Loss: 0.1504, Train Acc: 94.42%
Batch 1415/2797, Loss: 0.1504, Train Acc: 94.42%
Batch 1420/2797, Loss: 0.1503, Train Acc: 94.43%
Batch 1425/2797, Loss: 0.1503, Train Acc: 94.43%
Batch 1430/2797, Loss: 0.1502, Train Acc: 94.44%
Batch 1435/2797, Loss: 0.1504, Train Acc: 94.43%
Batch 1440/2797, Loss: 0.1504, Train Acc: 94.43%
Batch 1445/2797, Loss: 0.1504, Train Acc: 94.43%
Batch 1450/2797, Loss: 0.1504, Train Acc: 94.43%
Batch 1455/2797, Loss: 0.1503, Train Acc: 94.43%
Batch 1460/2797, Loss: 0.1504, Train Acc: 94.42%
Batch 1465/2797, Loss: 0.1504, Train Acc: 94.42%
Batch 1470/2797, Loss: 0.1504, Train Acc: 94.42%
Batch 1475/2797, Loss: 0.1503, Train Acc: 94.42%
Batch 1480/2797, Loss: 0.1504, Train Acc: 94.42%
Batch 1485/2797, Loss: 0.1504, Train Acc: 94.42%
Batch 1490/2797, Loss: 0.1504, Train Acc: 94.42%
Batch 1495/2797, Loss: 0.1504, Train Acc: 94.42%
Batch 1500/2797, Loss: 0.1506, Train Acc: 94.41%
Batch 1505/2797, Loss: 0.1505, Train Acc: 94.41%
Batch 1510/2797, Loss: 0.1506, Train Acc: 94.41%
Batch 1515/2797, Loss: 0.1505, Train Acc: 94.41%
Batch 1520/2797, Loss: 0.1505, Train Acc: 94.41%
Batch 1525/2797, Loss: 0.1505, Train Acc: 94.41%
Batch 1530/2797, Loss: 0.1505, Train Acc: 94.41%
Batch 1535/2797, Loss: 0.1505, Train Acc: 94.41%
Batch 1540/2797, Loss: 0.1506, Train Acc: 94.41%
Batch 1545/2797, Loss: 0.1506, Train Acc: 94.41%
Batch 1550/2797, Loss: 0.1505, Train Acc: 94.41%
Batch 1555/2797, Loss: 0.1505, Train Acc: 94.42%
Batch 1560/2797, Loss: 0.1505, Train Acc: 94.42%
Batch 1565/2797, Loss: 0.1505, Train Acc: 94.42%
Batch 1570/2797, Loss: 0.1505, Train Acc: 94.42%
Batch 1575/2797, Loss: 0.1503, Train Acc: 94.42%
Batch 1580/2797, Loss: 0.1504, Train Acc: 94.42%
Batch 1585/2797, Loss: 0.1504, Train Acc: 94.42%
Batch 1590/2797, Loss: 0.1505, Train Acc: 94.42%
Batch 1595/2797, Loss: 0.1505, Train Acc: 94.42%
Batch 1600/2797, Loss: 0.1505, Train Acc: 94.42%
Batch 1605/2797, Loss: 0.1505, Train Acc: 94.43%
Batch 1610/2797, Loss: 0.1505, Train Acc: 94.43%
Batch 1615/2797, Loss: 0.1506, Train Acc: 94.42%
Batch 1620/2797, Loss: 0.1505, Train Acc: 94.42%
Batch 1625/2797, Loss: 0.1506, Train Acc: 94.42%
Batch 1630/2797, Loss: 0.1505, Train Acc: 94.43%
Batch 1635/2797, Loss: 0.1504, Train Acc: 94.43%
Batch 1640/2797, Loss: 0.1504, Train Acc: 94.43%
Batch 1645/2797, Loss: 0.1503, Train Acc: 94.44%
Batch 1650/2797, Loss: 0.1503, Train Acc: 94.44%
Batch 1655/2797, Loss: 0.1502, Train Acc: 94.44%
Batch 1660/2797, Loss: 0.1502, Train Acc: 94.44%
Batch 1665/2797, Loss: 0.1501, Train Acc: 94.44%
Batch 1670/2797, Loss: 0.1501, Train Acc: 94.44%
Batch 1675/2797, Loss: 0.1500, Train Acc: 94.45%
Batch 1680/2797, Loss: 0.1501, Train Acc: 94.44%
Batch 1685/2797, Loss: 0.1501, Train Acc: 94.44%
Batch 1690/2797, Loss: 0.1501, Train Acc: 94.44%
Batch 1695/2797, Loss: 0.1501, Train Acc: 94.44%
Batch 1700/2797, Loss: 0.1502, Train Acc: 94.44%
Batch 1705/2797, Loss: 0.1501, Train Acc: 94.45%
Batch 1710/2797, Loss: 0.1501, Train Acc: 94.45%
Batch 1715/2797, Loss: 0.1500, Train Acc: 94.45%
Batch 1720/2797, Loss: 0.1499, Train Acc: 94.46%
Batch 1725/2797, Loss: 0.1499, Train Acc: 94.45%
Batch 1730/2797, Loss: 0.1499, Train Acc: 94.45%
Batch 1735/2797, Loss: 0.1499, Train Acc: 94.46%
Batch 1740/2797, Loss: 0.1499, Train Acc: 94.45%
Batch 1745/2797, Loss: 0.1499, Train Acc: 94.45%
Batch 1750/2797, Loss: 0.1499, Train Acc: 94.46%
Batch 1755/2797, Loss: 0.1499, Train Acc: 94.46%
Batch 1760/2797, Loss: 0.1499, Train Acc: 94.46%
Batch 1765/2797, Loss: 0.1500, Train Acc: 94.45%
Batch 1770/2797, Loss: 0.1499, Train Acc: 94.46%
Batch 1775/2797, Loss: 0.1499, Train Acc: 94.46%
Batch 1780/2797, Loss: 0.1498, Train Acc: 94.46%
Batch 1785/2797, Loss: 0.1499, Train Acc: 94.46%
Batch 1790/2797, Loss: 0.1498, Train Acc: 94.47%
Batch 1795/2797, Loss: 0.1498, Train Acc: 94.47%
Batch 1800/2797, Loss: 0.1498, Train Acc: 94.47%
Batch 1805/2797, Loss: 0.1498, Train Acc: 94.47%
Batch 1810/2797, Loss: 0.1499, Train Acc: 94.46%
Batch 1815/2797, Loss: 0.1500, Train Acc: 94.46%
Batch 1820/2797, Loss: 0.1500, Train Acc: 94.46%
Batch 1825/2797, Loss: 0.1499, Train Acc: 94.46%
Batch 1830/2797, Loss: 0.1499, Train Acc: 94.46%
Batch 1835/2797, Loss: 0.1499, Train Acc: 94.46%
Batch 1840/2797, Loss: 0.1498, Train Acc: 94.47%
Batch 1845/2797, Loss: 0.1499, Train Acc: 94.47%
Batch 1850/2797, Loss: 0.1499, Train Acc: 94.47%
Batch 1855/2797, Loss: 0.1499, Train Acc: 94.46%
Batch 1860/2797, Loss: 0.1500, Train Acc: 94.46%
Batch 1865/2797, Loss: 0.1500, Train Acc: 94.46%
Batch 1870/2797, Loss: 0.1500, Train Acc: 94.46%
Batch 1875/2797, Loss: 0.1500, Train Acc: 94.45%
Batch 1880/2797, Loss: 0.1500, Train Acc: 94.46%
Batch 1885/2797, Loss: 0.1499, Train Acc: 94.46%
Batch 1890/2797, Loss: 0.1499, Train Acc: 94.46%
Batch 1895/2797, Loss: 0.1498, Train Acc: 94.46%
Batch 1900/2797, Loss: 0.1498, Train Acc: 94.46%
Batch 1905/2797, Loss: 0.1499, Train Acc: 94.45%
Batch 1910/2797, Loss: 0.1501, Train Acc: 94.45%
Batch 1915/2797, Loss: 0.1501, Train Acc: 94.45%
Batch 1920/2797, Loss: 0.1501, Train Acc: 94.45%
Batch 1925/2797, Loss: 0.1502, Train Acc: 94.44%
Batch 1930/2797, Loss: 0.1502, Train Acc: 94.44%
Batch 1935/2797, Loss: 0.1501, Train Acc: 94.44%
Batch 1940/2797, Loss: 0.1502, Train Acc: 94.44%
Batch 1945/2797, Loss: 0.1502, Train Acc: 94.44%
Batch 1950/2797, Loss: 0.1501, Train Acc: 94.44%
Batch 1955/2797, Loss: 0.1500, Train Acc: 94.44%
Batch 1960/2797, Loss: 0.1501, Train Acc: 94.45%
Batch 1965/2797, Loss: 0.1500, Train Acc: 94.45%
Batch 1970/2797, Loss: 0.1500, Train Acc: 94.45%
Batch 1975/2797, Loss: 0.1500, Train Acc: 94.45%
Batch 1980/2797, Loss: 0.1500, Train Acc: 94.45%
Batch 1985/2797, Loss: 0.1499, Train Acc: 94.45%
Batch 1990/2797, Loss: 0.1499, Train Acc: 94.45%
Batch 1995/2797, Loss: 0.1499, Train Acc: 94.45%
Batch 2000/2797, Loss: 0.1498, Train Acc: 94.45%
Batch 2005/2797, Loss: 0.1498, Train Acc: 94.45%
Batch 2010/2797, Loss: 0.1497, Train Acc: 94.46%
Batch 2015/2797, Loss: 0.1497, Train Acc: 94.46%
Batch 2020/2797, Loss: 0.1498, Train Acc: 94.45%
Batch 2025/2797, Loss: 0.1499, Train Acc: 94.45%
Batch 2030/2797, Loss: 0.1499, Train Acc: 94.45%
Batch 2035/2797, Loss: 0.1499, Train Acc: 94.45%
Batch 2040/2797, Loss: 0.1500, Train Acc: 94.45%
Batch 2045/2797, Loss: 0.1499, Train Acc: 94.45%
Batch 2050/2797, Loss: 0.1500, Train Acc: 94.45%
Batch 2055/2797, Loss: 0.1499, Train Acc: 94.45%
Batch 2060/2797, Loss: 0.1499, Train Acc: 94.45%
Batch 2065/2797, Loss: 0.1498, Train Acc: 94.45%
Batch 2070/2797, Loss: 0.1498, Train Acc: 94.46%
Batch 2075/2797, Loss: 0.1499, Train Acc: 94.45%
Batch 2080/2797, Loss: 0.1498, Train Acc: 94.45%
Batch 2085/2797, Loss: 0.1499, Train Acc: 94.45%
Batch 2090/2797, Loss: 0.1500, Train Acc: 94.45%
Batch 2095/2797, Loss: 0.1499, Train Acc: 94.45%
Batch 2100/2797, Loss: 0.1499, Train Acc: 94.45%
Batch 2105/2797, Loss: 0.1499, Train Acc: 94.45%
Batch 2110/2797, Loss: 0.1499, Train Acc: 94.45%
Batch 2115/2797, Loss: 0.1499, Train Acc: 94.45%
Batch 2120/2797, Loss: 0.1499, Train Acc: 94.45%
Batch 2125/2797, Loss: 0.1500, Train Acc: 94.45%
Batch 2130/2797, Loss: 0.1499, Train Acc: 94.45%
Batch 2135/2797, Loss: 0.1499, Train Acc: 94.45%
Batch 2140/2797, Loss: 0.1499, Train Acc: 94.45%
Batch 2145/2797, Loss: 0.1498, Train Acc: 94.46%
Batch 2150/2797, Loss: 0.1499, Train Acc: 94.45%
Batch 2155/2797, Loss: 0.1499, Train Acc: 94.45%
Batch 2160/2797, Loss: 0.1498, Train Acc: 94.45%
Batch 2165/2797, Loss: 0.1499, Train Acc: 94.45%
Batch 2170/2797, Loss: 0.1500, Train Acc: 94.45%
Batch 2175/2797, Loss: 0.1500, Train Acc: 94.45%
Batch 2180/2797, Loss: 0.1500, Train Acc: 94.45%
Batch 2185/2797, Loss: 0.1500, Train Acc: 94.45%
Batch 2190/2797, Loss: 0.1499, Train Acc: 94.46%
Batch 2195/2797, Loss: 0.1499, Train Acc: 94.46%
Batch 2200/2797, Loss: 0.1499, Train Acc: 94.46%
Batch 2205/2797, Loss: 0.1499, Train Acc: 94.46%
Batch 2210/2797, Loss: 0.1499, Train Acc: 94.46%
Batch 2215/2797, Loss: 0.1499, Train Acc: 94.45%
Batch 2220/2797, Loss: 0.1499, Train Acc: 94.45%
Batch 2225/2797, Loss: 0.1499, Train Acc: 94.45%
Batch 2230/2797, Loss: 0.1498, Train Acc: 94.45%
Batch 2235/2797, Loss: 0.1499, Train Acc: 94.45%
Batch 2240/2797, Loss: 0.1498, Train Acc: 94.45%
Batch 2245/2797, Loss: 0.1498, Train Acc: 94.45%
Batch 2250/2797, Loss: 0.1498, Train Acc: 94.46%
Batch 2255/2797, Loss: 0.1497, Train Acc: 94.46%
Batch 2260/2797, Loss: 0.1497, Train Acc: 94.46%
Batch 2265/2797, Loss: 0.1498, Train Acc: 94.46%
Batch 2270/2797, Loss: 0.1497, Train Acc: 94.46%
Batch 2275/2797, Loss: 0.1497, Train Acc: 94.46%
Batch 2280/2797, Loss: 0.1497, Train Acc: 94.46%
Batch 2285/2797, Loss: 0.1496, Train Acc: 94.46%
Batch 2290/2797, Loss: 0.1497, Train Acc: 94.46%
Batch 2295/2797, Loss: 0.1497, Train Acc: 94.46%
Batch 2300/2797, Loss: 0.1496, Train Acc: 94.47%
Batch 2305/2797, Loss: 0.1496, Train Acc: 94.46%
Batch 2310/2797, Loss: 0.1496, Train Acc: 94.46%
Batch 2315/2797, Loss: 0.1496, Train Acc: 94.47%
Batch 2320/2797, Loss: 0.1496, Train Acc: 94.46%
Batch 2325/2797, Loss: 0.1497, Train Acc: 94.46%
Batch 2330/2797, Loss: 0.1496, Train Acc: 94.47%
Batch 2335/2797, Loss: 0.1496, Train Acc: 94.47%
Batch 2340/2797, Loss: 0.1496, Train Acc: 94.47%
Batch 2345/2797, Loss: 0.1496, Train Acc: 94.47%
Batch 2350/2797, Loss: 0.1496, Train Acc: 94.47%
Batch 2355/2797, Loss: 0.1496, Train Acc: 94.47%
Batch 2360/2797, Loss: 0.1495, Train Acc: 94.47%
Batch 2365/2797, Loss: 0.1495, Train Acc: 94.47%
Batch 2370/2797, Loss: 0.1495, Train Acc: 94.47%
Batch 2375/2797, Loss: 0.1495, Train Acc: 94.47%
Batch 2380/2797, Loss: 0.1495, Train Acc: 94.47%
Batch 2385/2797, Loss: 0.1495, Train Acc: 94.47%
Batch 2390/2797, Loss: 0.1495, Train Acc: 94.47%
Batch 2395/2797, Loss: 0.1495, Train Acc: 94.48%
Batch 2400/2797, Loss: 0.1495, Train Acc: 94.47%
Batch 2405/2797, Loss: 0.1495, Train Acc: 94.47%
Batch 2410/2797, Loss: 0.1495, Train Acc: 94.47%
Batch 2415/2797, Loss: 0.1495, Train Acc: 94.47%
Batch 2420/2797, Loss: 0.1495, Train Acc: 94.47%
Batch 2425/2797, Loss: 0.1495, Train Acc: 94.47%
Batch 2430/2797, Loss: 0.1494, Train Acc: 94.47%
Batch 2435/2797, Loss: 0.1494, Train Acc: 94.47%
Batch 2440/2797, Loss: 0.1494, Train Acc: 94.48%
Batch 2445/2797, Loss: 0.1495, Train Acc: 94.47%
Batch 2450/2797, Loss: 0.1495, Train Acc: 94.47%
Batch 2455/2797, Loss: 0.1495, Train Acc: 94.47%
Batch 2460/2797, Loss: 0.1495, Train Acc: 94.47%
Batch 2465/2797, Loss: 0.1495, Train Acc: 94.47%
Batch 2470/2797, Loss: 0.1495, Train Acc: 94.47%
Batch 2475/2797, Loss: 0.1495, Train Acc: 94.47%
Batch 2480/2797, Loss: 0.1495, Train Acc: 94.47%
Batch 2485/2797, Loss: 0.1495, Train Acc: 94.47%
Batch 2490/2797, Loss: 0.1495, Train Acc: 94.47%
Batch 2495/2797, Loss: 0.1495, Train Acc: 94.48%
Batch 2500/2797, Loss: 0.1494, Train Acc: 94.48%
Batch 2505/2797, Loss: 0.1494, Train Acc: 94.48%
Batch 2510/2797, Loss: 0.1493, Train Acc: 94.48%
Batch 2515/2797, Loss: 0.1493, Train Acc: 94.48%
Batch 2520/2797, Loss: 0.1494, Train Acc: 94.48%
Batch 2525/2797, Loss: 0.1494, Train Acc: 94.48%
Batch 2530/2797, Loss: 0.1494, Train Acc: 94.48%
Batch 2535/2797, Loss: 0.1495, Train Acc: 94.48%
Batch 2540/2797, Loss: 0.1495, Train Acc: 94.48%
Batch 2545/2797, Loss: 0.1495, Train Acc: 94.48%
Batch 2550/2797, Loss: 0.1495, Train Acc: 94.48%
Batch 2555/2797, Loss: 0.1495, Train Acc: 94.48%
Batch 2560/2797, Loss: 0.1495, Train Acc: 94.48%
Batch 2565/2797, Loss: 0.1494, Train Acc: 94.48%
Batch 2570/2797, Loss: 0.1494, Train Acc: 94.49%
Batch 2575/2797, Loss: 0.1494, Train Acc: 94.49%
Batch 2580/2797, Loss: 0.1493, Train Acc: 94.49%
Batch 2585/2797, Loss: 0.1493, Train Acc: 94.49%
Batch 2590/2797, Loss: 0.1493, Train Acc: 94.49%
Batch 2595/2797, Loss: 0.1494, Train Acc: 94.49%
Batch 2600/2797, Loss: 0.1495, Train Acc: 94.48%
Batch 2605/2797, Loss: 0.1495, Train Acc: 94.48%
Batch 2610/2797, Loss: 0.1495, Train Acc: 94.48%
Batch 2615/2797, Loss: 0.1495, Train Acc: 94.49%
Batch 2620/2797, Loss: 0.1494, Train Acc: 94.49%
Batch 2625/2797, Loss: 0.1495, Train Acc: 94.48%
Batch 2630/2797, Loss: 0.1495, Train Acc: 94.48%
Batch 2635/2797, Loss: 0.1495, Train Acc: 94.48%
Batch 2640/2797, Loss: 0.1495, Train Acc: 94.48%
Batch 2645/2797, Loss: 0.1495, Train Acc: 94.48%
Batch 2650/2797, Loss: 0.1495, Train Acc: 94.48%
Batch 2655/2797, Loss: 0.1496, Train Acc: 94.48%
Batch 2660/2797, Loss: 0.1496, Train Acc: 94.48%
Batch 2665/2797, Loss: 0.1496, Train Acc: 94.48%
Batch 2670/2797, Loss: 0.1497, Train Acc: 94.48%
Batch 2675/2797, Loss: 0.1497, Train Acc: 94.48%
Batch 2680/2797, Loss: 0.1497, Train Acc: 94.47%
Batch 2685/2797, Loss: 0.1496, Train Acc: 94.48%
Batch 2690/2797, Loss: 0.1497, Train Acc: 94.47%
Batch 2695/2797, Loss: 0.1497, Train Acc: 94.48%
Batch 2700/2797, Loss: 0.1498, Train Acc: 94.47%
Batch 2705/2797, Loss: 0.1498, Train Acc: 94.47%
Batch 2710/2797, Loss: 0.1497, Train Acc: 94.47%
Batch 2715/2797, Loss: 0.1497, Train Acc: 94.47%
Batch 2720/2797, Loss: 0.1497, Train Acc: 94.47%
Batch 2725/2797, Loss: 0.1497, Train Acc: 94.47%
Batch 2730/2797, Loss: 0.1497, Train Acc: 94.47%
Batch 2735/2797, Loss: 0.1497, Train Acc: 94.47%
Batch 2740/2797, Loss: 0.1497, Train Acc: 94.47%
Batch 2745/2797, Loss: 0.1497, Train Acc: 94.47%
Batch 2750/2797, Loss: 0.1497, Train Acc: 94.47%
Batch 2755/2797, Loss: 0.1497, Train Acc: 94.47%
Batch 2760/2797, Loss: 0.1497, Train Acc: 94.47%
Batch 2765/2797, Loss: 0.1498, Train Acc: 94.47%
Batch 2770/2797, Loss: 0.1498, Train Acc: 94.47%
Batch 2775/2797, Loss: 0.1498, Train Acc: 94.47%
Batch 2780/2797, Loss: 0.1497, Train Acc: 94.47%
Batch 2785/2797, Loss: 0.1497, Train Acc: 94.47%
Batch 2790/2797, Loss: 0.1497, Train Acc: 94.47%
Batch 2795/2797, Loss: 0.1498, Train Acc: 94.47%
Learning Rate: 0.000000
Epoch 17/50, Average Loss: 0.1499, Train Accuracy: 94.47%
Validation Batch 5/700, Validation Accuracy: 95.31%
Validation Batch 10/700, Validation Accuracy: 94.38%
Validation Batch 15/700, Validation Accuracy: 93.65%
Validation Batch 20/700, Validation Accuracy: 93.01%
Validation Batch 25/700, Validation Accuracy: 92.59%
Validation Batch 30/700, Validation Accuracy: 92.53%
Validation Batch 35/700, Validation Accuracy: 92.48%
Validation Batch 40/700, Validation Accuracy: 92.54%
Validation Batch 45/700, Validation Accuracy: 92.50%
Validation Batch 50/700, Validation Accuracy: 92.69%
Validation Batch 55/700, Validation Accuracy: 92.64%
Validation Batch 60/700, Validation Accuracy: 92.49%
Validation Batch 65/700, Validation Accuracy: 92.49%
Validation Batch 70/700, Validation Accuracy: 92.51%
Validation Batch 75/700, Validation Accuracy: 92.45%
Validation Batch 80/700, Validation Accuracy: 92.31%
Validation Batch 85/700, Validation Accuracy: 92.24%
Validation Batch 90/700, Validation Accuracy: 92.21%
Validation Batch 95/700, Validation Accuracy: 92.15%
Validation Batch 100/700, Validation Accuracy: 92.13%
Validation Batch 105/700, Validation Accuracy: 92.15%
Validation Batch 110/700, Validation Accuracy: 92.13%
Validation Batch 115/700, Validation Accuracy: 92.11%
Validation Batch 120/700, Validation Accuracy: 92.11%
Validation Batch 125/700, Validation Accuracy: 92.11%
Validation Batch 130/700, Validation Accuracy: 92.12%
Validation Batch 135/700, Validation Accuracy: 92.07%
Validation Batch 140/700, Validation Accuracy: 92.04%
Validation Batch 145/700, Validation Accuracy: 92.06%
Validation Batch 150/700, Validation Accuracy: 92.11%
Validation Batch 155/700, Validation Accuracy: 92.11%
Validation Batch 160/700, Validation Accuracy: 92.11%
Validation Batch 165/700, Validation Accuracy: 92.14%
Validation Batch 170/700, Validation Accuracy: 92.15%
Validation Batch 175/700, Validation Accuracy: 92.18%
Validation Batch 180/700, Validation Accuracy: 92.20%
Validation Batch 185/700, Validation Accuracy: 92.21%
Validation Batch 190/700, Validation Accuracy: 92.20%
Validation Batch 195/700, Validation Accuracy: 92.19%
Validation Batch 200/700, Validation Accuracy: 92.18%
Validation Batch 205/700, Validation Accuracy: 92.18%
Validation Batch 210/700, Validation Accuracy: 92.19%
Validation Batch 215/700, Validation Accuracy: 92.21%
Validation Batch 220/700, Validation Accuracy: 92.18%
Validation Batch 225/700, Validation Accuracy: 92.22%
Validation Batch 230/700, Validation Accuracy: 92.21%
Validation Batch 235/700, Validation Accuracy: 92.19%
Validation Batch 240/700, Validation Accuracy: 92.21%
Validation Batch 245/700, Validation Accuracy: 92.25%
Validation Batch 250/700, Validation Accuracy: 92.23%
Validation Batch 255/700, Validation Accuracy: 92.27%
Validation Batch 260/700, Validation Accuracy: 92.30%
Validation Batch 265/700, Validation Accuracy: 92.26%
Validation Batch 270/700, Validation Accuracy: 92.26%
Validation Batch 275/700, Validation Accuracy: 92.24%
Validation Batch 280/700, Validation Accuracy: 92.24%
Validation Batch 285/700, Validation Accuracy: 92.24%
Validation Batch 290/700, Validation Accuracy: 92.26%
Validation Batch 295/700, Validation Accuracy: 92.28%
Validation Batch 300/700, Validation Accuracy: 92.28%
Validation Batch 305/700, Validation Accuracy: 92.29%
Validation Batch 310/700, Validation Accuracy: 92.27%
Validation Batch 315/700, Validation Accuracy: 92.27%
Validation Batch 320/700, Validation Accuracy: 92.25%
Validation Batch 325/700, Validation Accuracy: 92.24%
Validation Batch 330/700, Validation Accuracy: 92.24%
Validation Batch 335/700, Validation Accuracy: 92.24%
Validation Batch 340/700, Validation Accuracy: 92.26%
Validation Batch 345/700, Validation Accuracy: 92.25%
Validation Batch 350/700, Validation Accuracy: 92.26%
Validation Batch 355/700, Validation Accuracy: 92.23%
Validation Batch 360/700, Validation Accuracy: 92.25%
Validation Batch 365/700, Validation Accuracy: 92.23%
Validation Batch 370/700, Validation Accuracy: 92.22%
Validation Batch 375/700, Validation Accuracy: 92.22%
Validation Batch 380/700, Validation Accuracy: 92.23%
Validation Batch 385/700, Validation Accuracy: 92.22%
Validation Batch 390/700, Validation Accuracy: 92.18%
Validation Batch 395/700, Validation Accuracy: 92.17%
Validation Batch 400/700, Validation Accuracy: 92.17%
Validation Batch 405/700, Validation Accuracy: 92.14%
Validation Batch 410/700, Validation Accuracy: 92.13%
Validation Batch 415/700, Validation Accuracy: 92.14%
Validation Batch 420/700, Validation Accuracy: 92.15%
Validation Batch 425/700, Validation Accuracy: 92.15%
Validation Batch 430/700, Validation Accuracy: 92.16%
Validation Batch 435/700, Validation Accuracy: 92.17%
Validation Batch 440/700, Validation Accuracy: 92.17%
Validation Batch 445/700, Validation Accuracy: 92.17%
Validation Batch 450/700, Validation Accuracy: 92.20%
Validation Batch 455/700, Validation Accuracy: 92.20%
Validation Batch 460/700, Validation Accuracy: 92.22%
Validation Batch 465/700, Validation Accuracy: 92.22%
Validation Batch 470/700, Validation Accuracy: 92.22%
Validation Batch 475/700, Validation Accuracy: 92.20%
Validation Batch 480/700, Validation Accuracy: 92.22%
Validation Batch 485/700, Validation Accuracy: 92.22%
Validation Batch 490/700, Validation Accuracy: 92.23%
Validation Batch 495/700, Validation Accuracy: 92.23%
Validation Batch 500/700, Validation Accuracy: 92.22%
Validation Batch 505/700, Validation Accuracy: 92.24%
Validation Batch 510/700, Validation Accuracy: 92.24%
Validation Batch 515/700, Validation Accuracy: 92.25%
Validation Batch 520/700, Validation Accuracy: 92.26%
Validation Batch 525/700, Validation Accuracy: 92.24%
Validation Batch 530/700, Validation Accuracy: 92.25%
Validation Batch 535/700, Validation Accuracy: 92.23%
Validation Batch 540/700, Validation Accuracy: 92.22%
Validation Batch 545/700, Validation Accuracy: 92.21%
Validation Batch 550/700, Validation Accuracy: 92.22%
Validation Batch 555/700, Validation Accuracy: 92.19%
Validation Batch 560/700, Validation Accuracy: 92.18%
Validation Batch 565/700, Validation Accuracy: 92.18%
Validation Batch 570/700, Validation Accuracy: 92.18%
Validation Batch 575/700, Validation Accuracy: 92.18%
Validation Batch 580/700, Validation Accuracy: 92.19%
Validation Batch 585/700, Validation Accuracy: 92.20%
Validation Batch 590/700, Validation Accuracy: 92.19%
Validation Batch 595/700, Validation Accuracy: 92.19%
Validation Batch 600/700, Validation Accuracy: 92.19%
Validation Batch 605/700, Validation Accuracy: 92.19%
Validation Batch 610/700, Validation Accuracy: 92.19%
Validation Batch 615/700, Validation Accuracy: 92.18%
Validation Batch 620/700, Validation Accuracy: 92.17%
Validation Batch 625/700, Validation Accuracy: 92.17%
Validation Batch 630/700, Validation Accuracy: 92.18%
Validation Batch 635/700, Validation Accuracy: 92.16%
Validation Batch 640/700, Validation Accuracy: 92.15%
Validation Batch 645/700, Validation Accuracy: 92.16%
Validation Batch 650/700, Validation Accuracy: 92.16%
Validation Batch 655/700, Validation Accuracy: 92.17%
Validation Batch 660/700, Validation Accuracy: 92.17%
Validation Batch 665/700, Validation Accuracy: 92.17%
Validation Batch 670/700, Validation Accuracy: 92.17%
Validation Batch 675/700, Validation Accuracy: 92.18%
Validation Batch 680/700, Validation Accuracy: 92.18%
Validation Batch 685/700, Validation Accuracy: 92.18%
Validation Batch 690/700, Validation Accuracy: 92.18%
Validation Batch 695/700, Validation Accuracy: 92.18%
Validation Batch 700/700, Validation Accuracy: 92.18%
Validation Accuracy for Epoch 17: 92.18%

--- Epoch 18/50 ---
Batch 5/2797, Loss: 0.1553, Train Acc: 94.53%
Batch 10/2797, Loss: 0.1495, Train Acc: 94.69%
Batch 15/2797, Loss: 0.1527, Train Acc: 94.53%
Batch 20/2797, Loss: 0.1546, Train Acc: 94.53%
Batch 25/2797, Loss: 0.1441, Train Acc: 94.91%
Batch 30/2797, Loss: 0.1406, Train Acc: 95.08%
Batch 35/2797, Loss: 0.1424, Train Acc: 95.04%
Batch 40/2797, Loss: 0.1429, Train Acc: 94.98%
Batch 45/2797, Loss: 0.1437, Train Acc: 94.98%
Batch 50/2797, Loss: 0.1459, Train Acc: 94.88%
Batch 55/2797, Loss: 0.1468, Train Acc: 94.86%
Batch 60/2797, Loss: 0.1494, Train Acc: 94.74%
Batch 65/2797, Loss: 0.1496, Train Acc: 94.71%
Batch 70/2797, Loss: 0.1482, Train Acc: 94.74%
Batch 75/2797, Loss: 0.1488, Train Acc: 94.67%
Batch 80/2797, Loss: 0.1471, Train Acc: 94.75%
Batch 85/2797, Loss: 0.1463, Train Acc: 94.76%
Batch 90/2797, Loss: 0.1468, Train Acc: 94.66%
Batch 95/2797, Loss: 0.1458, Train Acc: 94.65%
Batch 100/2797, Loss: 0.1469, Train Acc: 94.60%
Batch 105/2797, Loss: 0.1459, Train Acc: 94.64%
Batch 110/2797, Loss: 0.1447, Train Acc: 94.68%
Batch 115/2797, Loss: 0.1447, Train Acc: 94.65%
Batch 120/2797, Loss: 0.1448, Train Acc: 94.65%
Batch 125/2797, Loss: 0.1458, Train Acc: 94.63%
Batch 130/2797, Loss: 0.1453, Train Acc: 94.65%
Batch 135/2797, Loss: 0.1460, Train Acc: 94.62%
Batch 140/2797, Loss: 0.1470, Train Acc: 94.58%
Batch 145/2797, Loss: 0.1460, Train Acc: 94.61%
Batch 150/2797, Loss: 0.1460, Train Acc: 94.61%
Batch 155/2797, Loss: 0.1461, Train Acc: 94.60%
Batch 160/2797, Loss: 0.1446, Train Acc: 94.66%
Batch 165/2797, Loss: 0.1444, Train Acc: 94.64%
Batch 170/2797, Loss: 0.1439, Train Acc: 94.66%
Batch 175/2797, Loss: 0.1439, Train Acc: 94.63%
Batch 180/2797, Loss: 0.1436, Train Acc: 94.64%
Batch 185/2797, Loss: 0.1438, Train Acc: 94.65%
Batch 190/2797, Loss: 0.1436, Train Acc: 94.66%
Batch 195/2797, Loss: 0.1436, Train Acc: 94.67%
Batch 200/2797, Loss: 0.1441, Train Acc: 94.64%
Batch 205/2797, Loss: 0.1444, Train Acc: 94.61%
Batch 210/2797, Loss: 0.1450, Train Acc: 94.58%
Batch 215/2797, Loss: 0.1451, Train Acc: 94.56%
Batch 220/2797, Loss: 0.1451, Train Acc: 94.56%
Batch 225/2797, Loss: 0.1451, Train Acc: 94.57%
Batch 230/2797, Loss: 0.1447, Train Acc: 94.60%
Batch 235/2797, Loss: 0.1454, Train Acc: 94.57%
Batch 240/2797, Loss: 0.1453, Train Acc: 94.58%
Batch 245/2797, Loss: 0.1450, Train Acc: 94.60%
Batch 250/2797, Loss: 0.1455, Train Acc: 94.60%
Batch 255/2797, Loss: 0.1462, Train Acc: 94.54%
Batch 260/2797, Loss: 0.1471, Train Acc: 94.50%
Batch 265/2797, Loss: 0.1469, Train Acc: 94.51%
Batch 270/2797, Loss: 0.1463, Train Acc: 94.52%
Batch 275/2797, Loss: 0.1459, Train Acc: 94.55%
Batch 280/2797, Loss: 0.1459, Train Acc: 94.54%
Batch 285/2797, Loss: 0.1456, Train Acc: 94.56%
Batch 290/2797, Loss: 0.1455, Train Acc: 94.58%
Batch 295/2797, Loss: 0.1452, Train Acc: 94.60%
Batch 300/2797, Loss: 0.1455, Train Acc: 94.58%
Batch 305/2797, Loss: 0.1456, Train Acc: 94.57%
Batch 310/2797, Loss: 0.1460, Train Acc: 94.53%
Batch 315/2797, Loss: 0.1460, Train Acc: 94.52%
Batch 320/2797, Loss: 0.1463, Train Acc: 94.51%
Batch 325/2797, Loss: 0.1465, Train Acc: 94.50%
Batch 330/2797, Loss: 0.1468, Train Acc: 94.49%
Batch 335/2797, Loss: 0.1471, Train Acc: 94.47%
Batch 340/2797, Loss: 0.1465, Train Acc: 94.50%
Batch 345/2797, Loss: 0.1467, Train Acc: 94.49%
Batch 350/2797, Loss: 0.1468, Train Acc: 94.49%
Batch 355/2797, Loss: 0.1467, Train Acc: 94.49%
Batch 360/2797, Loss: 0.1465, Train Acc: 94.50%
Batch 365/2797, Loss: 0.1463, Train Acc: 94.50%
Batch 370/2797, Loss: 0.1462, Train Acc: 94.51%
Batch 375/2797, Loss: 0.1465, Train Acc: 94.50%
Batch 380/2797, Loss: 0.1465, Train Acc: 94.50%
Batch 385/2797, Loss: 0.1466, Train Acc: 94.50%
Batch 390/2797, Loss: 0.1465, Train Acc: 94.50%
Batch 395/2797, Loss: 0.1465, Train Acc: 94.49%
Batch 400/2797, Loss: 0.1465, Train Acc: 94.49%
Batch 405/2797, Loss: 0.1467, Train Acc: 94.49%
Batch 410/2797, Loss: 0.1468, Train Acc: 94.49%
Batch 415/2797, Loss: 0.1474, Train Acc: 94.48%
Batch 420/2797, Loss: 0.1472, Train Acc: 94.50%
Batch 425/2797, Loss: 0.1474, Train Acc: 94.49%
Batch 430/2797, Loss: 0.1473, Train Acc: 94.51%
Batch 435/2797, Loss: 0.1475, Train Acc: 94.49%
Batch 440/2797, Loss: 0.1475, Train Acc: 94.49%
Batch 445/2797, Loss: 0.1478, Train Acc: 94.47%
Batch 450/2797, Loss: 0.1477, Train Acc: 94.48%
Batch 455/2797, Loss: 0.1476, Train Acc: 94.49%
Batch 460/2797, Loss: 0.1482, Train Acc: 94.47%
Batch 465/2797, Loss: 0.1485, Train Acc: 94.46%
Batch 470/2797, Loss: 0.1485, Train Acc: 94.45%
Batch 475/2797, Loss: 0.1484, Train Acc: 94.45%
Batch 480/2797, Loss: 0.1484, Train Acc: 94.45%
Batch 485/2797, Loss: 0.1484, Train Acc: 94.46%
Batch 490/2797, Loss: 0.1482, Train Acc: 94.46%
Batch 495/2797, Loss: 0.1483, Train Acc: 94.46%
Batch 500/2797, Loss: 0.1482, Train Acc: 94.46%
Batch 505/2797, Loss: 0.1481, Train Acc: 94.47%
Batch 510/2797, Loss: 0.1480, Train Acc: 94.47%
Batch 515/2797, Loss: 0.1479, Train Acc: 94.47%
Batch 520/2797, Loss: 0.1479, Train Acc: 94.46%
Batch 525/2797, Loss: 0.1481, Train Acc: 94.45%
Batch 530/2797, Loss: 0.1484, Train Acc: 94.43%
Batch 535/2797, Loss: 0.1485, Train Acc: 94.43%
Batch 540/2797, Loss: 0.1485, Train Acc: 94.42%
Batch 545/2797, Loss: 0.1486, Train Acc: 94.42%
Batch 550/2797, Loss: 0.1490, Train Acc: 94.39%
Batch 555/2797, Loss: 0.1491, Train Acc: 94.39%
Batch 560/2797, Loss: 0.1490, Train Acc: 94.39%
Batch 565/2797, Loss: 0.1489, Train Acc: 94.39%
Batch 570/2797, Loss: 0.1487, Train Acc: 94.40%
Batch 575/2797, Loss: 0.1488, Train Acc: 94.41%
Batch 580/2797, Loss: 0.1486, Train Acc: 94.42%
Batch 585/2797, Loss: 0.1486, Train Acc: 94.42%
Batch 590/2797, Loss: 0.1485, Train Acc: 94.43%
Batch 595/2797, Loss: 0.1485, Train Acc: 94.42%
Batch 600/2797, Loss: 0.1484, Train Acc: 94.43%
Batch 605/2797, Loss: 0.1483, Train Acc: 94.44%
Batch 610/2797, Loss: 0.1481, Train Acc: 94.45%
Batch 615/2797, Loss: 0.1481, Train Acc: 94.46%
Batch 620/2797, Loss: 0.1482, Train Acc: 94.44%
Batch 625/2797, Loss: 0.1485, Train Acc: 94.42%
Batch 630/2797, Loss: 0.1485, Train Acc: 94.43%
Batch 635/2797, Loss: 0.1484, Train Acc: 94.43%
Batch 640/2797, Loss: 0.1483, Train Acc: 94.43%
Batch 645/2797, Loss: 0.1482, Train Acc: 94.43%
Batch 650/2797, Loss: 0.1482, Train Acc: 94.43%
Batch 655/2797, Loss: 0.1482, Train Acc: 94.43%
Batch 660/2797, Loss: 0.1481, Train Acc: 94.44%
Batch 665/2797, Loss: 0.1479, Train Acc: 94.45%
Batch 670/2797, Loss: 0.1480, Train Acc: 94.44%
Batch 675/2797, Loss: 0.1479, Train Acc: 94.45%
Batch 680/2797, Loss: 0.1477, Train Acc: 94.45%
Batch 685/2797, Loss: 0.1477, Train Acc: 94.45%
Batch 690/2797, Loss: 0.1477, Train Acc: 94.45%
Batch 695/2797, Loss: 0.1477, Train Acc: 94.46%
Batch 700/2797, Loss: 0.1480, Train Acc: 94.45%
Batch 705/2797, Loss: 0.1480, Train Acc: 94.45%
Batch 710/2797, Loss: 0.1480, Train Acc: 94.44%
Batch 715/2797, Loss: 0.1483, Train Acc: 94.43%
Batch 720/2797, Loss: 0.1483, Train Acc: 94.43%
Batch 725/2797, Loss: 0.1483, Train Acc: 94.42%
Batch 730/2797, Loss: 0.1482, Train Acc: 94.43%
Batch 735/2797, Loss: 0.1485, Train Acc: 94.42%
Batch 740/2797, Loss: 0.1485, Train Acc: 94.42%
Batch 745/2797, Loss: 0.1484, Train Acc: 94.42%
Batch 750/2797, Loss: 0.1484, Train Acc: 94.42%
Batch 755/2797, Loss: 0.1483, Train Acc: 94.43%
Batch 760/2797, Loss: 0.1485, Train Acc: 94.43%
Batch 765/2797, Loss: 0.1486, Train Acc: 94.42%
Batch 770/2797, Loss: 0.1487, Train Acc: 94.42%
Batch 775/2797, Loss: 0.1487, Train Acc: 94.41%
Batch 780/2797, Loss: 0.1487, Train Acc: 94.42%
Batch 785/2797, Loss: 0.1487, Train Acc: 94.41%
Batch 790/2797, Loss: 0.1486, Train Acc: 94.41%
Batch 795/2797, Loss: 0.1484, Train Acc: 94.43%
Batch 800/2797, Loss: 0.1485, Train Acc: 94.42%
Batch 805/2797, Loss: 0.1487, Train Acc: 94.41%
Batch 810/2797, Loss: 0.1488, Train Acc: 94.41%
Batch 815/2797, Loss: 0.1488, Train Acc: 94.41%
Batch 820/2797, Loss: 0.1490, Train Acc: 94.40%
Batch 825/2797, Loss: 0.1490, Train Acc: 94.40%
Batch 830/2797, Loss: 0.1489, Train Acc: 94.40%
Batch 835/2797, Loss: 0.1489, Train Acc: 94.40%
Batch 840/2797, Loss: 0.1489, Train Acc: 94.41%
Batch 845/2797, Loss: 0.1489, Train Acc: 94.41%
Batch 850/2797, Loss: 0.1489, Train Acc: 94.41%
Batch 855/2797, Loss: 0.1491, Train Acc: 94.40%
Batch 860/2797, Loss: 0.1492, Train Acc: 94.40%
Batch 865/2797, Loss: 0.1492, Train Acc: 94.41%
Batch 870/2797, Loss: 0.1492, Train Acc: 94.41%
Batch 875/2797, Loss: 0.1493, Train Acc: 94.40%
Batch 880/2797, Loss: 0.1494, Train Acc: 94.40%
Batch 885/2797, Loss: 0.1495, Train Acc: 94.40%
Batch 890/2797, Loss: 0.1494, Train Acc: 94.40%
Batch 895/2797, Loss: 0.1493, Train Acc: 94.40%
Batch 900/2797, Loss: 0.1492, Train Acc: 94.41%
Batch 905/2797, Loss: 0.1490, Train Acc: 94.42%
Batch 910/2797, Loss: 0.1491, Train Acc: 94.41%
Batch 915/2797, Loss: 0.1489, Train Acc: 94.42%
Batch 920/2797, Loss: 0.1491, Train Acc: 94.42%
Batch 925/2797, Loss: 0.1491, Train Acc: 94.42%
Batch 930/2797, Loss: 0.1491, Train Acc: 94.42%
Batch 935/2797, Loss: 0.1491, Train Acc: 94.42%
Batch 940/2797, Loss: 0.1491, Train Acc: 94.42%
Batch 945/2797, Loss: 0.1493, Train Acc: 94.41%
Batch 950/2797, Loss: 0.1494, Train Acc: 94.41%
Batch 955/2797, Loss: 0.1494, Train Acc: 94.41%
Batch 960/2797, Loss: 0.1493, Train Acc: 94.42%
Batch 965/2797, Loss: 0.1494, Train Acc: 94.41%
Batch 970/2797, Loss: 0.1495, Train Acc: 94.41%
Batch 975/2797, Loss: 0.1494, Train Acc: 94.41%
Batch 980/2797, Loss: 0.1494, Train Acc: 94.41%
Batch 985/2797, Loss: 0.1494, Train Acc: 94.42%
Batch 990/2797, Loss: 0.1493, Train Acc: 94.42%
Batch 995/2797, Loss: 0.1493, Train Acc: 94.43%
Batch 1000/2797, Loss: 0.1495, Train Acc: 94.43%
Batch 1005/2797, Loss: 0.1495, Train Acc: 94.42%
Batch 1010/2797, Loss: 0.1496, Train Acc: 94.42%
Batch 1015/2797, Loss: 0.1495, Train Acc: 94.42%
Batch 1020/2797, Loss: 0.1495, Train Acc: 94.42%
Batch 1025/2797, Loss: 0.1496, Train Acc: 94.41%
Batch 1030/2797, Loss: 0.1497, Train Acc: 94.41%
Batch 1035/2797, Loss: 0.1499, Train Acc: 94.40%
Batch 1040/2797, Loss: 0.1500, Train Acc: 94.39%
Batch 1045/2797, Loss: 0.1500, Train Acc: 94.40%
Batch 1050/2797, Loss: 0.1500, Train Acc: 94.40%
Batch 1055/2797, Loss: 0.1499, Train Acc: 94.40%
Batch 1060/2797, Loss: 0.1500, Train Acc: 94.40%
Batch 1065/2797, Loss: 0.1500, Train Acc: 94.41%
Batch 1070/2797, Loss: 0.1500, Train Acc: 94.41%
Batch 1075/2797, Loss: 0.1499, Train Acc: 94.41%
Batch 1080/2797, Loss: 0.1499, Train Acc: 94.41%
Batch 1085/2797, Loss: 0.1499, Train Acc: 94.41%
Batch 1090/2797, Loss: 0.1499, Train Acc: 94.41%
Batch 1095/2797, Loss: 0.1498, Train Acc: 94.41%
Batch 1100/2797, Loss: 0.1498, Train Acc: 94.42%
Batch 1105/2797, Loss: 0.1499, Train Acc: 94.41%
Batch 1110/2797, Loss: 0.1499, Train Acc: 94.41%
Batch 1115/2797, Loss: 0.1498, Train Acc: 94.41%
Batch 1120/2797, Loss: 0.1499, Train Acc: 94.41%
Batch 1125/2797, Loss: 0.1498, Train Acc: 94.41%
Batch 1130/2797, Loss: 0.1497, Train Acc: 94.41%
Batch 1135/2797, Loss: 0.1497, Train Acc: 94.41%
Batch 1140/2797, Loss: 0.1497, Train Acc: 94.41%
Batch 1145/2797, Loss: 0.1499, Train Acc: 94.41%
Batch 1150/2797, Loss: 0.1498, Train Acc: 94.41%
Batch 1155/2797, Loss: 0.1499, Train Acc: 94.41%
Batch 1160/2797, Loss: 0.1500, Train Acc: 94.40%
Batch 1165/2797, Loss: 0.1501, Train Acc: 94.40%
Batch 1170/2797, Loss: 0.1501, Train Acc: 94.40%
Batch 1175/2797, Loss: 0.1500, Train Acc: 94.40%
Batch 1180/2797, Loss: 0.1501, Train Acc: 94.39%
Batch 1185/2797, Loss: 0.1502, Train Acc: 94.39%
Batch 1190/2797, Loss: 0.1503, Train Acc: 94.39%
Batch 1195/2797, Loss: 0.1503, Train Acc: 94.38%
Batch 1200/2797, Loss: 0.1502, Train Acc: 94.39%
Batch 1205/2797, Loss: 0.1500, Train Acc: 94.40%
Batch 1210/2797, Loss: 0.1500, Train Acc: 94.40%
Batch 1215/2797, Loss: 0.1499, Train Acc: 94.40%
Batch 1220/2797, Loss: 0.1499, Train Acc: 94.40%
Batch 1225/2797, Loss: 0.1501, Train Acc: 94.40%
Batch 1230/2797, Loss: 0.1502, Train Acc: 94.39%
Batch 1235/2797, Loss: 0.1503, Train Acc: 94.39%
Batch 1240/2797, Loss: 0.1503, Train Acc: 94.39%
Batch 1245/2797, Loss: 0.1503, Train Acc: 94.39%
Batch 1250/2797, Loss: 0.1503, Train Acc: 94.39%
Batch 1255/2797, Loss: 0.1504, Train Acc: 94.39%
Batch 1260/2797, Loss: 0.1504, Train Acc: 94.39%
Batch 1265/2797, Loss: 0.1502, Train Acc: 94.39%
Batch 1270/2797, Loss: 0.1502, Train Acc: 94.39%
Batch 1275/2797, Loss: 0.1502, Train Acc: 94.39%
Batch 1280/2797, Loss: 0.1502, Train Acc: 94.39%
Batch 1285/2797, Loss: 0.1503, Train Acc: 94.39%
Batch 1290/2797, Loss: 0.1502, Train Acc: 94.39%
Batch 1295/2797, Loss: 0.1502, Train Acc: 94.39%
Batch 1300/2797, Loss: 0.1502, Train Acc: 94.38%
Batch 1305/2797, Loss: 0.1502, Train Acc: 94.39%
Batch 1310/2797, Loss: 0.1503, Train Acc: 94.38%
Batch 1315/2797, Loss: 0.1502, Train Acc: 94.38%
Batch 1320/2797, Loss: 0.1502, Train Acc: 94.38%
Batch 1325/2797, Loss: 0.1503, Train Acc: 94.37%
Batch 1330/2797, Loss: 0.1503, Train Acc: 94.38%
Batch 1335/2797, Loss: 0.1503, Train Acc: 94.38%
Batch 1340/2797, Loss: 0.1504, Train Acc: 94.37%
Batch 1345/2797, Loss: 0.1503, Train Acc: 94.38%
Batch 1350/2797, Loss: 0.1503, Train Acc: 94.38%
Batch 1355/2797, Loss: 0.1503, Train Acc: 94.38%
Batch 1360/2797, Loss: 0.1504, Train Acc: 94.38%
Batch 1365/2797, Loss: 0.1503, Train Acc: 94.38%
Batch 1370/2797, Loss: 0.1503, Train Acc: 94.38%
Batch 1375/2797, Loss: 0.1503, Train Acc: 94.38%
Batch 1380/2797, Loss: 0.1503, Train Acc: 94.38%
Batch 1385/2797, Loss: 0.1502, Train Acc: 94.39%
Batch 1390/2797, Loss: 0.1503, Train Acc: 94.38%
Batch 1395/2797, Loss: 0.1502, Train Acc: 94.39%
Batch 1400/2797, Loss: 0.1501, Train Acc: 94.39%
Batch 1405/2797, Loss: 0.1502, Train Acc: 94.39%
Batch 1410/2797, Loss: 0.1503, Train Acc: 94.39%
Batch 1415/2797, Loss: 0.1502, Train Acc: 94.39%
Batch 1420/2797, Loss: 0.1502, Train Acc: 94.39%
Batch 1425/2797, Loss: 0.1501, Train Acc: 94.39%
Batch 1430/2797, Loss: 0.1501, Train Acc: 94.39%
Batch 1435/2797, Loss: 0.1500, Train Acc: 94.40%
Batch 1440/2797, Loss: 0.1500, Train Acc: 94.40%
Batch 1445/2797, Loss: 0.1499, Train Acc: 94.41%
Batch 1450/2797, Loss: 0.1499, Train Acc: 94.41%
Batch 1455/2797, Loss: 0.1499, Train Acc: 94.41%
Batch 1460/2797, Loss: 0.1500, Train Acc: 94.41%
Batch 1465/2797, Loss: 0.1500, Train Acc: 94.41%
Batch 1470/2797, Loss: 0.1501, Train Acc: 94.41%
Batch 1475/2797, Loss: 0.1501, Train Acc: 94.41%
Batch 1480/2797, Loss: 0.1502, Train Acc: 94.41%
Batch 1485/2797, Loss: 0.1502, Train Acc: 94.41%
Batch 1490/2797, Loss: 0.1502, Train Acc: 94.41%
Batch 1495/2797, Loss: 0.1502, Train Acc: 94.41%
Batch 1500/2797, Loss: 0.1502, Train Acc: 94.41%
Batch 1505/2797, Loss: 0.1502, Train Acc: 94.41%
Batch 1510/2797, Loss: 0.1501, Train Acc: 94.41%
Batch 1515/2797, Loss: 0.1502, Train Acc: 94.41%
Batch 1520/2797, Loss: 0.1501, Train Acc: 94.42%
Batch 1525/2797, Loss: 0.1501, Train Acc: 94.42%
Batch 1530/2797, Loss: 0.1501, Train Acc: 94.42%
Batch 1535/2797, Loss: 0.1502, Train Acc: 94.41%
Batch 1540/2797, Loss: 0.1502, Train Acc: 94.41%
Batch 1545/2797, Loss: 0.1502, Train Acc: 94.41%
Batch 1550/2797, Loss: 0.1502, Train Acc: 94.41%
Batch 1555/2797, Loss: 0.1502, Train Acc: 94.41%
Batch 1560/2797, Loss: 0.1502, Train Acc: 94.42%
Batch 1565/2797, Loss: 0.1501, Train Acc: 94.42%
Batch 1570/2797, Loss: 0.1502, Train Acc: 94.41%
Batch 1575/2797, Loss: 0.1502, Train Acc: 94.42%
Batch 1580/2797, Loss: 0.1501, Train Acc: 94.42%
Batch 1585/2797, Loss: 0.1501, Train Acc: 94.42%
Batch 1590/2797, Loss: 0.1500, Train Acc: 94.43%
Batch 1595/2797, Loss: 0.1500, Train Acc: 94.43%
Batch 1600/2797, Loss: 0.1500, Train Acc: 94.43%
Batch 1605/2797, Loss: 0.1500, Train Acc: 94.43%
Batch 1610/2797, Loss: 0.1500, Train Acc: 94.43%
Batch 1615/2797, Loss: 0.1500, Train Acc: 94.43%
Batch 1620/2797, Loss: 0.1500, Train Acc: 94.42%
Batch 1625/2797, Loss: 0.1500, Train Acc: 94.43%
Batch 1630/2797, Loss: 0.1500, Train Acc: 94.43%
Batch 1635/2797, Loss: 0.1499, Train Acc: 94.43%
Batch 1640/2797, Loss: 0.1499, Train Acc: 94.43%
Batch 1645/2797, Loss: 0.1500, Train Acc: 94.42%
Batch 1650/2797, Loss: 0.1500, Train Acc: 94.42%
Batch 1655/2797, Loss: 0.1501, Train Acc: 94.42%
Batch 1660/2797, Loss: 0.1501, Train Acc: 94.42%
Batch 1665/2797, Loss: 0.1501, Train Acc: 94.42%
Batch 1670/2797, Loss: 0.1501, Train Acc: 94.42%
Batch 1675/2797, Loss: 0.1500, Train Acc: 94.42%
Batch 1680/2797, Loss: 0.1500, Train Acc: 94.42%
Batch 1685/2797, Loss: 0.1499, Train Acc: 94.43%
Batch 1690/2797, Loss: 0.1498, Train Acc: 94.43%
Batch 1695/2797, Loss: 0.1498, Train Acc: 94.43%
Batch 1700/2797, Loss: 0.1498, Train Acc: 94.43%
Batch 1705/2797, Loss: 0.1498, Train Acc: 94.43%
Batch 1710/2797, Loss: 0.1499, Train Acc: 94.42%
Batch 1715/2797, Loss: 0.1499, Train Acc: 94.42%
Batch 1720/2797, Loss: 0.1498, Train Acc: 94.43%
Batch 1725/2797, Loss: 0.1498, Train Acc: 94.43%
Batch 1730/2797, Loss: 0.1498, Train Acc: 94.43%
Batch 1735/2797, Loss: 0.1499, Train Acc: 94.43%
Batch 1740/2797, Loss: 0.1499, Train Acc: 94.43%
Batch 1745/2797, Loss: 0.1499, Train Acc: 94.43%
Batch 1750/2797, Loss: 0.1499, Train Acc: 94.43%
Batch 1755/2797, Loss: 0.1498, Train Acc: 94.43%
Batch 1760/2797, Loss: 0.1499, Train Acc: 94.43%
Batch 1765/2797, Loss: 0.1499, Train Acc: 94.43%
Batch 1770/2797, Loss: 0.1500, Train Acc: 94.43%
Batch 1775/2797, Loss: 0.1499, Train Acc: 94.43%
Batch 1780/2797, Loss: 0.1499, Train Acc: 94.43%
Batch 1785/2797, Loss: 0.1498, Train Acc: 94.43%
Batch 1790/2797, Loss: 0.1498, Train Acc: 94.43%
Batch 1795/2797, Loss: 0.1498, Train Acc: 94.43%
Batch 1800/2797, Loss: 0.1498, Train Acc: 94.43%
Batch 1805/2797, Loss: 0.1498, Train Acc: 94.43%
Batch 1810/2797, Loss: 0.1499, Train Acc: 94.43%
Batch 1815/2797, Loss: 0.1500, Train Acc: 94.43%
Batch 1820/2797, Loss: 0.1500, Train Acc: 94.43%
Batch 1825/2797, Loss: 0.1499, Train Acc: 94.43%
Batch 1830/2797, Loss: 0.1498, Train Acc: 94.43%
Batch 1835/2797, Loss: 0.1498, Train Acc: 94.44%
Batch 1840/2797, Loss: 0.1498, Train Acc: 94.44%
Batch 1845/2797, Loss: 0.1498, Train Acc: 94.44%
Batch 1850/2797, Loss: 0.1497, Train Acc: 94.44%
Batch 1855/2797, Loss: 0.1497, Train Acc: 94.44%
Batch 1860/2797, Loss: 0.1496, Train Acc: 94.44%
Batch 1865/2797, Loss: 0.1496, Train Acc: 94.44%
Batch 1870/2797, Loss: 0.1495, Train Acc: 94.44%
Batch 1875/2797, Loss: 0.1496, Train Acc: 94.44%
Batch 1880/2797, Loss: 0.1496, Train Acc: 94.44%
Batch 1885/2797, Loss: 0.1496, Train Acc: 94.44%
Batch 1890/2797, Loss: 0.1496, Train Acc: 94.44%
Batch 1895/2797, Loss: 0.1496, Train Acc: 94.44%
Batch 1900/2797, Loss: 0.1496, Train Acc: 94.44%
Batch 1905/2797, Loss: 0.1495, Train Acc: 94.44%
Batch 1910/2797, Loss: 0.1496, Train Acc: 94.44%
Batch 1915/2797, Loss: 0.1496, Train Acc: 94.44%
Batch 1920/2797, Loss: 0.1495, Train Acc: 94.44%
Batch 1925/2797, Loss: 0.1495, Train Acc: 94.44%
Batch 1930/2797, Loss: 0.1496, Train Acc: 94.44%
Batch 1935/2797, Loss: 0.1496, Train Acc: 94.44%
Batch 1940/2797, Loss: 0.1495, Train Acc: 94.44%
Batch 1945/2797, Loss: 0.1496, Train Acc: 94.44%
Batch 1950/2797, Loss: 0.1495, Train Acc: 94.45%
Batch 1955/2797, Loss: 0.1495, Train Acc: 94.45%
Batch 1960/2797, Loss: 0.1495, Train Acc: 94.45%
Batch 1965/2797, Loss: 0.1494, Train Acc: 94.45%
Batch 1970/2797, Loss: 0.1494, Train Acc: 94.45%
Batch 1975/2797, Loss: 0.1494, Train Acc: 94.46%
Batch 1980/2797, Loss: 0.1494, Train Acc: 94.46%
Batch 1985/2797, Loss: 0.1492, Train Acc: 94.46%
Batch 1990/2797, Loss: 0.1492, Train Acc: 94.46%
Batch 1995/2797, Loss: 0.1491, Train Acc: 94.47%
Batch 2000/2797, Loss: 0.1491, Train Acc: 94.47%
Batch 2005/2797, Loss: 0.1491, Train Acc: 94.47%
Batch 2010/2797, Loss: 0.1491, Train Acc: 94.47%
Batch 2015/2797, Loss: 0.1491, Train Acc: 94.47%
Batch 2020/2797, Loss: 0.1491, Train Acc: 94.47%
Batch 2025/2797, Loss: 0.1491, Train Acc: 94.47%
Batch 2030/2797, Loss: 0.1491, Train Acc: 94.47%
Batch 2035/2797, Loss: 0.1490, Train Acc: 94.47%
Batch 2040/2797, Loss: 0.1491, Train Acc: 94.47%
Batch 2045/2797, Loss: 0.1491, Train Acc: 94.47%
Batch 2050/2797, Loss: 0.1491, Train Acc: 94.47%
Batch 2055/2797, Loss: 0.1490, Train Acc: 94.47%
Batch 2060/2797, Loss: 0.1490, Train Acc: 94.47%
Batch 2065/2797, Loss: 0.1490, Train Acc: 94.47%
Batch 2070/2797, Loss: 0.1490, Train Acc: 94.47%
Batch 2075/2797, Loss: 0.1490, Train Acc: 94.47%
Batch 2080/2797, Loss: 0.1491, Train Acc: 94.47%
Batch 2085/2797, Loss: 0.1491, Train Acc: 94.47%
Batch 2090/2797, Loss: 0.1493, Train Acc: 94.46%
Batch 2095/2797, Loss: 0.1494, Train Acc: 94.46%
Batch 2100/2797, Loss: 0.1493, Train Acc: 94.46%
Batch 2105/2797, Loss: 0.1493, Train Acc: 94.46%
Batch 2110/2797, Loss: 0.1493, Train Acc: 94.46%
Batch 2115/2797, Loss: 0.1493, Train Acc: 94.46%
Batch 2120/2797, Loss: 0.1492, Train Acc: 94.47%
Batch 2125/2797, Loss: 0.1492, Train Acc: 94.47%
Batch 2130/2797, Loss: 0.1493, Train Acc: 94.46%
Batch 2135/2797, Loss: 0.1493, Train Acc: 94.47%
Batch 2140/2797, Loss: 0.1493, Train Acc: 94.46%
Batch 2145/2797, Loss: 0.1493, Train Acc: 94.46%
Batch 2150/2797, Loss: 0.1493, Train Acc: 94.46%
Batch 2155/2797, Loss: 0.1493, Train Acc: 94.46%
Batch 2160/2797, Loss: 0.1493, Train Acc: 94.47%
Batch 2165/2797, Loss: 0.1493, Train Acc: 94.47%
Batch 2170/2797, Loss: 0.1493, Train Acc: 94.47%
Batch 2175/2797, Loss: 0.1494, Train Acc: 94.46%
Batch 2180/2797, Loss: 0.1494, Train Acc: 94.46%
Batch 2185/2797, Loss: 0.1494, Train Acc: 94.47%
Batch 2190/2797, Loss: 0.1493, Train Acc: 94.47%
Batch 2195/2797, Loss: 0.1494, Train Acc: 94.47%
Batch 2200/2797, Loss: 0.1494, Train Acc: 94.47%
Batch 2205/2797, Loss: 0.1493, Train Acc: 94.47%
Batch 2210/2797, Loss: 0.1494, Train Acc: 94.47%
Batch 2215/2797, Loss: 0.1494, Train Acc: 94.47%
Batch 2220/2797, Loss: 0.1494, Train Acc: 94.47%
Batch 2225/2797, Loss: 0.1494, Train Acc: 94.47%
Batch 2230/2797, Loss: 0.1494, Train Acc: 94.47%
Batch 2235/2797, Loss: 0.1495, Train Acc: 94.46%
Batch 2240/2797, Loss: 0.1495, Train Acc: 94.46%
Batch 2245/2797, Loss: 0.1495, Train Acc: 94.46%
Batch 2250/2797, Loss: 0.1495, Train Acc: 94.46%
Batch 2255/2797, Loss: 0.1494, Train Acc: 94.47%
Batch 2260/2797, Loss: 0.1493, Train Acc: 94.47%
Batch 2265/2797, Loss: 0.1493, Train Acc: 94.47%
Batch 2270/2797, Loss: 0.1494, Train Acc: 94.47%
Batch 2275/2797, Loss: 0.1494, Train Acc: 94.47%
Batch 2280/2797, Loss: 0.1494, Train Acc: 94.47%
Batch 2285/2797, Loss: 0.1494, Train Acc: 94.47%
Batch 2290/2797, Loss: 0.1494, Train Acc: 94.47%
Batch 2295/2797, Loss: 0.1493, Train Acc: 94.47%
Batch 2300/2797, Loss: 0.1493, Train Acc: 94.47%
Batch 2305/2797, Loss: 0.1494, Train Acc: 94.46%
Batch 2310/2797, Loss: 0.1494, Train Acc: 94.46%
Batch 2315/2797, Loss: 0.1494, Train Acc: 94.46%
Batch 2320/2797, Loss: 0.1494, Train Acc: 94.46%
Batch 2325/2797, Loss: 0.1494, Train Acc: 94.46%
Batch 2330/2797, Loss: 0.1493, Train Acc: 94.47%
Batch 2335/2797, Loss: 0.1493, Train Acc: 94.46%
Batch 2340/2797, Loss: 0.1494, Train Acc: 94.46%
Batch 2345/2797, Loss: 0.1493, Train Acc: 94.46%
Batch 2350/2797, Loss: 0.1494, Train Acc: 94.46%
Batch 2355/2797, Loss: 0.1495, Train Acc: 94.46%
Batch 2360/2797, Loss: 0.1495, Train Acc: 94.45%
Batch 2365/2797, Loss: 0.1495, Train Acc: 94.45%
Batch 2370/2797, Loss: 0.1495, Train Acc: 94.45%
Batch 2375/2797, Loss: 0.1495, Train Acc: 94.45%
Batch 2380/2797, Loss: 0.1495, Train Acc: 94.45%
Batch 2385/2797, Loss: 0.1495, Train Acc: 94.46%
Batch 2390/2797, Loss: 0.1494, Train Acc: 94.46%
Batch 2395/2797, Loss: 0.1494, Train Acc: 94.46%
Batch 2400/2797, Loss: 0.1494, Train Acc: 94.46%
Batch 2405/2797, Loss: 0.1494, Train Acc: 94.46%
Batch 2410/2797, Loss: 0.1493, Train Acc: 94.46%
Batch 2415/2797, Loss: 0.1494, Train Acc: 94.46%
Batch 2420/2797, Loss: 0.1494, Train Acc: 94.46%
Batch 2425/2797, Loss: 0.1495, Train Acc: 94.46%
Batch 2430/2797, Loss: 0.1495, Train Acc: 94.46%
Batch 2435/2797, Loss: 0.1496, Train Acc: 94.46%
Batch 2440/2797, Loss: 0.1496, Train Acc: 94.46%
Batch 2445/2797, Loss: 0.1496, Train Acc: 94.45%
Batch 2450/2797, Loss: 0.1495, Train Acc: 94.46%
Batch 2455/2797, Loss: 0.1496, Train Acc: 94.46%
Batch 2460/2797, Loss: 0.1495, Train Acc: 94.46%
Batch 2465/2797, Loss: 0.1496, Train Acc: 94.46%
Batch 2470/2797, Loss: 0.1496, Train Acc: 94.46%
Batch 2475/2797, Loss: 0.1496, Train Acc: 94.46%
Batch 2480/2797, Loss: 0.1496, Train Acc: 94.46%
Batch 2485/2797, Loss: 0.1495, Train Acc: 94.46%
Batch 2490/2797, Loss: 0.1495, Train Acc: 94.46%
Batch 2495/2797, Loss: 0.1495, Train Acc: 94.46%
Batch 2500/2797, Loss: 0.1496, Train Acc: 94.45%
Batch 2505/2797, Loss: 0.1496, Train Acc: 94.45%
Batch 2510/2797, Loss: 0.1497, Train Acc: 94.45%
Batch 2515/2797, Loss: 0.1497, Train Acc: 94.45%
Batch 2520/2797, Loss: 0.1497, Train Acc: 94.45%
Batch 2525/2797, Loss: 0.1496, Train Acc: 94.45%
Batch 2530/2797, Loss: 0.1496, Train Acc: 94.45%
Batch 2535/2797, Loss: 0.1497, Train Acc: 94.45%
Batch 2540/2797, Loss: 0.1497, Train Acc: 94.45%
Batch 2545/2797, Loss: 0.1497, Train Acc: 94.45%
Batch 2550/2797, Loss: 0.1496, Train Acc: 94.45%
Batch 2555/2797, Loss: 0.1497, Train Acc: 94.45%
Batch 2560/2797, Loss: 0.1498, Train Acc: 94.45%
Batch 2565/2797, Loss: 0.1498, Train Acc: 94.45%
Batch 2570/2797, Loss: 0.1498, Train Acc: 94.45%
Batch 2575/2797, Loss: 0.1498, Train Acc: 94.45%
Batch 2580/2797, Loss: 0.1499, Train Acc: 94.44%
Batch 2585/2797, Loss: 0.1499, Train Acc: 94.44%
Batch 2590/2797, Loss: 0.1498, Train Acc: 94.44%
Batch 2595/2797, Loss: 0.1498, Train Acc: 94.45%
Batch 2600/2797, Loss: 0.1498, Train Acc: 94.45%
Batch 2605/2797, Loss: 0.1498, Train Acc: 94.44%
Batch 2610/2797, Loss: 0.1498, Train Acc: 94.45%
Batch 2615/2797, Loss: 0.1498, Train Acc: 94.45%
Batch 2620/2797, Loss: 0.1498, Train Acc: 94.45%
Batch 2625/2797, Loss: 0.1498, Train Acc: 94.45%
Batch 2630/2797, Loss: 0.1498, Train Acc: 94.44%
Batch 2635/2797, Loss: 0.1498, Train Acc: 94.44%
Batch 2640/2797, Loss: 0.1498, Train Acc: 94.44%
Batch 2645/2797, Loss: 0.1498, Train Acc: 94.44%
Batch 2650/2797, Loss: 0.1498, Train Acc: 94.44%
Batch 2655/2797, Loss: 0.1498, Train Acc: 94.44%
Batch 2660/2797, Loss: 0.1498, Train Acc: 94.44%
Batch 2665/2797, Loss: 0.1498, Train Acc: 94.44%
Batch 2670/2797, Loss: 0.1498, Train Acc: 94.44%
Batch 2675/2797, Loss: 0.1498, Train Acc: 94.45%
Batch 2680/2797, Loss: 0.1498, Train Acc: 94.44%
Batch 2685/2797, Loss: 0.1498, Train Acc: 94.44%
Batch 2690/2797, Loss: 0.1498, Train Acc: 94.45%
Batch 2695/2797, Loss: 0.1498, Train Acc: 94.44%
Batch 2700/2797, Loss: 0.1498, Train Acc: 94.44%
Batch 2705/2797, Loss: 0.1499, Train Acc: 94.44%
Batch 2710/2797, Loss: 0.1499, Train Acc: 94.44%
Batch 2715/2797, Loss: 0.1499, Train Acc: 94.44%
Batch 2720/2797, Loss: 0.1499, Train Acc: 94.44%
Batch 2725/2797, Loss: 0.1499, Train Acc: 94.44%
Batch 2730/2797, Loss: 0.1499, Train Acc: 94.44%
Batch 2735/2797, Loss: 0.1499, Train Acc: 94.44%
Batch 2740/2797, Loss: 0.1499, Train Acc: 94.44%
Batch 2745/2797, Loss: 0.1499, Train Acc: 94.44%
Batch 2750/2797, Loss: 0.1499, Train Acc: 94.44%
Batch 2755/2797, Loss: 0.1499, Train Acc: 94.44%
Batch 2760/2797, Loss: 0.1499, Train Acc: 94.44%
Batch 2765/2797, Loss: 0.1499, Train Acc: 94.44%
Batch 2770/2797, Loss: 0.1499, Train Acc: 94.44%
Batch 2775/2797, Loss: 0.1498, Train Acc: 94.44%
Batch 2780/2797, Loss: 0.1498, Train Acc: 94.44%
Batch 2785/2797, Loss: 0.1498, Train Acc: 94.44%
Batch 2790/2797, Loss: 0.1498, Train Acc: 94.44%
Batch 2795/2797, Loss: 0.1498, Train Acc: 94.44%
Learning Rate: 0.000000
Epoch 18/50, Average Loss: 0.1498, Train Accuracy: 94.44%
Validation Batch 5/700, Validation Accuracy: 95.47%
Validation Batch 10/700, Validation Accuracy: 94.14%
Validation Batch 15/700, Validation Accuracy: 93.28%
Validation Batch 20/700, Validation Accuracy: 92.58%
Validation Batch 25/700, Validation Accuracy: 92.34%
Validation Batch 30/700, Validation Accuracy: 92.27%
Validation Batch 35/700, Validation Accuracy: 92.28%
Validation Batch 40/700, Validation Accuracy: 92.32%
Validation Batch 45/700, Validation Accuracy: 92.34%
Validation Batch 50/700, Validation Accuracy: 92.52%
Validation Batch 55/700, Validation Accuracy: 92.60%
Validation Batch 60/700, Validation Accuracy: 92.43%
Validation Batch 65/700, Validation Accuracy: 92.43%
Validation Batch 70/700, Validation Accuracy: 92.44%
Validation Batch 75/700, Validation Accuracy: 92.40%
Validation Batch 80/700, Validation Accuracy: 92.29%
Validation Batch 85/700, Validation Accuracy: 92.23%
Validation Batch 90/700, Validation Accuracy: 92.22%
Validation Batch 95/700, Validation Accuracy: 92.16%
Validation Batch 100/700, Validation Accuracy: 92.13%
Validation Batch 105/700, Validation Accuracy: 92.13%
Validation Batch 110/700, Validation Accuracy: 92.10%
Validation Batch 115/700, Validation Accuracy: 92.11%
Validation Batch 120/700, Validation Accuracy: 92.11%
Validation Batch 125/700, Validation Accuracy: 92.11%
Validation Batch 130/700, Validation Accuracy: 92.10%
Validation Batch 135/700, Validation Accuracy: 92.03%
Validation Batch 140/700, Validation Accuracy: 91.99%
Validation Batch 145/700, Validation Accuracy: 91.99%
Validation Batch 150/700, Validation Accuracy: 92.05%
Validation Batch 155/700, Validation Accuracy: 92.07%
Validation Batch 160/700, Validation Accuracy: 92.05%
Validation Batch 165/700, Validation Accuracy: 92.06%
Validation Batch 170/700, Validation Accuracy: 92.07%
Validation Batch 175/700, Validation Accuracy: 92.10%
Validation Batch 180/700, Validation Accuracy: 92.12%
Validation Batch 185/700, Validation Accuracy: 92.13%
Validation Batch 190/700, Validation Accuracy: 92.13%
Validation Batch 195/700, Validation Accuracy: 92.14%
Validation Batch 200/700, Validation Accuracy: 92.15%
Validation Batch 205/700, Validation Accuracy: 92.13%
Validation Batch 210/700, Validation Accuracy: 92.14%
Validation Batch 215/700, Validation Accuracy: 92.15%
Validation Batch 220/700, Validation Accuracy: 92.11%
Validation Batch 225/700, Validation Accuracy: 92.16%
Validation Batch 230/700, Validation Accuracy: 92.12%
Validation Batch 235/700, Validation Accuracy: 92.10%
Validation Batch 240/700, Validation Accuracy: 92.11%
Validation Batch 245/700, Validation Accuracy: 92.14%
Validation Batch 250/700, Validation Accuracy: 92.12%
Validation Batch 255/700, Validation Accuracy: 92.16%
Validation Batch 260/700, Validation Accuracy: 92.16%
Validation Batch 265/700, Validation Accuracy: 92.13%
Validation Batch 270/700, Validation Accuracy: 92.12%
Validation Batch 275/700, Validation Accuracy: 92.12%
Validation Batch 280/700, Validation Accuracy: 92.11%
Validation Batch 285/700, Validation Accuracy: 92.14%
Validation Batch 290/700, Validation Accuracy: 92.16%
Validation Batch 295/700, Validation Accuracy: 92.20%
Validation Batch 300/700, Validation Accuracy: 92.21%
Validation Batch 305/700, Validation Accuracy: 92.23%
Validation Batch 310/700, Validation Accuracy: 92.21%
Validation Batch 315/700, Validation Accuracy: 92.21%
Validation Batch 320/700, Validation Accuracy: 92.19%
Validation Batch 325/700, Validation Accuracy: 92.19%
Validation Batch 330/700, Validation Accuracy: 92.19%
Validation Batch 335/700, Validation Accuracy: 92.20%
Validation Batch 340/700, Validation Accuracy: 92.21%
Validation Batch 345/700, Validation Accuracy: 92.20%
Validation Batch 350/700, Validation Accuracy: 92.21%
Validation Batch 355/700, Validation Accuracy: 92.18%
Validation Batch 360/700, Validation Accuracy: 92.20%
Validation Batch 365/700, Validation Accuracy: 92.19%
Validation Batch 370/700, Validation Accuracy: 92.18%
Validation Batch 375/700, Validation Accuracy: 92.18%
Validation Batch 380/700, Validation Accuracy: 92.18%
Validation Batch 385/700, Validation Accuracy: 92.18%
Validation Batch 390/700, Validation Accuracy: 92.14%
Validation Batch 395/700, Validation Accuracy: 92.13%
Validation Batch 400/700, Validation Accuracy: 92.13%
Validation Batch 405/700, Validation Accuracy: 92.10%
Validation Batch 410/700, Validation Accuracy: 92.09%
Validation Batch 415/700, Validation Accuracy: 92.11%
Validation Batch 420/700, Validation Accuracy: 92.12%
Validation Batch 425/700, Validation Accuracy: 92.12%
Validation Batch 430/700, Validation Accuracy: 92.14%
Validation Batch 435/700, Validation Accuracy: 92.14%
Validation Batch 440/700, Validation Accuracy: 92.13%
Validation Batch 445/700, Validation Accuracy: 92.13%
Validation Batch 450/700, Validation Accuracy: 92.16%
Validation Batch 455/700, Validation Accuracy: 92.17%
Validation Batch 460/700, Validation Accuracy: 92.18%
Validation Batch 465/700, Validation Accuracy: 92.18%
Validation Batch 470/700, Validation Accuracy: 92.18%
Validation Batch 475/700, Validation Accuracy: 92.16%
Validation Batch 480/700, Validation Accuracy: 92.18%
Validation Batch 485/700, Validation Accuracy: 92.18%
Validation Batch 490/700, Validation Accuracy: 92.19%
Validation Batch 495/700, Validation Accuracy: 92.20%
Validation Batch 500/700, Validation Accuracy: 92.20%
Validation Batch 505/700, Validation Accuracy: 92.21%
Validation Batch 510/700, Validation Accuracy: 92.21%
Validation Batch 515/700, Validation Accuracy: 92.23%
Validation Batch 520/700, Validation Accuracy: 92.24%
Validation Batch 525/700, Validation Accuracy: 92.22%
Validation Batch 530/700, Validation Accuracy: 92.22%
Validation Batch 535/700, Validation Accuracy: 92.21%
Validation Batch 540/700, Validation Accuracy: 92.19%
Validation Batch 545/700, Validation Accuracy: 92.19%
Validation Batch 550/700, Validation Accuracy: 92.20%
Validation Batch 555/700, Validation Accuracy: 92.18%
Validation Batch 560/700, Validation Accuracy: 92.16%
Validation Batch 565/700, Validation Accuracy: 92.16%
Validation Batch 570/700, Validation Accuracy: 92.15%
Validation Batch 575/700, Validation Accuracy: 92.15%
Validation Batch 580/700, Validation Accuracy: 92.16%
Validation Batch 585/700, Validation Accuracy: 92.17%
Validation Batch 590/700, Validation Accuracy: 92.16%
Validation Batch 595/700, Validation Accuracy: 92.17%
Validation Batch 600/700, Validation Accuracy: 92.17%
Validation Batch 605/700, Validation Accuracy: 92.17%
Validation Batch 610/700, Validation Accuracy: 92.18%
Validation Batch 615/700, Validation Accuracy: 92.17%
Validation Batch 620/700, Validation Accuracy: 92.15%
Validation Batch 625/700, Validation Accuracy: 92.16%
Validation Batch 630/700, Validation Accuracy: 92.16%
Validation Batch 635/700, Validation Accuracy: 92.14%
Validation Batch 640/700, Validation Accuracy: 92.14%
Validation Batch 645/700, Validation Accuracy: 92.16%
Validation Batch 650/700, Validation Accuracy: 92.16%
Validation Batch 655/700, Validation Accuracy: 92.17%
Validation Batch 660/700, Validation Accuracy: 92.17%
Validation Batch 665/700, Validation Accuracy: 92.17%
Validation Batch 670/700, Validation Accuracy: 92.17%
Validation Batch 675/700, Validation Accuracy: 92.18%
Validation Batch 680/700, Validation Accuracy: 92.19%
Validation Batch 685/700, Validation Accuracy: 92.19%
Validation Batch 690/700, Validation Accuracy: 92.19%
Validation Batch 695/700, Validation Accuracy: 92.18%
Validation Batch 700/700, Validation Accuracy: 92.19%
Validation Accuracy for Epoch 18: 92.19%

--- Epoch 19/50 ---
Batch 5/2797, Loss: 0.1870, Train Acc: 92.50%
Batch 10/2797, Loss: 0.1597, Train Acc: 94.06%
Batch 15/2797, Loss: 0.1501, Train Acc: 94.79%
Batch 20/2797, Loss: 0.1473, Train Acc: 94.69%
Batch 25/2797, Loss: 0.1442, Train Acc: 94.62%
Batch 30/2797, Loss: 0.1447, Train Acc: 94.58%
Batch 35/2797, Loss: 0.1475, Train Acc: 94.53%
Batch 40/2797, Loss: 0.1476, Train Acc: 94.51%
Batch 45/2797, Loss: 0.1493, Train Acc: 94.46%
Batch 50/2797, Loss: 0.1512, Train Acc: 94.45%
Batch 55/2797, Loss: 0.1522, Train Acc: 94.47%
Batch 60/2797, Loss: 0.1521, Train Acc: 94.43%
Batch 65/2797, Loss: 0.1522, Train Acc: 94.45%
Batch 70/2797, Loss: 0.1524, Train Acc: 94.44%
Batch 75/2797, Loss: 0.1528, Train Acc: 94.42%
Batch 80/2797, Loss: 0.1523, Train Acc: 94.42%
Batch 85/2797, Loss: 0.1518, Train Acc: 94.46%
Batch 90/2797, Loss: 0.1508, Train Acc: 94.51%
Batch 95/2797, Loss: 0.1509, Train Acc: 94.46%
Batch 100/2797, Loss: 0.1503, Train Acc: 94.49%
Batch 105/2797, Loss: 0.1506, Train Acc: 94.51%
Batch 110/2797, Loss: 0.1509, Train Acc: 94.51%
Batch 115/2797, Loss: 0.1505, Train Acc: 94.55%
Batch 120/2797, Loss: 0.1512, Train Acc: 94.52%
Batch 125/2797, Loss: 0.1516, Train Acc: 94.42%
Batch 130/2797, Loss: 0.1524, Train Acc: 94.38%
Batch 135/2797, Loss: 0.1521, Train Acc: 94.39%
Batch 140/2797, Loss: 0.1524, Train Acc: 94.39%
Batch 145/2797, Loss: 0.1524, Train Acc: 94.39%
Batch 150/2797, Loss: 0.1513, Train Acc: 94.43%
Batch 155/2797, Loss: 0.1504, Train Acc: 94.45%
Batch 160/2797, Loss: 0.1495, Train Acc: 94.50%
Batch 165/2797, Loss: 0.1500, Train Acc: 94.48%
Batch 170/2797, Loss: 0.1513, Train Acc: 94.44%
Batch 175/2797, Loss: 0.1508, Train Acc: 94.46%
Batch 180/2797, Loss: 0.1498, Train Acc: 94.51%
Batch 185/2797, Loss: 0.1491, Train Acc: 94.54%
Batch 190/2797, Loss: 0.1479, Train Acc: 94.59%
Batch 195/2797, Loss: 0.1476, Train Acc: 94.60%
Batch 200/2797, Loss: 0.1477, Train Acc: 94.58%
Batch 205/2797, Loss: 0.1483, Train Acc: 94.54%
Batch 210/2797, Loss: 0.1485, Train Acc: 94.55%
Batch 215/2797, Loss: 0.1486, Train Acc: 94.56%
Batch 220/2797, Loss: 0.1489, Train Acc: 94.53%
Batch 225/2797, Loss: 0.1487, Train Acc: 94.55%
Batch 230/2797, Loss: 0.1485, Train Acc: 94.53%
Batch 235/2797, Loss: 0.1491, Train Acc: 94.51%
Batch 240/2797, Loss: 0.1491, Train Acc: 94.51%
Batch 245/2797, Loss: 0.1497, Train Acc: 94.50%
Batch 250/2797, Loss: 0.1500, Train Acc: 94.48%
Batch 255/2797, Loss: 0.1502, Train Acc: 94.47%
Batch 260/2797, Loss: 0.1503, Train Acc: 94.47%
Batch 265/2797, Loss: 0.1497, Train Acc: 94.49%
Batch 270/2797, Loss: 0.1497, Train Acc: 94.51%
Batch 275/2797, Loss: 0.1495, Train Acc: 94.51%
Batch 280/2797, Loss: 0.1500, Train Acc: 94.47%
Batch 285/2797, Loss: 0.1498, Train Acc: 94.47%
Batch 290/2797, Loss: 0.1499, Train Acc: 94.47%
Batch 295/2797, Loss: 0.1498, Train Acc: 94.48%
Batch 300/2797, Loss: 0.1501, Train Acc: 94.46%
Batch 305/2797, Loss: 0.1503, Train Acc: 94.45%
Batch 310/2797, Loss: 0.1506, Train Acc: 94.44%
Batch 315/2797, Loss: 0.1502, Train Acc: 94.46%
Batch 320/2797, Loss: 0.1505, Train Acc: 94.43%
Batch 325/2797, Loss: 0.1504, Train Acc: 94.44%
Batch 330/2797, Loss: 0.1505, Train Acc: 94.43%
Batch 335/2797, Loss: 0.1505, Train Acc: 94.44%
Batch 340/2797, Loss: 0.1503, Train Acc: 94.44%
Batch 345/2797, Loss: 0.1506, Train Acc: 94.43%
Batch 350/2797, Loss: 0.1505, Train Acc: 94.43%
Batch 355/2797, Loss: 0.1506, Train Acc: 94.43%
Batch 360/2797, Loss: 0.1504, Train Acc: 94.44%
Batch 365/2797, Loss: 0.1506, Train Acc: 94.43%
Batch 370/2797, Loss: 0.1506, Train Acc: 94.44%
Batch 375/2797, Loss: 0.1511, Train Acc: 94.41%
Batch 380/2797, Loss: 0.1512, Train Acc: 94.40%
Batch 385/2797, Loss: 0.1507, Train Acc: 94.42%
Batch 390/2797, Loss: 0.1508, Train Acc: 94.42%
Batch 395/2797, Loss: 0.1505, Train Acc: 94.42%
Batch 400/2797, Loss: 0.1508, Train Acc: 94.41%
Batch 405/2797, Loss: 0.1505, Train Acc: 94.42%
Batch 410/2797, Loss: 0.1502, Train Acc: 94.43%
Batch 415/2797, Loss: 0.1502, Train Acc: 94.42%
Batch 420/2797, Loss: 0.1502, Train Acc: 94.42%
Batch 425/2797, Loss: 0.1499, Train Acc: 94.43%
Batch 430/2797, Loss: 0.1500, Train Acc: 94.42%
Batch 435/2797, Loss: 0.1501, Train Acc: 94.43%
Batch 440/2797, Loss: 0.1502, Train Acc: 94.42%
Batch 445/2797, Loss: 0.1502, Train Acc: 94.41%
Batch 450/2797, Loss: 0.1501, Train Acc: 94.42%
Batch 455/2797, Loss: 0.1505, Train Acc: 94.40%
Batch 460/2797, Loss: 0.1506, Train Acc: 94.39%
Batch 465/2797, Loss: 0.1510, Train Acc: 94.38%
Batch 470/2797, Loss: 0.1511, Train Acc: 94.38%
Batch 475/2797, Loss: 0.1512, Train Acc: 94.36%
Batch 480/2797, Loss: 0.1511, Train Acc: 94.36%
Batch 485/2797, Loss: 0.1513, Train Acc: 94.35%
Batch 490/2797, Loss: 0.1511, Train Acc: 94.36%
Batch 495/2797, Loss: 0.1511, Train Acc: 94.37%
Batch 500/2797, Loss: 0.1510, Train Acc: 94.38%
Batch 505/2797, Loss: 0.1510, Train Acc: 94.38%
Batch 510/2797, Loss: 0.1512, Train Acc: 94.37%
Batch 515/2797, Loss: 0.1510, Train Acc: 94.38%
Batch 520/2797, Loss: 0.1511, Train Acc: 94.38%
Batch 525/2797, Loss: 0.1510, Train Acc: 94.39%
Batch 530/2797, Loss: 0.1510, Train Acc: 94.39%
Batch 535/2797, Loss: 0.1511, Train Acc: 94.40%
Batch 540/2797, Loss: 0.1510, Train Acc: 94.40%
Batch 545/2797, Loss: 0.1507, Train Acc: 94.41%
Batch 550/2797, Loss: 0.1505, Train Acc: 94.41%
Batch 555/2797, Loss: 0.1504, Train Acc: 94.42%
Batch 560/2797, Loss: 0.1502, Train Acc: 94.42%
Batch 565/2797, Loss: 0.1502, Train Acc: 94.43%
Batch 570/2797, Loss: 0.1503, Train Acc: 94.43%
Batch 575/2797, Loss: 0.1503, Train Acc: 94.43%
Batch 580/2797, Loss: 0.1503, Train Acc: 94.44%
Batch 585/2797, Loss: 0.1503, Train Acc: 94.43%
Batch 590/2797, Loss: 0.1504, Train Acc: 94.42%
Batch 595/2797, Loss: 0.1503, Train Acc: 94.42%
Batch 600/2797, Loss: 0.1503, Train Acc: 94.42%
Batch 605/2797, Loss: 0.1503, Train Acc: 94.43%
Batch 610/2797, Loss: 0.1502, Train Acc: 94.43%
Batch 615/2797, Loss: 0.1503, Train Acc: 94.42%
Batch 620/2797, Loss: 0.1501, Train Acc: 94.43%
Batch 625/2797, Loss: 0.1502, Train Acc: 94.42%
Batch 630/2797, Loss: 0.1502, Train Acc: 94.43%
Batch 635/2797, Loss: 0.1502, Train Acc: 94.43%
Batch 640/2797, Loss: 0.1501, Train Acc: 94.43%
Batch 645/2797, Loss: 0.1500, Train Acc: 94.43%
Batch 650/2797, Loss: 0.1498, Train Acc: 94.44%
Batch 655/2797, Loss: 0.1497, Train Acc: 94.44%
Batch 660/2797, Loss: 0.1497, Train Acc: 94.44%
Batch 665/2797, Loss: 0.1497, Train Acc: 94.43%
Batch 670/2797, Loss: 0.1498, Train Acc: 94.44%
Batch 675/2797, Loss: 0.1498, Train Acc: 94.44%
Batch 680/2797, Loss: 0.1496, Train Acc: 94.45%
Batch 685/2797, Loss: 0.1497, Train Acc: 94.44%
Batch 690/2797, Loss: 0.1495, Train Acc: 94.45%
Batch 695/2797, Loss: 0.1496, Train Acc: 94.44%
Batch 700/2797, Loss: 0.1493, Train Acc: 94.45%
Batch 705/2797, Loss: 0.1491, Train Acc: 94.46%
Batch 710/2797, Loss: 0.1490, Train Acc: 94.47%
Batch 715/2797, Loss: 0.1489, Train Acc: 94.47%
Batch 720/2797, Loss: 0.1490, Train Acc: 94.47%
Batch 725/2797, Loss: 0.1489, Train Acc: 94.48%
Batch 730/2797, Loss: 0.1491, Train Acc: 94.47%
Batch 735/2797, Loss: 0.1490, Train Acc: 94.47%
Batch 740/2797, Loss: 0.1490, Train Acc: 94.47%
Batch 745/2797, Loss: 0.1490, Train Acc: 94.47%
Batch 750/2797, Loss: 0.1491, Train Acc: 94.47%
Batch 755/2797, Loss: 0.1492, Train Acc: 94.46%
Batch 760/2797, Loss: 0.1493, Train Acc: 94.45%
Batch 765/2797, Loss: 0.1493, Train Acc: 94.45%
Batch 770/2797, Loss: 0.1495, Train Acc: 94.44%
Batch 775/2797, Loss: 0.1493, Train Acc: 94.45%
Batch 780/2797, Loss: 0.1494, Train Acc: 94.44%
Batch 785/2797, Loss: 0.1495, Train Acc: 94.44%
Batch 790/2797, Loss: 0.1494, Train Acc: 94.45%
Batch 795/2797, Loss: 0.1495, Train Acc: 94.44%
Batch 800/2797, Loss: 0.1496, Train Acc: 94.44%
Batch 805/2797, Loss: 0.1494, Train Acc: 94.45%
Batch 810/2797, Loss: 0.1493, Train Acc: 94.45%
Batch 815/2797, Loss: 0.1492, Train Acc: 94.46%
Batch 820/2797, Loss: 0.1492, Train Acc: 94.45%
Batch 825/2797, Loss: 0.1493, Train Acc: 94.45%
Batch 830/2797, Loss: 0.1493, Train Acc: 94.45%
Batch 835/2797, Loss: 0.1496, Train Acc: 94.44%
Batch 840/2797, Loss: 0.1497, Train Acc: 94.42%
Batch 845/2797, Loss: 0.1497, Train Acc: 94.42%
Batch 850/2797, Loss: 0.1498, Train Acc: 94.41%
Batch 855/2797, Loss: 0.1498, Train Acc: 94.42%
Batch 860/2797, Loss: 0.1497, Train Acc: 94.42%
Batch 865/2797, Loss: 0.1498, Train Acc: 94.42%
Batch 870/2797, Loss: 0.1497, Train Acc: 94.42%
Batch 875/2797, Loss: 0.1497, Train Acc: 94.42%
Batch 880/2797, Loss: 0.1497, Train Acc: 94.42%
Batch 885/2797, Loss: 0.1500, Train Acc: 94.41%
Batch 890/2797, Loss: 0.1499, Train Acc: 94.42%
Batch 895/2797, Loss: 0.1498, Train Acc: 94.42%
Batch 900/2797, Loss: 0.1499, Train Acc: 94.42%
Batch 905/2797, Loss: 0.1498, Train Acc: 94.42%
Batch 910/2797, Loss: 0.1496, Train Acc: 94.43%
Batch 915/2797, Loss: 0.1495, Train Acc: 94.42%
Batch 920/2797, Loss: 0.1495, Train Acc: 94.43%
Batch 925/2797, Loss: 0.1495, Train Acc: 94.43%
Batch 930/2797, Loss: 0.1495, Train Acc: 94.43%
Batch 935/2797, Loss: 0.1497, Train Acc: 94.42%
Batch 940/2797, Loss: 0.1496, Train Acc: 94.43%
Batch 945/2797, Loss: 0.1497, Train Acc: 94.42%
Batch 950/2797, Loss: 0.1499, Train Acc: 94.42%
Batch 955/2797, Loss: 0.1497, Train Acc: 94.43%
Batch 960/2797, Loss: 0.1498, Train Acc: 94.42%
Batch 965/2797, Loss: 0.1499, Train Acc: 94.42%
Batch 970/2797, Loss: 0.1499, Train Acc: 94.42%
Batch 975/2797, Loss: 0.1499, Train Acc: 94.42%
Batch 980/2797, Loss: 0.1501, Train Acc: 94.42%
Batch 985/2797, Loss: 0.1500, Train Acc: 94.42%
Batch 990/2797, Loss: 0.1499, Train Acc: 94.42%
Batch 995/2797, Loss: 0.1499, Train Acc: 94.42%
Batch 1000/2797, Loss: 0.1499, Train Acc: 94.42%
Batch 1005/2797, Loss: 0.1498, Train Acc: 94.42%
Batch 1010/2797, Loss: 0.1497, Train Acc: 94.43%
Batch 1015/2797, Loss: 0.1497, Train Acc: 94.43%
Batch 1020/2797, Loss: 0.1498, Train Acc: 94.42%
Batch 1025/2797, Loss: 0.1498, Train Acc: 94.42%
Batch 1030/2797, Loss: 0.1498, Train Acc: 94.42%
Batch 1035/2797, Loss: 0.1499, Train Acc: 94.42%
Batch 1040/2797, Loss: 0.1499, Train Acc: 94.42%
Batch 1045/2797, Loss: 0.1500, Train Acc: 94.42%
Batch 1050/2797, Loss: 0.1502, Train Acc: 94.42%
Batch 1055/2797, Loss: 0.1501, Train Acc: 94.42%
Batch 1060/2797, Loss: 0.1500, Train Acc: 94.43%
Batch 1065/2797, Loss: 0.1500, Train Acc: 94.43%
Batch 1070/2797, Loss: 0.1499, Train Acc: 94.43%
Batch 1075/2797, Loss: 0.1499, Train Acc: 94.44%
Batch 1080/2797, Loss: 0.1497, Train Acc: 94.44%
Batch 1085/2797, Loss: 0.1498, Train Acc: 94.44%
Batch 1090/2797, Loss: 0.1500, Train Acc: 94.43%
Batch 1095/2797, Loss: 0.1500, Train Acc: 94.43%
Batch 1100/2797, Loss: 0.1500, Train Acc: 94.44%
Batch 1105/2797, Loss: 0.1500, Train Acc: 94.43%
Batch 1110/2797, Loss: 0.1499, Train Acc: 94.44%
Batch 1115/2797, Loss: 0.1500, Train Acc: 94.43%
Batch 1120/2797, Loss: 0.1501, Train Acc: 94.44%
Batch 1125/2797, Loss: 0.1501, Train Acc: 94.43%
Batch 1130/2797, Loss: 0.1502, Train Acc: 94.44%
Batch 1135/2797, Loss: 0.1502, Train Acc: 94.43%
Batch 1140/2797, Loss: 0.1501, Train Acc: 94.44%
Batch 1145/2797, Loss: 0.1500, Train Acc: 94.44%
Batch 1150/2797, Loss: 0.1501, Train Acc: 94.44%
Batch 1155/2797, Loss: 0.1500, Train Acc: 94.44%
Batch 1160/2797, Loss: 0.1499, Train Acc: 94.44%
Batch 1165/2797, Loss: 0.1498, Train Acc: 94.44%
Batch 1170/2797, Loss: 0.1498, Train Acc: 94.44%
Batch 1175/2797, Loss: 0.1497, Train Acc: 94.44%
Batch 1180/2797, Loss: 0.1498, Train Acc: 94.44%
Batch 1185/2797, Loss: 0.1498, Train Acc: 94.44%
Batch 1190/2797, Loss: 0.1497, Train Acc: 94.45%
Batch 1195/2797, Loss: 0.1496, Train Acc: 94.45%
Batch 1200/2797, Loss: 0.1497, Train Acc: 94.45%
Batch 1205/2797, Loss: 0.1497, Train Acc: 94.45%
Batch 1210/2797, Loss: 0.1496, Train Acc: 94.46%
Batch 1215/2797, Loss: 0.1497, Train Acc: 94.45%
Batch 1220/2797, Loss: 0.1496, Train Acc: 94.46%
Batch 1225/2797, Loss: 0.1496, Train Acc: 94.46%
Batch 1230/2797, Loss: 0.1495, Train Acc: 94.47%
Batch 1235/2797, Loss: 0.1494, Train Acc: 94.47%
Batch 1240/2797, Loss: 0.1495, Train Acc: 94.46%
Batch 1245/2797, Loss: 0.1495, Train Acc: 94.46%
Batch 1250/2797, Loss: 0.1495, Train Acc: 94.46%
Batch 1255/2797, Loss: 0.1495, Train Acc: 94.46%
Batch 1260/2797, Loss: 0.1495, Train Acc: 94.47%
Batch 1265/2797, Loss: 0.1494, Train Acc: 94.47%
Batch 1270/2797, Loss: 0.1495, Train Acc: 94.46%
Batch 1275/2797, Loss: 0.1493, Train Acc: 94.47%
Batch 1280/2797, Loss: 0.1493, Train Acc: 94.47%
Batch 1285/2797, Loss: 0.1492, Train Acc: 94.48%
Batch 1290/2797, Loss: 0.1491, Train Acc: 94.48%
Batch 1295/2797, Loss: 0.1492, Train Acc: 94.48%
Batch 1300/2797, Loss: 0.1491, Train Acc: 94.48%
Batch 1305/2797, Loss: 0.1491, Train Acc: 94.48%
Batch 1310/2797, Loss: 0.1491, Train Acc: 94.48%
Batch 1315/2797, Loss: 0.1491, Train Acc: 94.48%
Batch 1320/2797, Loss: 0.1492, Train Acc: 94.48%
Batch 1325/2797, Loss: 0.1491, Train Acc: 94.49%
Batch 1330/2797, Loss: 0.1491, Train Acc: 94.49%
Batch 1335/2797, Loss: 0.1492, Train Acc: 94.48%
Batch 1340/2797, Loss: 0.1491, Train Acc: 94.48%
Batch 1345/2797, Loss: 0.1490, Train Acc: 94.48%
Batch 1350/2797, Loss: 0.1490, Train Acc: 94.48%
Batch 1355/2797, Loss: 0.1490, Train Acc: 94.48%
Batch 1360/2797, Loss: 0.1491, Train Acc: 94.48%
Batch 1365/2797, Loss: 0.1491, Train Acc: 94.48%
Batch 1370/2797, Loss: 0.1491, Train Acc: 94.48%
Batch 1375/2797, Loss: 0.1491, Train Acc: 94.48%
Batch 1380/2797, Loss: 0.1491, Train Acc: 94.48%
Batch 1385/2797, Loss: 0.1491, Train Acc: 94.48%
Batch 1390/2797, Loss: 0.1493, Train Acc: 94.48%
Batch 1395/2797, Loss: 0.1493, Train Acc: 94.48%
Batch 1400/2797, Loss: 0.1492, Train Acc: 94.48%
Batch 1405/2797, Loss: 0.1492, Train Acc: 94.48%
Batch 1410/2797, Loss: 0.1492, Train Acc: 94.48%
Batch 1415/2797, Loss: 0.1493, Train Acc: 94.48%
Batch 1420/2797, Loss: 0.1493, Train Acc: 94.48%
Batch 1425/2797, Loss: 0.1494, Train Acc: 94.48%
Batch 1430/2797, Loss: 0.1495, Train Acc: 94.47%
Batch 1435/2797, Loss: 0.1494, Train Acc: 94.47%
Batch 1440/2797, Loss: 0.1494, Train Acc: 94.47%
Batch 1445/2797, Loss: 0.1494, Train Acc: 94.47%
Batch 1450/2797, Loss: 0.1494, Train Acc: 94.47%
Batch 1455/2797, Loss: 0.1495, Train Acc: 94.47%
Batch 1460/2797, Loss: 0.1494, Train Acc: 94.47%
Batch 1465/2797, Loss: 0.1495, Train Acc: 94.47%
Batch 1470/2797, Loss: 0.1495, Train Acc: 94.47%
Batch 1475/2797, Loss: 0.1494, Train Acc: 94.47%
Batch 1480/2797, Loss: 0.1494, Train Acc: 94.47%
Batch 1485/2797, Loss: 0.1493, Train Acc: 94.48%
Batch 1490/2797, Loss: 0.1493, Train Acc: 94.48%
Batch 1495/2797, Loss: 0.1493, Train Acc: 94.48%
Batch 1500/2797, Loss: 0.1492, Train Acc: 94.48%
Batch 1505/2797, Loss: 0.1492, Train Acc: 94.48%
Batch 1510/2797, Loss: 0.1493, Train Acc: 94.48%
Batch 1515/2797, Loss: 0.1494, Train Acc: 94.47%
Batch 1520/2797, Loss: 0.1493, Train Acc: 94.48%
Batch 1525/2797, Loss: 0.1494, Train Acc: 94.47%
Batch 1530/2797, Loss: 0.1495, Train Acc: 94.46%
Batch 1535/2797, Loss: 0.1494, Train Acc: 94.47%
Batch 1540/2797, Loss: 0.1493, Train Acc: 94.48%
Batch 1545/2797, Loss: 0.1493, Train Acc: 94.48%
Batch 1550/2797, Loss: 0.1493, Train Acc: 94.48%
Batch 1555/2797, Loss: 0.1492, Train Acc: 94.49%
Batch 1560/2797, Loss: 0.1492, Train Acc: 94.48%
Batch 1565/2797, Loss: 0.1492, Train Acc: 94.49%
Batch 1570/2797, Loss: 0.1492, Train Acc: 94.49%
Batch 1575/2797, Loss: 0.1492, Train Acc: 94.49%
Batch 1580/2797, Loss: 0.1492, Train Acc: 94.48%
Batch 1585/2797, Loss: 0.1494, Train Acc: 94.48%
Batch 1590/2797, Loss: 0.1492, Train Acc: 94.48%
Batch 1595/2797, Loss: 0.1493, Train Acc: 94.48%
Batch 1600/2797, Loss: 0.1494, Train Acc: 94.48%
Batch 1605/2797, Loss: 0.1494, Train Acc: 94.48%
Batch 1610/2797, Loss: 0.1495, Train Acc: 94.47%
Batch 1615/2797, Loss: 0.1495, Train Acc: 94.47%
Batch 1620/2797, Loss: 0.1496, Train Acc: 94.47%
Batch 1625/2797, Loss: 0.1495, Train Acc: 94.47%
Batch 1630/2797, Loss: 0.1496, Train Acc: 94.47%
Batch 1635/2797, Loss: 0.1496, Train Acc: 94.47%
Batch 1640/2797, Loss: 0.1496, Train Acc: 94.47%
Batch 1645/2797, Loss: 0.1497, Train Acc: 94.47%
Batch 1650/2797, Loss: 0.1499, Train Acc: 94.46%
Batch 1655/2797, Loss: 0.1499, Train Acc: 94.46%
Batch 1660/2797, Loss: 0.1500, Train Acc: 94.45%
Batch 1665/2797, Loss: 0.1500, Train Acc: 94.45%
Batch 1670/2797, Loss: 0.1499, Train Acc: 94.46%
Batch 1675/2797, Loss: 0.1500, Train Acc: 94.46%
Batch 1680/2797, Loss: 0.1499, Train Acc: 94.46%
Batch 1685/2797, Loss: 0.1500, Train Acc: 94.46%
Batch 1690/2797, Loss: 0.1500, Train Acc: 94.45%
Batch 1695/2797, Loss: 0.1500, Train Acc: 94.46%
Batch 1700/2797, Loss: 0.1500, Train Acc: 94.46%
Batch 1705/2797, Loss: 0.1500, Train Acc: 94.46%
Batch 1710/2797, Loss: 0.1500, Train Acc: 94.46%
Batch 1715/2797, Loss: 0.1500, Train Acc: 94.46%
Batch 1720/2797, Loss: 0.1501, Train Acc: 94.46%
Batch 1725/2797, Loss: 0.1500, Train Acc: 94.46%
Batch 1730/2797, Loss: 0.1501, Train Acc: 94.46%
Batch 1735/2797, Loss: 0.1501, Train Acc: 94.45%
Batch 1740/2797, Loss: 0.1500, Train Acc: 94.45%
Batch 1745/2797, Loss: 0.1499, Train Acc: 94.46%
Batch 1750/2797, Loss: 0.1500, Train Acc: 94.46%
Batch 1755/2797, Loss: 0.1499, Train Acc: 94.46%
Batch 1760/2797, Loss: 0.1499, Train Acc: 94.46%
Batch 1765/2797, Loss: 0.1498, Train Acc: 94.46%
Batch 1770/2797, Loss: 0.1498, Train Acc: 94.46%
Batch 1775/2797, Loss: 0.1499, Train Acc: 94.46%
Batch 1780/2797, Loss: 0.1498, Train Acc: 94.46%
Batch 1785/2797, Loss: 0.1498, Train Acc: 94.46%
Batch 1790/2797, Loss: 0.1498, Train Acc: 94.46%
Batch 1795/2797, Loss: 0.1499, Train Acc: 94.45%
Batch 1800/2797, Loss: 0.1499, Train Acc: 94.46%
Batch 1805/2797, Loss: 0.1498, Train Acc: 94.46%
Batch 1810/2797, Loss: 0.1498, Train Acc: 94.46%
Batch 1815/2797, Loss: 0.1498, Train Acc: 94.46%
Batch 1820/2797, Loss: 0.1497, Train Acc: 94.47%
Batch 1825/2797, Loss: 0.1498, Train Acc: 94.46%
Batch 1830/2797, Loss: 0.1498, Train Acc: 94.46%
Batch 1835/2797, Loss: 0.1498, Train Acc: 94.46%
Batch 1840/2797, Loss: 0.1498, Train Acc: 94.46%
Batch 1845/2797, Loss: 0.1497, Train Acc: 94.47%
Batch 1850/2797, Loss: 0.1498, Train Acc: 94.47%
Batch 1855/2797, Loss: 0.1497, Train Acc: 94.47%
Batch 1860/2797, Loss: 0.1497, Train Acc: 94.47%
Batch 1865/2797, Loss: 0.1496, Train Acc: 94.48%
Batch 1870/2797, Loss: 0.1496, Train Acc: 94.47%
Batch 1875/2797, Loss: 0.1496, Train Acc: 94.48%
Batch 1880/2797, Loss: 0.1495, Train Acc: 94.48%
Batch 1885/2797, Loss: 0.1497, Train Acc: 94.47%
Batch 1890/2797, Loss: 0.1496, Train Acc: 94.48%
Batch 1895/2797, Loss: 0.1496, Train Acc: 94.48%
Batch 1900/2797, Loss: 0.1496, Train Acc: 94.48%
Batch 1905/2797, Loss: 0.1496, Train Acc: 94.48%
Batch 1910/2797, Loss: 0.1497, Train Acc: 94.48%
Batch 1915/2797, Loss: 0.1496, Train Acc: 94.48%
Batch 1920/2797, Loss: 0.1496, Train Acc: 94.48%
Batch 1925/2797, Loss: 0.1496, Train Acc: 94.48%
Batch 1930/2797, Loss: 0.1495, Train Acc: 94.48%
Batch 1935/2797, Loss: 0.1495, Train Acc: 94.48%
Batch 1940/2797, Loss: 0.1496, Train Acc: 94.48%
Batch 1945/2797, Loss: 0.1495, Train Acc: 94.48%
Batch 1950/2797, Loss: 0.1495, Train Acc: 94.48%
Batch 1955/2797, Loss: 0.1494, Train Acc: 94.49%
Batch 1960/2797, Loss: 0.1495, Train Acc: 94.49%
Batch 1965/2797, Loss: 0.1495, Train Acc: 94.49%
Batch 1970/2797, Loss: 0.1495, Train Acc: 94.48%
Batch 1975/2797, Loss: 0.1495, Train Acc: 94.48%
Batch 1980/2797, Loss: 0.1495, Train Acc: 94.48%
Batch 1985/2797, Loss: 0.1496, Train Acc: 94.48%
Batch 1990/2797, Loss: 0.1496, Train Acc: 94.48%
Batch 1995/2797, Loss: 0.1496, Train Acc: 94.48%
Batch 2000/2797, Loss: 0.1496, Train Acc: 94.48%
Batch 2005/2797, Loss: 0.1496, Train Acc: 94.48%
Batch 2010/2797, Loss: 0.1495, Train Acc: 94.48%
Batch 2015/2797, Loss: 0.1495, Train Acc: 94.48%
Batch 2020/2797, Loss: 0.1495, Train Acc: 94.48%
Batch 2025/2797, Loss: 0.1495, Train Acc: 94.48%
Batch 2030/2797, Loss: 0.1495, Train Acc: 94.48%
Batch 2035/2797, Loss: 0.1495, Train Acc: 94.48%
Batch 2040/2797, Loss: 0.1495, Train Acc: 94.48%
Batch 2045/2797, Loss: 0.1495, Train Acc: 94.48%
Batch 2050/2797, Loss: 0.1495, Train Acc: 94.48%
Batch 2055/2797, Loss: 0.1495, Train Acc: 94.48%
Batch 2060/2797, Loss: 0.1495, Train Acc: 94.48%
Batch 2065/2797, Loss: 0.1494, Train Acc: 94.48%
Batch 2070/2797, Loss: 0.1494, Train Acc: 94.48%
Batch 2075/2797, Loss: 0.1494, Train Acc: 94.48%
Batch 2080/2797, Loss: 0.1495, Train Acc: 94.48%
Batch 2085/2797, Loss: 0.1496, Train Acc: 94.48%
Batch 2090/2797, Loss: 0.1495, Train Acc: 94.48%
Batch 2095/2797, Loss: 0.1496, Train Acc: 94.48%
Batch 2100/2797, Loss: 0.1495, Train Acc: 94.48%
Batch 2105/2797, Loss: 0.1495, Train Acc: 94.48%
Batch 2110/2797, Loss: 0.1495, Train Acc: 94.47%
Batch 2115/2797, Loss: 0.1496, Train Acc: 94.47%
Batch 2120/2797, Loss: 0.1495, Train Acc: 94.48%
Batch 2125/2797, Loss: 0.1496, Train Acc: 94.48%
Batch 2130/2797, Loss: 0.1496, Train Acc: 94.48%
Batch 2135/2797, Loss: 0.1496, Train Acc: 94.48%
Batch 2140/2797, Loss: 0.1496, Train Acc: 94.47%
Batch 2145/2797, Loss: 0.1496, Train Acc: 94.48%
Batch 2150/2797, Loss: 0.1495, Train Acc: 94.48%
Batch 2155/2797, Loss: 0.1496, Train Acc: 94.48%
Batch 2160/2797, Loss: 0.1496, Train Acc: 94.48%
Batch 2165/2797, Loss: 0.1495, Train Acc: 94.47%
Batch 2170/2797, Loss: 0.1495, Train Acc: 94.48%
Batch 2175/2797, Loss: 0.1495, Train Acc: 94.48%
Batch 2180/2797, Loss: 0.1496, Train Acc: 94.47%
Batch 2185/2797, Loss: 0.1496, Train Acc: 94.47%
Batch 2190/2797, Loss: 0.1496, Train Acc: 94.48%
Batch 2195/2797, Loss: 0.1497, Train Acc: 94.47%
Batch 2200/2797, Loss: 0.1496, Train Acc: 94.47%
Batch 2205/2797, Loss: 0.1496, Train Acc: 94.48%
Batch 2210/2797, Loss: 0.1496, Train Acc: 94.47%
Batch 2215/2797, Loss: 0.1496, Train Acc: 94.48%
Batch 2220/2797, Loss: 0.1496, Train Acc: 94.48%
Batch 2225/2797, Loss: 0.1495, Train Acc: 94.48%
Batch 2230/2797, Loss: 0.1495, Train Acc: 94.48%
Batch 2235/2797, Loss: 0.1495, Train Acc: 94.49%
Batch 2240/2797, Loss: 0.1495, Train Acc: 94.48%
Batch 2245/2797, Loss: 0.1495, Train Acc: 94.48%
Batch 2250/2797, Loss: 0.1495, Train Acc: 94.49%
Batch 2255/2797, Loss: 0.1495, Train Acc: 94.49%
Batch 2260/2797, Loss: 0.1495, Train Acc: 94.48%
Batch 2265/2797, Loss: 0.1495, Train Acc: 94.49%
Batch 2270/2797, Loss: 0.1496, Train Acc: 94.48%
Batch 2275/2797, Loss: 0.1496, Train Acc: 94.48%
Batch 2280/2797, Loss: 0.1496, Train Acc: 94.48%
Batch 2285/2797, Loss: 0.1496, Train Acc: 94.48%
Batch 2290/2797, Loss: 0.1497, Train Acc: 94.48%
Batch 2295/2797, Loss: 0.1497, Train Acc: 94.48%
Batch 2300/2797, Loss: 0.1497, Train Acc: 94.48%
Batch 2305/2797, Loss: 0.1497, Train Acc: 94.48%
Batch 2310/2797, Loss: 0.1497, Train Acc: 94.48%
Batch 2315/2797, Loss: 0.1498, Train Acc: 94.47%
Batch 2320/2797, Loss: 0.1497, Train Acc: 94.47%
Batch 2325/2797, Loss: 0.1498, Train Acc: 94.47%
Batch 2330/2797, Loss: 0.1498, Train Acc: 94.47%
Batch 2335/2797, Loss: 0.1498, Train Acc: 94.47%
Batch 2340/2797, Loss: 0.1498, Train Acc: 94.47%
Batch 2345/2797, Loss: 0.1498, Train Acc: 94.47%
Batch 2350/2797, Loss: 0.1498, Train Acc: 94.47%
Batch 2355/2797, Loss: 0.1498, Train Acc: 94.47%
Batch 2360/2797, Loss: 0.1497, Train Acc: 94.47%
Batch 2365/2797, Loss: 0.1497, Train Acc: 94.47%
Batch 2370/2797, Loss: 0.1497, Train Acc: 94.47%
Batch 2375/2797, Loss: 0.1497, Train Acc: 94.47%
Batch 2380/2797, Loss: 0.1498, Train Acc: 94.46%
Batch 2385/2797, Loss: 0.1497, Train Acc: 94.46%
Batch 2390/2797, Loss: 0.1497, Train Acc: 94.46%
Batch 2395/2797, Loss: 0.1498, Train Acc: 94.46%
Batch 2400/2797, Loss: 0.1497, Train Acc: 94.46%
Batch 2405/2797, Loss: 0.1498, Train Acc: 94.46%
Batch 2410/2797, Loss: 0.1498, Train Acc: 94.46%
Batch 2415/2797, Loss: 0.1498, Train Acc: 94.46%
Batch 2420/2797, Loss: 0.1498, Train Acc: 94.46%
Batch 2425/2797, Loss: 0.1498, Train Acc: 94.46%
Batch 2430/2797, Loss: 0.1498, Train Acc: 94.46%
Batch 2435/2797, Loss: 0.1498, Train Acc: 94.46%
Batch 2440/2797, Loss: 0.1498, Train Acc: 94.46%
Batch 2445/2797, Loss: 0.1497, Train Acc: 94.46%
Batch 2450/2797, Loss: 0.1498, Train Acc: 94.46%
Batch 2455/2797, Loss: 0.1498, Train Acc: 94.46%
Batch 2460/2797, Loss: 0.1497, Train Acc: 94.46%
Batch 2465/2797, Loss: 0.1497, Train Acc: 94.46%
Batch 2470/2797, Loss: 0.1497, Train Acc: 94.46%
Batch 2475/2797, Loss: 0.1497, Train Acc: 94.46%
Batch 2480/2797, Loss: 0.1497, Train Acc: 94.47%
Batch 2485/2797, Loss: 0.1497, Train Acc: 94.47%
Batch 2490/2797, Loss: 0.1497, Train Acc: 94.47%
Batch 2495/2797, Loss: 0.1497, Train Acc: 94.47%
Batch 2500/2797, Loss: 0.1497, Train Acc: 94.47%
Batch 2505/2797, Loss: 0.1497, Train Acc: 94.47%
Batch 2510/2797, Loss: 0.1496, Train Acc: 94.47%
Batch 2515/2797, Loss: 0.1496, Train Acc: 94.47%
Batch 2520/2797, Loss: 0.1496, Train Acc: 94.47%
Batch 2525/2797, Loss: 0.1497, Train Acc: 94.47%
Batch 2530/2797, Loss: 0.1496, Train Acc: 94.47%
Batch 2535/2797, Loss: 0.1496, Train Acc: 94.47%
Batch 2540/2797, Loss: 0.1496, Train Acc: 94.47%
Batch 2545/2797, Loss: 0.1496, Train Acc: 94.47%
Batch 2550/2797, Loss: 0.1497, Train Acc: 94.47%
Batch 2555/2797, Loss: 0.1497, Train Acc: 94.47%
Batch 2560/2797, Loss: 0.1497, Train Acc: 94.46%
Batch 2565/2797, Loss: 0.1497, Train Acc: 94.46%
Batch 2570/2797, Loss: 0.1497, Train Acc: 94.46%
Batch 2575/2797, Loss: 0.1498, Train Acc: 94.45%
Batch 2580/2797, Loss: 0.1498, Train Acc: 94.45%
Batch 2585/2797, Loss: 0.1498, Train Acc: 94.45%
Batch 2590/2797, Loss: 0.1499, Train Acc: 94.45%
Batch 2595/2797, Loss: 0.1499, Train Acc: 94.45%
Batch 2600/2797, Loss: 0.1499, Train Acc: 94.45%
Batch 2605/2797, Loss: 0.1499, Train Acc: 94.45%
Batch 2610/2797, Loss: 0.1499, Train Acc: 94.45%
Batch 2615/2797, Loss: 0.1499, Train Acc: 94.45%
Batch 2620/2797, Loss: 0.1499, Train Acc: 94.45%
Batch 2625/2797, Loss: 0.1499, Train Acc: 94.45%
Batch 2630/2797, Loss: 0.1499, Train Acc: 94.45%
Batch 2635/2797, Loss: 0.1500, Train Acc: 94.45%
Batch 2640/2797, Loss: 0.1500, Train Acc: 94.45%
Batch 2645/2797, Loss: 0.1499, Train Acc: 94.45%
Batch 2650/2797, Loss: 0.1499, Train Acc: 94.45%
Batch 2655/2797, Loss: 0.1499, Train Acc: 94.45%
Batch 2660/2797, Loss: 0.1499, Train Acc: 94.45%
Batch 2665/2797, Loss: 0.1499, Train Acc: 94.45%
Batch 2670/2797, Loss: 0.1499, Train Acc: 94.45%
Batch 2675/2797, Loss: 0.1498, Train Acc: 94.45%
Batch 2680/2797, Loss: 0.1498, Train Acc: 94.45%
Batch 2685/2797, Loss: 0.1498, Train Acc: 94.46%
Batch 2690/2797, Loss: 0.1498, Train Acc: 94.46%
Batch 2695/2797, Loss: 0.1498, Train Acc: 94.46%
Batch 2700/2797, Loss: 0.1498, Train Acc: 94.46%
Batch 2705/2797, Loss: 0.1498, Train Acc: 94.46%
Batch 2710/2797, Loss: 0.1498, Train Acc: 94.46%
Batch 2715/2797, Loss: 0.1498, Train Acc: 94.46%
Batch 2720/2797, Loss: 0.1498, Train Acc: 94.46%
Batch 2725/2797, Loss: 0.1497, Train Acc: 94.46%
Batch 2730/2797, Loss: 0.1498, Train Acc: 94.46%
Batch 2735/2797, Loss: 0.1498, Train Acc: 94.46%
Batch 2740/2797, Loss: 0.1499, Train Acc: 94.45%
Batch 2745/2797, Loss: 0.1498, Train Acc: 94.46%
Batch 2750/2797, Loss: 0.1498, Train Acc: 94.45%
Batch 2755/2797, Loss: 0.1498, Train Acc: 94.45%
Batch 2760/2797, Loss: 0.1498, Train Acc: 94.46%
Batch 2765/2797, Loss: 0.1498, Train Acc: 94.46%
Batch 2770/2797, Loss: 0.1498, Train Acc: 94.46%
Batch 2775/2797, Loss: 0.1498, Train Acc: 94.45%
Batch 2780/2797, Loss: 0.1497, Train Acc: 94.46%
Batch 2785/2797, Loss: 0.1497, Train Acc: 94.46%
Batch 2790/2797, Loss: 0.1497, Train Acc: 94.46%
Batch 2795/2797, Loss: 0.1497, Train Acc: 94.45%
Learning Rate: 0.000000
Epoch 19/50, Average Loss: 0.1498, Train Accuracy: 94.45%
Validation Batch 5/700, Validation Accuracy: 95.47%
Validation Batch 10/700, Validation Accuracy: 94.38%
Validation Batch 15/700, Validation Accuracy: 93.44%
Validation Batch 20/700, Validation Accuracy: 92.93%
Validation Batch 25/700, Validation Accuracy: 92.69%
Validation Batch 30/700, Validation Accuracy: 92.55%
Validation Batch 35/700, Validation Accuracy: 92.59%
Validation Batch 40/700, Validation Accuracy: 92.66%
Validation Batch 45/700, Validation Accuracy: 92.59%
Validation Batch 50/700, Validation Accuracy: 92.80%
Validation Batch 55/700, Validation Accuracy: 92.80%
Validation Batch 60/700, Validation Accuracy: 92.64%
Validation Batch 65/700, Validation Accuracy: 92.62%
Validation Batch 70/700, Validation Accuracy: 92.69%
Validation Batch 75/700, Validation Accuracy: 92.64%
Validation Batch 80/700, Validation Accuracy: 92.52%
Validation Batch 85/700, Validation Accuracy: 92.49%
Validation Batch 90/700, Validation Accuracy: 92.50%
Validation Batch 95/700, Validation Accuracy: 92.41%
Validation Batch 100/700, Validation Accuracy: 92.37%
Validation Batch 105/700, Validation Accuracy: 92.37%
Validation Batch 110/700, Validation Accuracy: 92.34%
Validation Batch 115/700, Validation Accuracy: 92.33%
Validation Batch 120/700, Validation Accuracy: 92.32%
Validation Batch 125/700, Validation Accuracy: 92.31%
Validation Batch 130/700, Validation Accuracy: 92.30%
Validation Batch 135/700, Validation Accuracy: 92.25%
Validation Batch 140/700, Validation Accuracy: 92.20%
Validation Batch 145/700, Validation Accuracy: 92.19%
Validation Batch 150/700, Validation Accuracy: 92.24%
Validation Batch 155/700, Validation Accuracy: 92.25%
Validation Batch 160/700, Validation Accuracy: 92.24%
Validation Batch 165/700, Validation Accuracy: 92.25%
Validation Batch 170/700, Validation Accuracy: 92.27%
Validation Batch 175/700, Validation Accuracy: 92.31%
Validation Batch 180/700, Validation Accuracy: 92.32%
Validation Batch 185/700, Validation Accuracy: 92.33%
Validation Batch 190/700, Validation Accuracy: 92.33%
Validation Batch 195/700, Validation Accuracy: 92.34%
Validation Batch 200/700, Validation Accuracy: 92.33%
Validation Batch 205/700, Validation Accuracy: 92.32%
Validation Batch 210/700, Validation Accuracy: 92.33%
Validation Batch 215/700, Validation Accuracy: 92.36%
Validation Batch 220/700, Validation Accuracy: 92.32%
Validation Batch 225/700, Validation Accuracy: 92.35%
Validation Batch 230/700, Validation Accuracy: 92.33%
Validation Batch 235/700, Validation Accuracy: 92.30%
Validation Batch 240/700, Validation Accuracy: 92.31%
Validation Batch 245/700, Validation Accuracy: 92.33%
Validation Batch 250/700, Validation Accuracy: 92.31%
Validation Batch 255/700, Validation Accuracy: 92.34%
Validation Batch 260/700, Validation Accuracy: 92.34%
Validation Batch 265/700, Validation Accuracy: 92.29%
Validation Batch 270/700, Validation Accuracy: 92.30%
Validation Batch 275/700, Validation Accuracy: 92.30%
Validation Batch 280/700, Validation Accuracy: 92.29%
Validation Batch 285/700, Validation Accuracy: 92.31%
Validation Batch 290/700, Validation Accuracy: 92.33%
Validation Batch 295/700, Validation Accuracy: 92.36%
Validation Batch 300/700, Validation Accuracy: 92.36%
Validation Batch 305/700, Validation Accuracy: 92.37%
Validation Batch 310/700, Validation Accuracy: 92.34%
Validation Batch 315/700, Validation Accuracy: 92.34%
Validation Batch 320/700, Validation Accuracy: 92.33%
Validation Batch 325/700, Validation Accuracy: 92.33%
Validation Batch 330/700, Validation Accuracy: 92.32%
Validation Batch 335/700, Validation Accuracy: 92.33%
Validation Batch 340/700, Validation Accuracy: 92.35%
Validation Batch 345/700, Validation Accuracy: 92.34%
Validation Batch 350/700, Validation Accuracy: 92.35%
Validation Batch 355/700, Validation Accuracy: 92.32%
Validation Batch 360/700, Validation Accuracy: 92.34%
Validation Batch 365/700, Validation Accuracy: 92.33%
Validation Batch 370/700, Validation Accuracy: 92.33%
Validation Batch 375/700, Validation Accuracy: 92.33%
Validation Batch 380/700, Validation Accuracy: 92.33%
Validation Batch 385/700, Validation Accuracy: 92.33%
Validation Batch 390/700, Validation Accuracy: 92.29%
Validation Batch 395/700, Validation Accuracy: 92.27%
Validation Batch 400/700, Validation Accuracy: 92.27%
Validation Batch 405/700, Validation Accuracy: 92.24%
Validation Batch 410/700, Validation Accuracy: 92.24%
Validation Batch 415/700, Validation Accuracy: 92.24%
Validation Batch 420/700, Validation Accuracy: 92.25%
Validation Batch 425/700, Validation Accuracy: 92.25%
Validation Batch 430/700, Validation Accuracy: 92.27%
Validation Batch 435/700, Validation Accuracy: 92.27%
Validation Batch 440/700, Validation Accuracy: 92.27%
Validation Batch 445/700, Validation Accuracy: 92.28%
Validation Batch 450/700, Validation Accuracy: 92.31%
Validation Batch 455/700, Validation Accuracy: 92.32%
Validation Batch 460/700, Validation Accuracy: 92.33%
Validation Batch 465/700, Validation Accuracy: 92.33%
Validation Batch 470/700, Validation Accuracy: 92.33%
Validation Batch 475/700, Validation Accuracy: 92.30%
Validation Batch 480/700, Validation Accuracy: 92.32%
Validation Batch 485/700, Validation Accuracy: 92.33%
Validation Batch 490/700, Validation Accuracy: 92.34%
Validation Batch 495/700, Validation Accuracy: 92.34%
Validation Batch 500/700, Validation Accuracy: 92.33%
Validation Batch 505/700, Validation Accuracy: 92.35%
Validation Batch 510/700, Validation Accuracy: 92.34%
