Batch 1430/2797, Loss: 0.2671, Train Acc: 90.08%
Batch 1435/2797, Loss: 0.2669, Train Acc: 90.09%
Batch 1440/2797, Loss: 0.2670, Train Acc: 90.09%
Batch 1445/2797, Loss: 0.2669, Train Acc: 90.09%
Batch 1450/2797, Loss: 0.2670, Train Acc: 90.09%
Batch 1455/2797, Loss: 0.2669, Train Acc: 90.09%
Batch 1460/2797, Loss: 0.2669, Train Acc: 90.09%
Batch 1465/2797, Loss: 0.2668, Train Acc: 90.09%
Batch 1470/2797, Loss: 0.2669, Train Acc: 90.09%
Batch 1475/2797, Loss: 0.2668, Train Acc: 90.09%
Batch 1480/2797, Loss: 0.2668, Train Acc: 90.09%
Batch 1485/2797, Loss: 0.2668, Train Acc: 90.09%
Batch 1490/2797, Loss: 0.2668, Train Acc: 90.09%
Batch 1495/2797, Loss: 0.2668, Train Acc: 90.09%
Batch 1500/2797, Loss: 0.2667, Train Acc: 90.09%
Batch 1505/2797, Loss: 0.2668, Train Acc: 90.09%
Batch 1510/2797, Loss: 0.2668, Train Acc: 90.09%
Batch 1515/2797, Loss: 0.2669, Train Acc: 90.08%
Batch 1520/2797, Loss: 0.2668, Train Acc: 90.09%
Batch 1525/2797, Loss: 0.2667, Train Acc: 90.09%
Batch 1530/2797, Loss: 0.2668, Train Acc: 90.09%
Batch 1535/2797, Loss: 0.2668, Train Acc: 90.08%
Batch 1540/2797, Loss: 0.2668, Train Acc: 90.08%
Batch 1545/2797, Loss: 0.2668, Train Acc: 90.08%
Batch 1550/2797, Loss: 0.2668, Train Acc: 90.08%
Batch 1555/2797, Loss: 0.2667, Train Acc: 90.08%
Batch 1560/2797, Loss: 0.2666, Train Acc: 90.09%
Batch 1565/2797, Loss: 0.2666, Train Acc: 90.08%
Batch 1570/2797, Loss: 0.2665, Train Acc: 90.08%
Batch 1575/2797, Loss: 0.2665, Train Acc: 90.08%
Batch 1580/2797, Loss: 0.2665, Train Acc: 90.08%
Batch 1585/2797, Loss: 0.2665, Train Acc: 90.08%
Batch 1590/2797, Loss: 0.2664, Train Acc: 90.08%
Batch 1595/2797, Loss: 0.2665, Train Acc: 90.08%
Batch 1600/2797, Loss: 0.2665, Train Acc: 90.08%
Batch 1605/2797, Loss: 0.2666, Train Acc: 90.07%
Batch 1610/2797, Loss: 0.2666, Train Acc: 90.07%
Batch 1615/2797, Loss: 0.2666, Train Acc: 90.08%
Batch 1620/2797, Loss: 0.2665, Train Acc: 90.08%
Batch 1625/2797, Loss: 0.2664, Train Acc: 90.08%
Batch 1630/2797, Loss: 0.2663, Train Acc: 90.09%
Batch 1635/2797, Loss: 0.2663, Train Acc: 90.09%
Batch 1640/2797, Loss: 0.2663, Train Acc: 90.09%
Batch 1645/2797, Loss: 0.2663, Train Acc: 90.09%
Batch 1650/2797, Loss: 0.2662, Train Acc: 90.09%
Batch 1655/2797, Loss: 0.2662, Train Acc: 90.09%
Batch 1660/2797, Loss: 0.2662, Train Acc: 90.09%
Batch 1665/2797, Loss: 0.2662, Train Acc: 90.09%
Batch 1670/2797, Loss: 0.2661, Train Acc: 90.10%
Batch 1675/2797, Loss: 0.2660, Train Acc: 90.10%
Batch 1680/2797, Loss: 0.2660, Train Acc: 90.10%
Batch 1685/2797, Loss: 0.2661, Train Acc: 90.09%
Batch 1690/2797, Loss: 0.2662, Train Acc: 90.09%
Batch 1695/2797, Loss: 0.2661, Train Acc: 90.09%
Batch 1700/2797, Loss: 0.2661, Train Acc: 90.09%
Batch 1705/2797, Loss: 0.2662, Train Acc: 90.09%
Batch 1710/2797, Loss: 0.2661, Train Acc: 90.09%
Batch 1715/2797, Loss: 0.2662, Train Acc: 90.08%
Batch 1720/2797, Loss: 0.2662, Train Acc: 90.09%
Batch 1725/2797, Loss: 0.2662, Train Acc: 90.08%
Batch 1730/2797, Loss: 0.2662, Train Acc: 90.08%
Batch 1735/2797, Loss: 0.2661, Train Acc: 90.08%
Batch 1740/2797, Loss: 0.2661, Train Acc: 90.08%
Batch 1745/2797, Loss: 0.2661, Train Acc: 90.08%
Batch 1750/2797, Loss: 0.2661, Train Acc: 90.08%
Batch 1755/2797, Loss: 0.2662, Train Acc: 90.08%
Batch 1760/2797, Loss: 0.2661, Train Acc: 90.08%
Batch 1765/2797, Loss: 0.2662, Train Acc: 90.08%
Batch 1770/2797, Loss: 0.2661, Train Acc: 90.08%
Batch 1775/2797, Loss: 0.2660, Train Acc: 90.08%
Batch 1780/2797, Loss: 0.2658, Train Acc: 90.09%
Batch 1785/2797, Loss: 0.2659, Train Acc: 90.09%
Batch 1790/2797, Loss: 0.2659, Train Acc: 90.10%
Batch 1795/2797, Loss: 0.2658, Train Acc: 90.10%
Batch 1800/2797, Loss: 0.2659, Train Acc: 90.10%
Batch 1805/2797, Loss: 0.2659, Train Acc: 90.09%
Batch 1810/2797, Loss: 0.2659, Train Acc: 90.10%
Batch 1815/2797, Loss: 0.2658, Train Acc: 90.10%
Batch 1820/2797, Loss: 0.2659, Train Acc: 90.10%
Batch 1825/2797, Loss: 0.2659, Train Acc: 90.10%
Batch 1830/2797, Loss: 0.2658, Train Acc: 90.11%
Batch 1835/2797, Loss: 0.2658, Train Acc: 90.10%
Batch 1840/2797, Loss: 0.2657, Train Acc: 90.11%
Batch 1845/2797, Loss: 0.2657, Train Acc: 90.10%
Batch 1850/2797, Loss: 0.2657, Train Acc: 90.10%
Batch 1855/2797, Loss: 0.2656, Train Acc: 90.11%
Batch 1860/2797, Loss: 0.2657, Train Acc: 90.11%
Batch 1865/2797, Loss: 0.2655, Train Acc: 90.11%
Batch 1870/2797, Loss: 0.2656, Train Acc: 90.11%
Batch 1875/2797, Loss: 0.2655, Train Acc: 90.11%
Batch 1880/2797, Loss: 0.2656, Train Acc: 90.11%
Batch 1885/2797, Loss: 0.2656, Train Acc: 90.11%
Batch 1890/2797, Loss: 0.2656, Train Acc: 90.11%
Batch 1895/2797, Loss: 0.2656, Train Acc: 90.11%
Batch 1900/2797, Loss: 0.2656, Train Acc: 90.11%
Batch 1905/2797, Loss: 0.2655, Train Acc: 90.11%
Batch 1910/2797, Loss: 0.2656, Train Acc: 90.11%
Batch 1915/2797, Loss: 0.2657, Train Acc: 90.10%
Batch 1920/2797, Loss: 0.2657, Train Acc: 90.10%
Batch 1925/2797, Loss: 0.2657, Train Acc: 90.10%
Batch 1930/2797, Loss: 0.2657, Train Acc: 90.10%
Batch 1935/2797, Loss: 0.2658, Train Acc: 90.09%
Batch 1940/2797, Loss: 0.2658, Train Acc: 90.09%
Batch 1945/2797, Loss: 0.2659, Train Acc: 90.09%
Batch 1950/2797, Loss: 0.2658, Train Acc: 90.10%
Batch 1955/2797, Loss: 0.2658, Train Acc: 90.10%
Batch 1960/2797, Loss: 0.2658, Train Acc: 90.10%
Batch 1965/2797, Loss: 0.2657, Train Acc: 90.10%
Batch 1970/2797, Loss: 0.2656, Train Acc: 90.10%
Batch 1975/2797, Loss: 0.2657, Train Acc: 90.10%
Batch 1980/2797, Loss: 0.2657, Train Acc: 90.10%
Batch 1985/2797, Loss: 0.2656, Train Acc: 90.10%
Batch 1990/2797, Loss: 0.2657, Train Acc: 90.10%
Batch 1995/2797, Loss: 0.2657, Train Acc: 90.10%
Batch 2000/2797, Loss: 0.2657, Train Acc: 90.10%
Batch 2005/2797, Loss: 0.2656, Train Acc: 90.10%
Batch 2010/2797, Loss: 0.2658, Train Acc: 90.09%
Batch 2015/2797, Loss: 0.2658, Train Acc: 90.09%
Batch 2020/2797, Loss: 0.2658, Train Acc: 90.09%
Batch 2025/2797, Loss: 0.2658, Train Acc: 90.08%
Batch 2030/2797, Loss: 0.2658, Train Acc: 90.08%
Batch 2035/2797, Loss: 0.2657, Train Acc: 90.09%
Batch 2040/2797, Loss: 0.2656, Train Acc: 90.10%
Batch 2045/2797, Loss: 0.2656, Train Acc: 90.10%
Batch 2050/2797, Loss: 0.2656, Train Acc: 90.10%
Batch 2055/2797, Loss: 0.2656, Train Acc: 90.10%
Batch 2060/2797, Loss: 0.2655, Train Acc: 90.10%
Batch 2065/2797, Loss: 0.2655, Train Acc: 90.10%
Batch 2070/2797, Loss: 0.2654, Train Acc: 90.11%
Batch 2075/2797, Loss: 0.2653, Train Acc: 90.12%
Batch 2080/2797, Loss: 0.2653, Train Acc: 90.12%
Batch 2085/2797, Loss: 0.2653, Train Acc: 90.11%
Batch 2090/2797, Loss: 0.2653, Train Acc: 90.11%
Batch 2095/2797, Loss: 0.2653, Train Acc: 90.11%
Batch 2100/2797, Loss: 0.2652, Train Acc: 90.11%
Batch 2105/2797, Loss: 0.2652, Train Acc: 90.11%
Batch 2110/2797, Loss: 0.2651, Train Acc: 90.12%
Batch 2115/2797, Loss: 0.2651, Train Acc: 90.11%
Batch 2120/2797, Loss: 0.2652, Train Acc: 90.11%
Batch 2125/2797, Loss: 0.2652, Train Acc: 90.11%
Batch 2130/2797, Loss: 0.2652, Train Acc: 90.11%
Batch 2135/2797, Loss: 0.2651, Train Acc: 90.12%
Batch 2140/2797, Loss: 0.2650, Train Acc: 90.12%
Batch 2145/2797, Loss: 0.2649, Train Acc: 90.12%
Batch 2150/2797, Loss: 0.2648, Train Acc: 90.13%
Batch 2155/2797, Loss: 0.2648, Train Acc: 90.13%
Batch 2160/2797, Loss: 0.2648, Train Acc: 90.13%
Batch 2165/2797, Loss: 0.2648, Train Acc: 90.13%
Batch 2170/2797, Loss: 0.2649, Train Acc: 90.12%
Batch 2175/2797, Loss: 0.2649, Train Acc: 90.12%
Batch 2180/2797, Loss: 0.2650, Train Acc: 90.12%
Batch 2185/2797, Loss: 0.2650, Train Acc: 90.12%
Batch 2190/2797, Loss: 0.2649, Train Acc: 90.12%
Batch 2195/2797, Loss: 0.2650, Train Acc: 90.12%
Batch 2200/2797, Loss: 0.2650, Train Acc: 90.12%
Batch 2205/2797, Loss: 0.2650, Train Acc: 90.12%
Batch 2210/2797, Loss: 0.2649, Train Acc: 90.12%
Batch 2215/2797, Loss: 0.2648, Train Acc: 90.12%
Batch 2220/2797, Loss: 0.2648, Train Acc: 90.12%
Batch 2225/2797, Loss: 0.2648, Train Acc: 90.12%
Batch 2230/2797, Loss: 0.2648, Train Acc: 90.12%
Batch 2235/2797, Loss: 0.2649, Train Acc: 90.12%
Batch 2240/2797, Loss: 0.2648, Train Acc: 90.12%
Batch 2245/2797, Loss: 0.2647, Train Acc: 90.13%
Batch 2250/2797, Loss: 0.2647, Train Acc: 90.13%
Batch 2255/2797, Loss: 0.2647, Train Acc: 90.13%
Batch 2260/2797, Loss: 0.2646, Train Acc: 90.13%
Batch 2265/2797, Loss: 0.2645, Train Acc: 90.14%
Batch 2270/2797, Loss: 0.2645, Train Acc: 90.14%
Batch 2275/2797, Loss: 0.2646, Train Acc: 90.13%
Batch 2280/2797, Loss: 0.2645, Train Acc: 90.13%
Batch 2285/2797, Loss: 0.2646, Train Acc: 90.13%
Batch 2290/2797, Loss: 0.2646, Train Acc: 90.13%
Batch 2295/2797, Loss: 0.2647, Train Acc: 90.13%
Batch 2300/2797, Loss: 0.2647, Train Acc: 90.13%
Batch 2305/2797, Loss: 0.2646, Train Acc: 90.13%
Batch 2310/2797, Loss: 0.2646, Train Acc: 90.13%
Batch 2315/2797, Loss: 0.2646, Train Acc: 90.13%
Batch 2320/2797, Loss: 0.2646, Train Acc: 90.14%
Batch 2325/2797, Loss: 0.2646, Train Acc: 90.14%
Batch 2330/2797, Loss: 0.2646, Train Acc: 90.13%
Batch 2335/2797, Loss: 0.2647, Train Acc: 90.13%
Batch 2340/2797, Loss: 0.2647, Train Acc: 90.13%
Batch 2345/2797, Loss: 0.2647, Train Acc: 90.13%
Batch 2350/2797, Loss: 0.2647, Train Acc: 90.13%
Batch 2355/2797, Loss: 0.2647, Train Acc: 90.13%
Batch 2360/2797, Loss: 0.2648, Train Acc: 90.13%
Batch 2365/2797, Loss: 0.2648, Train Acc: 90.13%
Batch 2370/2797, Loss: 0.2649, Train Acc: 90.13%
Batch 2375/2797, Loss: 0.2648, Train Acc: 90.13%
Batch 2380/2797, Loss: 0.2649, Train Acc: 90.13%
Batch 2385/2797, Loss: 0.2649, Train Acc: 90.13%
Batch 2390/2797, Loss: 0.2649, Train Acc: 90.13%
Batch 2395/2797, Loss: 0.2649, Train Acc: 90.13%
Batch 2400/2797, Loss: 0.2649, Train Acc: 90.13%
Batch 2405/2797, Loss: 0.2648, Train Acc: 90.14%
Batch 2410/2797, Loss: 0.2648, Train Acc: 90.14%
Batch 2415/2797, Loss: 0.2649, Train Acc: 90.13%
Batch 2420/2797, Loss: 0.2649, Train Acc: 90.13%
Batch 2425/2797, Loss: 0.2649, Train Acc: 90.13%
Batch 2430/2797, Loss: 0.2649, Train Acc: 90.14%
Batch 2435/2797, Loss: 0.2649, Train Acc: 90.13%
Batch 2440/2797, Loss: 0.2649, Train Acc: 90.13%
Batch 2445/2797, Loss: 0.2649, Train Acc: 90.14%
Batch 2450/2797, Loss: 0.2649, Train Acc: 90.13%
Batch 2455/2797, Loss: 0.2649, Train Acc: 90.13%
Batch 2460/2797, Loss: 0.2649, Train Acc: 90.13%
Batch 2465/2797, Loss: 0.2650, Train Acc: 90.13%
Batch 2470/2797, Loss: 0.2651, Train Acc: 90.12%
Batch 2475/2797, Loss: 0.2651, Train Acc: 90.13%
Batch 2480/2797, Loss: 0.2650, Train Acc: 90.13%
Batch 2485/2797, Loss: 0.2651, Train Acc: 90.12%
Batch 2490/2797, Loss: 0.2650, Train Acc: 90.13%
Batch 2495/2797, Loss: 0.2651, Train Acc: 90.13%
Batch 2500/2797, Loss: 0.2650, Train Acc: 90.13%
Batch 2505/2797, Loss: 0.2650, Train Acc: 90.13%
Batch 2510/2797, Loss: 0.2650, Train Acc: 90.13%
Batch 2515/2797, Loss: 0.2650, Train Acc: 90.13%
Batch 2520/2797, Loss: 0.2649, Train Acc: 90.13%
Batch 2525/2797, Loss: 0.2648, Train Acc: 90.14%
Batch 2530/2797, Loss: 0.2648, Train Acc: 90.14%
Batch 2535/2797, Loss: 0.2647, Train Acc: 90.14%
Batch 2540/2797, Loss: 0.2647, Train Acc: 90.14%
Batch 2545/2797, Loss: 0.2647, Train Acc: 90.14%
Batch 2550/2797, Loss: 0.2647, Train Acc: 90.14%
Batch 2555/2797, Loss: 0.2647, Train Acc: 90.15%
Batch 2560/2797, Loss: 0.2646, Train Acc: 90.15%
Batch 2565/2797, Loss: 0.2646, Train Acc: 90.15%
Batch 2570/2797, Loss: 0.2645, Train Acc: 90.15%
Batch 2575/2797, Loss: 0.2645, Train Acc: 90.15%
Batch 2580/2797, Loss: 0.2645, Train Acc: 90.15%
Batch 2585/2797, Loss: 0.2644, Train Acc: 90.15%
Batch 2590/2797, Loss: 0.2645, Train Acc: 90.15%
Batch 2595/2797, Loss: 0.2645, Train Acc: 90.16%
Batch 2600/2797, Loss: 0.2644, Train Acc: 90.16%
Batch 2605/2797, Loss: 0.2644, Train Acc: 90.16%
Batch 2610/2797, Loss: 0.2644, Train Acc: 90.16%
Batch 2615/2797, Loss: 0.2643, Train Acc: 90.16%
Batch 2620/2797, Loss: 0.2643, Train Acc: 90.15%
Batch 2625/2797, Loss: 0.2643, Train Acc: 90.16%
Batch 2630/2797, Loss: 0.2643, Train Acc: 90.16%
Batch 2635/2797, Loss: 0.2643, Train Acc: 90.15%
Batch 2640/2797, Loss: 0.2643, Train Acc: 90.15%
Batch 2645/2797, Loss: 0.2643, Train Acc: 90.15%
Batch 2650/2797, Loss: 0.2643, Train Acc: 90.15%
Batch 2655/2797, Loss: 0.2642, Train Acc: 90.16%
Batch 2660/2797, Loss: 0.2642, Train Acc: 90.16%
Batch 2665/2797, Loss: 0.2640, Train Acc: 90.16%
Batch 2670/2797, Loss: 0.2639, Train Acc: 90.17%
Batch 2675/2797, Loss: 0.2640, Train Acc: 90.17%
Batch 2680/2797, Loss: 0.2639, Train Acc: 90.17%
Batch 2685/2797, Loss: 0.2638, Train Acc: 90.17%
Batch 2690/2797, Loss: 0.2637, Train Acc: 90.18%
Batch 2695/2797, Loss: 0.2637, Train Acc: 90.18%
Batch 2700/2797, Loss: 0.2636, Train Acc: 90.18%
Batch 2705/2797, Loss: 0.2636, Train Acc: 90.18%
Batch 2710/2797, Loss: 0.2636, Train Acc: 90.18%
Batch 2715/2797, Loss: 0.2635, Train Acc: 90.18%
Batch 2720/2797, Loss: 0.2636, Train Acc: 90.18%
Batch 2725/2797, Loss: 0.2635, Train Acc: 90.18%
Batch 2730/2797, Loss: 0.2635, Train Acc: 90.18%
Batch 2735/2797, Loss: 0.2635, Train Acc: 90.18%
Batch 2740/2797, Loss: 0.2634, Train Acc: 90.18%
Batch 2745/2797, Loss: 0.2634, Train Acc: 90.18%
Batch 2750/2797, Loss: 0.2634, Train Acc: 90.18%
Batch 2755/2797, Loss: 0.2634, Train Acc: 90.18%
Batch 2760/2797, Loss: 0.2634, Train Acc: 90.18%
Batch 2765/2797, Loss: 0.2634, Train Acc: 90.18%
Batch 2770/2797, Loss: 0.2633, Train Acc: 90.19%
Batch 2775/2797, Loss: 0.2633, Train Acc: 90.19%
Batch 2780/2797, Loss: 0.2633, Train Acc: 90.18%
Batch 2785/2797, Loss: 0.2632, Train Acc: 90.19%
Batch 2790/2797, Loss: 0.2632, Train Acc: 90.19%
Batch 2795/2797, Loss: 0.2633, Train Acc: 90.19%
Learning Rate: 0.001600
Epoch 7/50, Average Loss: 0.2634, Train Accuracy: 90.19%
Validation Batch 5/700, Validation Accuracy: 90.94%
Validation Batch 10/700, Validation Accuracy: 90.08%
Validation Batch 15/700, Validation Accuracy: 89.01%
Validation Batch 20/700, Validation Accuracy: 88.87%
Validation Batch 25/700, Validation Accuracy: 88.72%
Validation Batch 30/700, Validation Accuracy: 88.49%
Validation Batch 35/700, Validation Accuracy: 88.48%
Validation Batch 40/700, Validation Accuracy: 88.46%
Validation Batch 45/700, Validation Accuracy: 88.49%
Validation Batch 50/700, Validation Accuracy: 88.53%
Validation Batch 55/700, Validation Accuracy: 88.54%
Validation Batch 60/700, Validation Accuracy: 88.54%
Validation Batch 65/700, Validation Accuracy: 88.45%
Validation Batch 70/700, Validation Accuracy: 88.45%
Validation Batch 75/700, Validation Accuracy: 88.39%
Validation Batch 80/700, Validation Accuracy: 88.27%
Validation Batch 85/700, Validation Accuracy: 88.20%
Validation Batch 90/700, Validation Accuracy: 88.20%
Validation Batch 95/700, Validation Accuracy: 88.28%
Validation Batch 100/700, Validation Accuracy: 88.24%
Validation Batch 105/700, Validation Accuracy: 88.22%
Validation Batch 110/700, Validation Accuracy: 88.19%
Validation Batch 115/700, Validation Accuracy: 88.19%
Validation Batch 120/700, Validation Accuracy: 88.24%
Validation Batch 125/700, Validation Accuracy: 88.24%
Validation Batch 130/700, Validation Accuracy: 88.19%
Validation Batch 135/700, Validation Accuracy: 88.17%
Validation Batch 140/700, Validation Accuracy: 88.16%
Validation Batch 145/700, Validation Accuracy: 88.18%
Validation Batch 150/700, Validation Accuracy: 88.30%
Validation Batch 155/700, Validation Accuracy: 88.34%
Validation Batch 160/700, Validation Accuracy: 88.32%
Validation Batch 165/700, Validation Accuracy: 88.29%
Validation Batch 170/700, Validation Accuracy: 88.32%
Validation Batch 175/700, Validation Accuracy: 88.34%
Validation Batch 180/700, Validation Accuracy: 88.34%
Validation Batch 185/700, Validation Accuracy: 88.32%
Validation Batch 190/700, Validation Accuracy: 88.30%
Validation Batch 195/700, Validation Accuracy: 88.31%
Validation Batch 200/700, Validation Accuracy: 88.33%
Validation Batch 205/700, Validation Accuracy: 88.34%
Validation Batch 210/700, Validation Accuracy: 88.37%
Validation Batch 215/700, Validation Accuracy: 88.42%
Validation Batch 220/700, Validation Accuracy: 88.44%
Validation Batch 225/700, Validation Accuracy: 88.47%
Validation Batch 230/700, Validation Accuracy: 88.45%
Validation Batch 235/700, Validation Accuracy: 88.44%
Validation Batch 240/700, Validation Accuracy: 88.45%
Validation Batch 245/700, Validation Accuracy: 88.48%
Validation Batch 250/700, Validation Accuracy: 88.46%
Validation Batch 255/700, Validation Accuracy: 88.47%
Validation Batch 260/700, Validation Accuracy: 88.46%
Validation Batch 265/700, Validation Accuracy: 88.48%
Validation Batch 270/700, Validation Accuracy: 88.45%
Validation Batch 275/700, Validation Accuracy: 88.42%
Validation Batch 280/700, Validation Accuracy: 88.44%
Validation Batch 285/700, Validation Accuracy: 88.46%
Validation Batch 290/700, Validation Accuracy: 88.48%
Validation Batch 295/700, Validation Accuracy: 88.48%
Validation Batch 300/700, Validation Accuracy: 88.50%
Validation Batch 305/700, Validation Accuracy: 88.47%
Validation Batch 310/700, Validation Accuracy: 88.44%
Validation Batch 315/700, Validation Accuracy: 88.46%
Validation Batch 320/700, Validation Accuracy: 88.43%
Validation Batch 325/700, Validation Accuracy: 88.44%
Validation Batch 330/700, Validation Accuracy: 88.42%
Validation Batch 335/700, Validation Accuracy: 88.42%
Validation Batch 340/700, Validation Accuracy: 88.44%
Validation Batch 345/700, Validation Accuracy: 88.44%
Validation Batch 350/700, Validation Accuracy: 88.43%
Validation Batch 355/700, Validation Accuracy: 88.43%
Validation Batch 360/700, Validation Accuracy: 88.45%
Validation Batch 365/700, Validation Accuracy: 88.43%
Validation Batch 370/700, Validation Accuracy: 88.45%
Validation Batch 375/700, Validation Accuracy: 88.47%
Validation Batch 380/700, Validation Accuracy: 88.49%
Validation Batch 385/700, Validation Accuracy: 88.47%
Validation Batch 390/700, Validation Accuracy: 88.44%
Validation Batch 395/700, Validation Accuracy: 88.45%
Validation Batch 400/700, Validation Accuracy: 88.46%
Validation Batch 405/700, Validation Accuracy: 88.45%
Validation Batch 410/700, Validation Accuracy: 88.46%
Validation Batch 415/700, Validation Accuracy: 88.45%
Validation Batch 420/700, Validation Accuracy: 88.46%
Validation Batch 425/700, Validation Accuracy: 88.46%
Validation Batch 430/700, Validation Accuracy: 88.46%
Validation Batch 435/700, Validation Accuracy: 88.46%
Validation Batch 440/700, Validation Accuracy: 88.47%
Validation Batch 445/700, Validation Accuracy: 88.47%
Validation Batch 450/700, Validation Accuracy: 88.48%
Validation Batch 455/700, Validation Accuracy: 88.50%
Validation Batch 460/700, Validation Accuracy: 88.51%
Validation Batch 465/700, Validation Accuracy: 88.50%
Validation Batch 470/700, Validation Accuracy: 88.51%
Validation Batch 475/700, Validation Accuracy: 88.48%
Validation Batch 480/700, Validation Accuracy: 88.49%
Validation Batch 485/700, Validation Accuracy: 88.49%
Validation Batch 490/700, Validation Accuracy: 88.49%
Validation Batch 495/700, Validation Accuracy: 88.50%
Validation Batch 500/700, Validation Accuracy: 88.48%
Validation Batch 505/700, Validation Accuracy: 88.49%
Validation Batch 510/700, Validation Accuracy: 88.51%
Validation Batch 515/700, Validation Accuracy: 88.49%
Validation Batch 520/700, Validation Accuracy: 88.49%
Validation Batch 525/700, Validation Accuracy: 88.48%
Validation Batch 530/700, Validation Accuracy: 88.47%
Validation Batch 535/700, Validation Accuracy: 88.46%
Validation Batch 540/700, Validation Accuracy: 88.44%
Validation Batch 545/700, Validation Accuracy: 88.44%
Validation Batch 550/700, Validation Accuracy: 88.46%
Validation Batch 555/700, Validation Accuracy: 88.46%
Validation Batch 560/700, Validation Accuracy: 88.46%
Validation Batch 565/700, Validation Accuracy: 88.45%
Validation Batch 570/700, Validation Accuracy: 88.46%
Validation Batch 575/700, Validation Accuracy: 88.47%
Validation Batch 580/700, Validation Accuracy: 88.47%
Validation Batch 585/700, Validation Accuracy: 88.48%
Validation Batch 590/700, Validation Accuracy: 88.47%
Validation Batch 595/700, Validation Accuracy: 88.47%
Validation Batch 600/700, Validation Accuracy: 88.47%
Validation Batch 605/700, Validation Accuracy: 88.48%
Validation Batch 610/700, Validation Accuracy: 88.48%
Validation Batch 615/700, Validation Accuracy: 88.46%
Validation Batch 620/700, Validation Accuracy: 88.45%
Validation Batch 625/700, Validation Accuracy: 88.45%
Validation Batch 630/700, Validation Accuracy: 88.44%
Validation Batch 635/700, Validation Accuracy: 88.44%
Validation Batch 640/700, Validation Accuracy: 88.43%
Validation Batch 645/700, Validation Accuracy: 88.44%
Validation Batch 650/700, Validation Accuracy: 88.44%
Validation Batch 655/700, Validation Accuracy: 88.45%
Validation Batch 660/700, Validation Accuracy: 88.46%
Validation Batch 665/700, Validation Accuracy: 88.46%
Validation Batch 670/700, Validation Accuracy: 88.46%
Validation Batch 675/700, Validation Accuracy: 88.47%
Validation Batch 680/700, Validation Accuracy: 88.46%
Validation Batch 685/700, Validation Accuracy: 88.45%
Validation Batch 690/700, Validation Accuracy: 88.45%
Validation Batch 695/700, Validation Accuracy: 88.45%
Validation Batch 700/700, Validation Accuracy: 88.45%
Validation Accuracy for Epoch 7: 88.45%
New Best Model Saved! Validation Accuracy: 88.45%

--- Epoch 8/50 ---
Batch 5/2797, Loss: 0.2519, Train Acc: 90.47%
Batch 10/2797, Loss: 0.2337, Train Acc: 91.56%
Batch 15/2797, Loss: 0.2418, Train Acc: 91.72%
Batch 20/2797, Loss: 0.2368, Train Acc: 91.72%
Batch 25/2797, Loss: 0.2419, Train Acc: 91.62%
Batch 30/2797, Loss: 0.2422, Train Acc: 91.38%
Batch 35/2797, Loss: 0.2541, Train Acc: 90.89%
Batch 40/2797, Loss: 0.2510, Train Acc: 90.92%
Batch 45/2797, Loss: 0.2534, Train Acc: 90.75%
Batch 50/2797, Loss: 0.2482, Train Acc: 91.03%
Batch 55/2797, Loss: 0.2500, Train Acc: 90.88%
Batch 60/2797, Loss: 0.2507, Train Acc: 90.83%
Batch 65/2797, Loss: 0.2478, Train Acc: 90.93%
Batch 70/2797, Loss: 0.2465, Train Acc: 90.94%
Batch 75/2797, Loss: 0.2465, Train Acc: 90.90%
Batch 80/2797, Loss: 0.2444, Train Acc: 90.99%
Batch 85/2797, Loss: 0.2473, Train Acc: 90.88%
Batch 90/2797, Loss: 0.2483, Train Acc: 90.82%
Batch 95/2797, Loss: 0.2483, Train Acc: 90.81%
Batch 100/2797, Loss: 0.2483, Train Acc: 90.78%
Batch 105/2797, Loss: 0.2478, Train Acc: 90.80%
Batch 110/2797, Loss: 0.2476, Train Acc: 90.75%
Batch 115/2797, Loss: 0.2469, Train Acc: 90.79%
Batch 120/2797, Loss: 0.2459, Train Acc: 90.83%
Batch 125/2797, Loss: 0.2477, Train Acc: 90.79%
Batch 130/2797, Loss: 0.2472, Train Acc: 90.80%
Batch 135/2797, Loss: 0.2466, Train Acc: 90.80%
Batch 140/2797, Loss: 0.2468, Train Acc: 90.76%
Batch 145/2797, Loss: 0.2467, Train Acc: 90.75%
Batch 150/2797, Loss: 0.2462, Train Acc: 90.77%
Batch 155/2797, Loss: 0.2473, Train Acc: 90.70%
Batch 160/2797, Loss: 0.2467, Train Acc: 90.74%
Batch 165/2797, Loss: 0.2477, Train Acc: 90.68%
Batch 170/2797, Loss: 0.2473, Train Acc: 90.68%
Batch 175/2797, Loss: 0.2475, Train Acc: 90.67%
Batch 180/2797, Loss: 0.2471, Train Acc: 90.69%
Batch 185/2797, Loss: 0.2470, Train Acc: 90.72%
Batch 190/2797, Loss: 0.2467, Train Acc: 90.74%
Batch 195/2797, Loss: 0.2471, Train Acc: 90.73%
Batch 200/2797, Loss: 0.2483, Train Acc: 90.68%
Batch 205/2797, Loss: 0.2488, Train Acc: 90.65%
Batch 210/2797, Loss: 0.2488, Train Acc: 90.68%
Batch 215/2797, Loss: 0.2482, Train Acc: 90.69%
Batch 220/2797, Loss: 0.2485, Train Acc: 90.68%
Batch 225/2797, Loss: 0.2482, Train Acc: 90.68%
Batch 230/2797, Loss: 0.2487, Train Acc: 90.67%
Batch 235/2797, Loss: 0.2484, Train Acc: 90.67%
Batch 240/2797, Loss: 0.2487, Train Acc: 90.67%
Batch 245/2797, Loss: 0.2488, Train Acc: 90.70%
Batch 250/2797, Loss: 0.2488, Train Acc: 90.72%
Batch 255/2797, Loss: 0.2490, Train Acc: 90.71%
Batch 260/2797, Loss: 0.2491, Train Acc: 90.70%
Batch 265/2797, Loss: 0.2483, Train Acc: 90.72%
Batch 270/2797, Loss: 0.2478, Train Acc: 90.73%
Batch 275/2797, Loss: 0.2486, Train Acc: 90.66%
Batch 280/2797, Loss: 0.2488, Train Acc: 90.65%
Batch 285/2797, Loss: 0.2493, Train Acc: 90.66%
Batch 290/2797, Loss: 0.2490, Train Acc: 90.68%
Batch 295/2797, Loss: 0.2495, Train Acc: 90.64%
Batch 300/2797, Loss: 0.2495, Train Acc: 90.62%
Batch 305/2797, Loss: 0.2499, Train Acc: 90.60%
Batch 310/2797, Loss: 0.2500, Train Acc: 90.60%
Batch 315/2797, Loss: 0.2503, Train Acc: 90.59%
Batch 320/2797, Loss: 0.2502, Train Acc: 90.60%
Batch 325/2797, Loss: 0.2507, Train Acc: 90.60%
Batch 330/2797, Loss: 0.2501, Train Acc: 90.62%
Batch 335/2797, Loss: 0.2504, Train Acc: 90.61%
Batch 340/2797, Loss: 0.2511, Train Acc: 90.59%
Batch 345/2797, Loss: 0.2512, Train Acc: 90.57%
Batch 350/2797, Loss: 0.2512, Train Acc: 90.59%
Batch 355/2797, Loss: 0.2512, Train Acc: 90.58%
Batch 360/2797, Loss: 0.2507, Train Acc: 90.59%
Batch 365/2797, Loss: 0.2512, Train Acc: 90.58%
Batch 370/2797, Loss: 0.2513, Train Acc: 90.57%
Batch 375/2797, Loss: 0.2514, Train Acc: 90.56%
Batch 380/2797, Loss: 0.2515, Train Acc: 90.55%
Batch 385/2797, Loss: 0.2515, Train Acc: 90.57%
Batch 390/2797, Loss: 0.2515, Train Acc: 90.56%
Batch 395/2797, Loss: 0.2511, Train Acc: 90.58%
Batch 400/2797, Loss: 0.2513, Train Acc: 90.58%
Batch 405/2797, Loss: 0.2512, Train Acc: 90.59%
Batch 410/2797, Loss: 0.2514, Train Acc: 90.57%
Batch 415/2797, Loss: 0.2512, Train Acc: 90.58%
Batch 420/2797, Loss: 0.2516, Train Acc: 90.55%
Batch 425/2797, Loss: 0.2517, Train Acc: 90.55%
Batch 430/2797, Loss: 0.2520, Train Acc: 90.53%
Batch 435/2797, Loss: 0.2521, Train Acc: 90.55%
Batch 440/2797, Loss: 0.2522, Train Acc: 90.55%
Batch 445/2797, Loss: 0.2523, Train Acc: 90.55%
Batch 450/2797, Loss: 0.2520, Train Acc: 90.56%
Batch 455/2797, Loss: 0.2527, Train Acc: 90.53%
Batch 460/2797, Loss: 0.2530, Train Acc: 90.52%
Batch 465/2797, Loss: 0.2530, Train Acc: 90.52%
Batch 470/2797, Loss: 0.2533, Train Acc: 90.51%
Batch 475/2797, Loss: 0.2533, Train Acc: 90.52%
Batch 480/2797, Loss: 0.2529, Train Acc: 90.54%
Batch 485/2797, Loss: 0.2525, Train Acc: 90.56%
Batch 490/2797, Loss: 0.2524, Train Acc: 90.57%
Batch 495/2797, Loss: 0.2524, Train Acc: 90.57%
Batch 500/2797, Loss: 0.2519, Train Acc: 90.59%
Batch 505/2797, Loss: 0.2520, Train Acc: 90.59%
Batch 510/2797, Loss: 0.2521, Train Acc: 90.58%
Batch 515/2797, Loss: 0.2521, Train Acc: 90.57%
Batch 520/2797, Loss: 0.2525, Train Acc: 90.57%
Batch 525/2797, Loss: 0.2525, Train Acc: 90.57%
Batch 530/2797, Loss: 0.2524, Train Acc: 90.57%
Batch 535/2797, Loss: 0.2528, Train Acc: 90.56%
Batch 540/2797, Loss: 0.2532, Train Acc: 90.56%
Batch 545/2797, Loss: 0.2533, Train Acc: 90.56%
Batch 550/2797, Loss: 0.2533, Train Acc: 90.56%
Batch 555/2797, Loss: 0.2531, Train Acc: 90.56%
Batch 560/2797, Loss: 0.2526, Train Acc: 90.58%
Batch 565/2797, Loss: 0.2528, Train Acc: 90.58%
Batch 570/2797, Loss: 0.2528, Train Acc: 90.58%
Batch 575/2797, Loss: 0.2529, Train Acc: 90.57%
Batch 580/2797, Loss: 0.2534, Train Acc: 90.55%
Batch 585/2797, Loss: 0.2535, Train Acc: 90.54%
Batch 590/2797, Loss: 0.2537, Train Acc: 90.53%
Batch 595/2797, Loss: 0.2536, Train Acc: 90.52%
Batch 600/2797, Loss: 0.2534, Train Acc: 90.54%
Batch 605/2797, Loss: 0.2536, Train Acc: 90.53%
Batch 610/2797, Loss: 0.2536, Train Acc: 90.53%
Batch 615/2797, Loss: 0.2538, Train Acc: 90.51%
Batch 620/2797, Loss: 0.2537, Train Acc: 90.52%
Batch 625/2797, Loss: 0.2537, Train Acc: 90.53%
Batch 630/2797, Loss: 0.2534, Train Acc: 90.55%
Batch 635/2797, Loss: 0.2532, Train Acc: 90.55%
Batch 640/2797, Loss: 0.2532, Train Acc: 90.56%
Batch 645/2797, Loss: 0.2532, Train Acc: 90.56%
Batch 650/2797, Loss: 0.2530, Train Acc: 90.56%
Batch 655/2797, Loss: 0.2528, Train Acc: 90.56%
Batch 660/2797, Loss: 0.2528, Train Acc: 90.56%
Batch 665/2797, Loss: 0.2526, Train Acc: 90.56%
Batch 670/2797, Loss: 0.2524, Train Acc: 90.57%
Batch 675/2797, Loss: 0.2523, Train Acc: 90.56%
Batch 680/2797, Loss: 0.2521, Train Acc: 90.57%
Batch 685/2797, Loss: 0.2521, Train Acc: 90.57%
Batch 690/2797, Loss: 0.2522, Train Acc: 90.56%
Batch 695/2797, Loss: 0.2523, Train Acc: 90.57%
Batch 700/2797, Loss: 0.2521, Train Acc: 90.58%
Batch 705/2797, Loss: 0.2523, Train Acc: 90.59%
Batch 710/2797, Loss: 0.2521, Train Acc: 90.60%
Batch 715/2797, Loss: 0.2519, Train Acc: 90.61%
Batch 720/2797, Loss: 0.2519, Train Acc: 90.61%
Batch 725/2797, Loss: 0.2520, Train Acc: 90.60%
Batch 730/2797, Loss: 0.2519, Train Acc: 90.61%
Batch 735/2797, Loss: 0.2520, Train Acc: 90.62%
Batch 740/2797, Loss: 0.2518, Train Acc: 90.62%
Batch 745/2797, Loss: 0.2517, Train Acc: 90.62%
Batch 750/2797, Loss: 0.2522, Train Acc: 90.61%
Batch 755/2797, Loss: 0.2521, Train Acc: 90.61%
Batch 760/2797, Loss: 0.2521, Train Acc: 90.60%
Batch 765/2797, Loss: 0.2520, Train Acc: 90.61%
Batch 770/2797, Loss: 0.2517, Train Acc: 90.62%
Batch 775/2797, Loss: 0.2517, Train Acc: 90.62%
Batch 780/2797, Loss: 0.2517, Train Acc: 90.62%
Batch 785/2797, Loss: 0.2515, Train Acc: 90.62%
Batch 790/2797, Loss: 0.2517, Train Acc: 90.62%
Batch 795/2797, Loss: 0.2518, Train Acc: 90.61%
Batch 800/2797, Loss: 0.2517, Train Acc: 90.61%
Batch 805/2797, Loss: 0.2517, Train Acc: 90.61%
Batch 810/2797, Loss: 0.2516, Train Acc: 90.61%
Batch 815/2797, Loss: 0.2517, Train Acc: 90.60%
Batch 820/2797, Loss: 0.2518, Train Acc: 90.60%
Batch 825/2797, Loss: 0.2517, Train Acc: 90.61%
Batch 830/2797, Loss: 0.2516, Train Acc: 90.62%
Batch 835/2797, Loss: 0.2517, Train Acc: 90.62%
Batch 840/2797, Loss: 0.2517, Train Acc: 90.62%
Batch 845/2797, Loss: 0.2517, Train Acc: 90.63%
Batch 850/2797, Loss: 0.2517, Train Acc: 90.64%
Batch 855/2797, Loss: 0.2516, Train Acc: 90.64%
Batch 860/2797, Loss: 0.2517, Train Acc: 90.64%
Batch 865/2797, Loss: 0.2518, Train Acc: 90.63%
Batch 870/2797, Loss: 0.2516, Train Acc: 90.64%
Batch 875/2797, Loss: 0.2517, Train Acc: 90.63%
Batch 880/2797, Loss: 0.2518, Train Acc: 90.63%
Batch 885/2797, Loss: 0.2519, Train Acc: 90.62%
Batch 890/2797, Loss: 0.2518, Train Acc: 90.63%
Batch 895/2797, Loss: 0.2517, Train Acc: 90.63%
Batch 900/2797, Loss: 0.2518, Train Acc: 90.63%
Batch 905/2797, Loss: 0.2518, Train Acc: 90.64%
Batch 910/2797, Loss: 0.2516, Train Acc: 90.65%
Batch 915/2797, Loss: 0.2517, Train Acc: 90.64%
Batch 920/2797, Loss: 0.2515, Train Acc: 90.65%
Batch 925/2797, Loss: 0.2518, Train Acc: 90.64%
Batch 930/2797, Loss: 0.2519, Train Acc: 90.63%
Batch 935/2797, Loss: 0.2518, Train Acc: 90.64%
Batch 940/2797, Loss: 0.2520, Train Acc: 90.63%
Batch 945/2797, Loss: 0.2519, Train Acc: 90.63%
Batch 950/2797, Loss: 0.2518, Train Acc: 90.64%
Batch 955/2797, Loss: 0.2517, Train Acc: 90.64%
Batch 960/2797, Loss: 0.2518, Train Acc: 90.63%
Batch 965/2797, Loss: 0.2517, Train Acc: 90.63%
Batch 970/2797, Loss: 0.2517, Train Acc: 90.63%
Batch 975/2797, Loss: 0.2517, Train Acc: 90.62%
Batch 980/2797, Loss: 0.2517, Train Acc: 90.62%
Batch 985/2797, Loss: 0.2518, Train Acc: 90.62%
Batch 990/2797, Loss: 0.2517, Train Acc: 90.62%
Batch 995/2797, Loss: 0.2519, Train Acc: 90.61%
Batch 1000/2797, Loss: 0.2523, Train Acc: 90.59%
Batch 1005/2797, Loss: 0.2523, Train Acc: 90.59%
Batch 1010/2797, Loss: 0.2525, Train Acc: 90.59%
Batch 1015/2797, Loss: 0.2526, Train Acc: 90.58%
Batch 1020/2797, Loss: 0.2525, Train Acc: 90.59%
Batch 1025/2797, Loss: 0.2523, Train Acc: 90.59%
Batch 1030/2797, Loss: 0.2525, Train Acc: 90.57%
Batch 1035/2797, Loss: 0.2526, Train Acc: 90.57%
Batch 1040/2797, Loss: 0.2528, Train Acc: 90.56%
Batch 1045/2797, Loss: 0.2526, Train Acc: 90.57%
Batch 1050/2797, Loss: 0.2525, Train Acc: 90.58%
Batch 1055/2797, Loss: 0.2522, Train Acc: 90.59%
Batch 1060/2797, Loss: 0.2523, Train Acc: 90.59%
Batch 1065/2797, Loss: 0.2521, Train Acc: 90.60%
Batch 1070/2797, Loss: 0.2521, Train Acc: 90.60%
Batch 1075/2797, Loss: 0.2522, Train Acc: 90.60%
Batch 1080/2797, Loss: 0.2524, Train Acc: 90.59%
Batch 1085/2797, Loss: 0.2525, Train Acc: 90.59%
Batch 1090/2797, Loss: 0.2524, Train Acc: 90.59%
Batch 1095/2797, Loss: 0.2523, Train Acc: 90.60%
Batch 1100/2797, Loss: 0.2523, Train Acc: 90.60%
Batch 1105/2797, Loss: 0.2521, Train Acc: 90.60%
Batch 1110/2797, Loss: 0.2523, Train Acc: 90.59%
Batch 1115/2797, Loss: 0.2525, Train Acc: 90.59%
Batch 1120/2797, Loss: 0.2523, Train Acc: 90.59%
Batch 1125/2797, Loss: 0.2525, Train Acc: 90.59%
Batch 1130/2797, Loss: 0.2524, Train Acc: 90.59%
Batch 1135/2797, Loss: 0.2524, Train Acc: 90.59%
Batch 1140/2797, Loss: 0.2525, Train Acc: 90.59%
Batch 1145/2797, Loss: 0.2525, Train Acc: 90.58%
Batch 1150/2797, Loss: 0.2526, Train Acc: 90.58%
Batch 1155/2797, Loss: 0.2524, Train Acc: 90.59%
Batch 1160/2797, Loss: 0.2526, Train Acc: 90.59%
Batch 1165/2797, Loss: 0.2527, Train Acc: 90.58%
Batch 1170/2797, Loss: 0.2525, Train Acc: 90.59%
Batch 1175/2797, Loss: 0.2525, Train Acc: 90.59%
Batch 1180/2797, Loss: 0.2526, Train Acc: 90.59%
Batch 1185/2797, Loss: 0.2526, Train Acc: 90.59%
Batch 1190/2797, Loss: 0.2526, Train Acc: 90.59%
Batch 1195/2797, Loss: 0.2526, Train Acc: 90.58%
Batch 1200/2797, Loss: 0.2526, Train Acc: 90.58%
Batch 1205/2797, Loss: 0.2527, Train Acc: 90.58%
Batch 1210/2797, Loss: 0.2526, Train Acc: 90.58%
Batch 1215/2797, Loss: 0.2526, Train Acc: 90.59%
Batch 1220/2797, Loss: 0.2524, Train Acc: 90.59%
Batch 1225/2797, Loss: 0.2523, Train Acc: 90.59%
Batch 1230/2797, Loss: 0.2522, Train Acc: 90.59%
Batch 1235/2797, Loss: 0.2524, Train Acc: 90.58%
Batch 1240/2797, Loss: 0.2524, Train Acc: 90.58%
Batch 1245/2797, Loss: 0.2523, Train Acc: 90.58%
Batch 1250/2797, Loss: 0.2524, Train Acc: 90.58%
Batch 1255/2797, Loss: 0.2524, Train Acc: 90.58%
Batch 1260/2797, Loss: 0.2523, Train Acc: 90.59%
Batch 1265/2797, Loss: 0.2524, Train Acc: 90.59%
Batch 1270/2797, Loss: 0.2523, Train Acc: 90.59%
Batch 1275/2797, Loss: 0.2522, Train Acc: 90.59%
Batch 1280/2797, Loss: 0.2521, Train Acc: 90.59%
Batch 1285/2797, Loss: 0.2520, Train Acc: 90.59%
Batch 1290/2797, Loss: 0.2519, Train Acc: 90.60%
Batch 1295/2797, Loss: 0.2517, Train Acc: 90.61%
Batch 1300/2797, Loss: 0.2516, Train Acc: 90.61%
Batch 1305/2797, Loss: 0.2516, Train Acc: 90.60%
Batch 1310/2797, Loss: 0.2518, Train Acc: 90.60%
Batch 1315/2797, Loss: 0.2518, Train Acc: 90.60%
Batch 1320/2797, Loss: 0.2519, Train Acc: 90.59%
Batch 1325/2797, Loss: 0.2518, Train Acc: 90.59%
Batch 1330/2797, Loss: 0.2519, Train Acc: 90.59%
Batch 1335/2797, Loss: 0.2520, Train Acc: 90.58%
Batch 1340/2797, Loss: 0.2521, Train Acc: 90.57%
Batch 1345/2797, Loss: 0.2521, Train Acc: 90.58%
Batch 1350/2797, Loss: 0.2519, Train Acc: 90.59%
Batch 1355/2797, Loss: 0.2520, Train Acc: 90.59%
Batch 1360/2797, Loss: 0.2520, Train Acc: 90.58%
Batch 1365/2797, Loss: 0.2521, Train Acc: 90.58%
Batch 1370/2797, Loss: 0.2523, Train Acc: 90.56%
Batch 1375/2797, Loss: 0.2523, Train Acc: 90.56%
Batch 1380/2797, Loss: 0.2523, Train Acc: 90.56%
Batch 1385/2797, Loss: 0.2523, Train Acc: 90.56%
Batch 1390/2797, Loss: 0.2523, Train Acc: 90.57%
Batch 1395/2797, Loss: 0.2521, Train Acc: 90.57%
Batch 1400/2797, Loss: 0.2522, Train Acc: 90.57%
Batch 1405/2797, Loss: 0.2522, Train Acc: 90.57%
Batch 1410/2797, Loss: 0.2523, Train Acc: 90.57%
Batch 1415/2797, Loss: 0.2525, Train Acc: 90.56%
Batch 1420/2797, Loss: 0.2525, Train Acc: 90.56%
Batch 1425/2797, Loss: 0.2525, Train Acc: 90.56%
Batch 1430/2797, Loss: 0.2525, Train Acc: 90.56%
Batch 1435/2797, Loss: 0.2526, Train Acc: 90.56%
Batch 1440/2797, Loss: 0.2525, Train Acc: 90.57%
Batch 1445/2797, Loss: 0.2525, Train Acc: 90.57%
Batch 1450/2797, Loss: 0.2525, Train Acc: 90.57%
Batch 1455/2797, Loss: 0.2524, Train Acc: 90.57%
Batch 1460/2797, Loss: 0.2524, Train Acc: 90.58%
Batch 1465/2797, Loss: 0.2524, Train Acc: 90.58%
Batch 1470/2797, Loss: 0.2525, Train Acc: 90.57%
Batch 1475/2797, Loss: 0.2525, Train Acc: 90.57%
Batch 1480/2797, Loss: 0.2525, Train Acc: 90.57%
Batch 1485/2797, Loss: 0.2525, Train Acc: 90.56%
Batch 1490/2797, Loss: 0.2524, Train Acc: 90.57%
Batch 1495/2797, Loss: 0.2524, Train Acc: 90.57%
Batch 1500/2797, Loss: 0.2524, Train Acc: 90.57%
Batch 1505/2797, Loss: 0.2524, Train Acc: 90.57%
Batch 1510/2797, Loss: 0.2524, Train Acc: 90.57%
Batch 1515/2797, Loss: 0.2524, Train Acc: 90.56%
Batch 1520/2797, Loss: 0.2525, Train Acc: 90.56%
Batch 1525/2797, Loss: 0.2526, Train Acc: 90.55%
Batch 1530/2797, Loss: 0.2526, Train Acc: 90.55%
Batch 1535/2797, Loss: 0.2525, Train Acc: 90.55%
Batch 1540/2797, Loss: 0.2526, Train Acc: 90.55%
Batch 1545/2797, Loss: 0.2526, Train Acc: 90.55%
Batch 1550/2797, Loss: 0.2526, Train Acc: 90.55%
Batch 1555/2797, Loss: 0.2525, Train Acc: 90.55%
Batch 1560/2797, Loss: 0.2527, Train Acc: 90.55%
Batch 1565/2797, Loss: 0.2527, Train Acc: 90.54%
Batch 1570/2797, Loss: 0.2526, Train Acc: 90.55%
Batch 1575/2797, Loss: 0.2527, Train Acc: 90.54%
Batch 1580/2797, Loss: 0.2527, Train Acc: 90.54%
Batch 1585/2797, Loss: 0.2527, Train Acc: 90.54%
Batch 1590/2797, Loss: 0.2527, Train Acc: 90.54%
Batch 1595/2797, Loss: 0.2527, Train Acc: 90.54%
Batch 1600/2797, Loss: 0.2526, Train Acc: 90.54%
Batch 1605/2797, Loss: 0.2525, Train Acc: 90.55%
Batch 1610/2797, Loss: 0.2526, Train Acc: 90.55%
Batch 1615/2797, Loss: 0.2525, Train Acc: 90.55%
Batch 1620/2797, Loss: 0.2525, Train Acc: 90.55%
Batch 1625/2797, Loss: 0.2525, Train Acc: 90.55%
Batch 1630/2797, Loss: 0.2527, Train Acc: 90.55%
Batch 1635/2797, Loss: 0.2528, Train Acc: 90.54%
Batch 1640/2797, Loss: 0.2528, Train Acc: 90.54%
Batch 1645/2797, Loss: 0.2529, Train Acc: 90.54%
Batch 1650/2797, Loss: 0.2528, Train Acc: 90.54%
Batch 1655/2797, Loss: 0.2528, Train Acc: 90.54%
Batch 1660/2797, Loss: 0.2528, Train Acc: 90.53%
Batch 1665/2797, Loss: 0.2528, Train Acc: 90.53%
Batch 1670/2797, Loss: 0.2529, Train Acc: 90.52%
Batch 1675/2797, Loss: 0.2530, Train Acc: 90.52%
Batch 1680/2797, Loss: 0.2530, Train Acc: 90.52%
Batch 1685/2797, Loss: 0.2532, Train Acc: 90.51%
Batch 1690/2797, Loss: 0.2531, Train Acc: 90.51%
Batch 1695/2797, Loss: 0.2531, Train Acc: 90.52%
Batch 1700/2797, Loss: 0.2532, Train Acc: 90.52%
Batch 1705/2797, Loss: 0.2534, Train Acc: 90.51%
Batch 1710/2797, Loss: 0.2533, Train Acc: 90.51%
Batch 1715/2797, Loss: 0.2532, Train Acc: 90.51%
Batch 1720/2797, Loss: 0.2532, Train Acc: 90.51%
Batch 1725/2797, Loss: 0.2532, Train Acc: 90.51%
Batch 1730/2797, Loss: 0.2533, Train Acc: 90.51%
Batch 1735/2797, Loss: 0.2538, Train Acc: 90.50%
Batch 1740/2797, Loss: 0.2538, Train Acc: 90.50%
Batch 1745/2797, Loss: 0.2538, Train Acc: 90.50%
Batch 1750/2797, Loss: 0.2539, Train Acc: 90.50%
Batch 1755/2797, Loss: 0.2540, Train Acc: 90.49%
Batch 1760/2797, Loss: 0.2541, Train Acc: 90.49%
Batch 1765/2797, Loss: 0.2542, Train Acc: 90.49%
Batch 1770/2797, Loss: 0.2541, Train Acc: 90.49%
Batch 1775/2797, Loss: 0.2541, Train Acc: 90.49%
Batch 1780/2797, Loss: 0.2540, Train Acc: 90.49%
Batch 1785/2797, Loss: 0.2538, Train Acc: 90.50%
Batch 1790/2797, Loss: 0.2538, Train Acc: 90.50%
Batch 1795/2797, Loss: 0.2538, Train Acc: 90.50%
Batch 1800/2797, Loss: 0.2538, Train Acc: 90.50%
Batch 1805/2797, Loss: 0.2538, Train Acc: 90.50%
Batch 1810/2797, Loss: 0.2540, Train Acc: 90.50%
Batch 1815/2797, Loss: 0.2539, Train Acc: 90.50%
Batch 1820/2797, Loss: 0.2539, Train Acc: 90.50%
Batch 1825/2797, Loss: 0.2539, Train Acc: 90.50%
Batch 1830/2797, Loss: 0.2539, Train Acc: 90.50%
Batch 1835/2797, Loss: 0.2540, Train Acc: 90.49%
Batch 1840/2797, Loss: 0.2540, Train Acc: 90.50%
Batch 1845/2797, Loss: 0.2539, Train Acc: 90.50%
Batch 1850/2797, Loss: 0.2537, Train Acc: 90.50%
Batch 1855/2797, Loss: 0.2536, Train Acc: 90.51%
Batch 1860/2797, Loss: 0.2537, Train Acc: 90.51%
Batch 1865/2797, Loss: 0.2537, Train Acc: 90.51%
Batch 1870/2797, Loss: 0.2537, Train Acc: 90.51%
Batch 1875/2797, Loss: 0.2537, Train Acc: 90.51%
Batch 1880/2797, Loss: 0.2537, Train Acc: 90.50%
Batch 1885/2797, Loss: 0.2537, Train Acc: 90.50%
Batch 1890/2797, Loss: 0.2537, Train Acc: 90.51%
Batch 1895/2797, Loss: 0.2537, Train Acc: 90.51%
Batch 1900/2797, Loss: 0.2538, Train Acc: 90.51%
Batch 1905/2797, Loss: 0.2538, Train Acc: 90.50%
Batch 1910/2797, Loss: 0.2537, Train Acc: 90.51%
Batch 1915/2797, Loss: 0.2537, Train Acc: 90.51%
Batch 1920/2797, Loss: 0.2538, Train Acc: 90.51%
Batch 1925/2797, Loss: 0.2538, Train Acc: 90.51%
Batch 1930/2797, Loss: 0.2538, Train Acc: 90.50%
Batch 1935/2797, Loss: 0.2539, Train Acc: 90.50%
Batch 1940/2797, Loss: 0.2539, Train Acc: 90.50%
Batch 1945/2797, Loss: 0.2539, Train Acc: 90.49%
Batch 1950/2797, Loss: 0.2539, Train Acc: 90.50%
Batch 1955/2797, Loss: 0.2538, Train Acc: 90.50%
Batch 1960/2797, Loss: 0.2538, Train Acc: 90.50%
Batch 1965/2797, Loss: 0.2538, Train Acc: 90.50%
Batch 1970/2797, Loss: 0.2537, Train Acc: 90.50%
Batch 1975/2797, Loss: 0.2536, Train Acc: 90.50%
Batch 1980/2797, Loss: 0.2535, Train Acc: 90.51%
Batch 1985/2797, Loss: 0.2535, Train Acc: 90.50%
Batch 1990/2797, Loss: 0.2536, Train Acc: 90.50%
Batch 1995/2797, Loss: 0.2535, Train Acc: 90.51%
Batch 2000/2797, Loss: 0.2536, Train Acc: 90.51%
Batch 2005/2797, Loss: 0.2536, Train Acc: 90.50%
Batch 2010/2797, Loss: 0.2536, Train Acc: 90.50%
Batch 2015/2797, Loss: 0.2537, Train Acc: 90.50%
Batch 2020/2797, Loss: 0.2536, Train Acc: 90.51%
Batch 2025/2797, Loss: 0.2536, Train Acc: 90.51%
Batch 2030/2797, Loss: 0.2536, Train Acc: 90.51%
Batch 2035/2797, Loss: 0.2535, Train Acc: 90.51%
Batch 2040/2797, Loss: 0.2535, Train Acc: 90.51%
Batch 2045/2797, Loss: 0.2534, Train Acc: 90.51%
Batch 2050/2797, Loss: 0.2534, Train Acc: 90.51%
Batch 2055/2797, Loss: 0.2532, Train Acc: 90.52%
Batch 2060/2797, Loss: 0.2532, Train Acc: 90.52%
Batch 2065/2797, Loss: 0.2531, Train Acc: 90.52%
Batch 2070/2797, Loss: 0.2532, Train Acc: 90.52%
Batch 2075/2797, Loss: 0.2531, Train Acc: 90.53%
Batch 2080/2797, Loss: 0.2530, Train Acc: 90.53%
Batch 2085/2797, Loss: 0.2530, Train Acc: 90.53%
Batch 2090/2797, Loss: 0.2531, Train Acc: 90.53%
Batch 2095/2797, Loss: 0.2531, Train Acc: 90.53%
Batch 2100/2797, Loss: 0.2532, Train Acc: 90.52%
Batch 2105/2797, Loss: 0.2531, Train Acc: 90.53%
Batch 2110/2797, Loss: 0.2531, Train Acc: 90.53%
Batch 2115/2797, Loss: 0.2530, Train Acc: 90.53%
Batch 2120/2797, Loss: 0.2530, Train Acc: 90.53%
Batch 2125/2797, Loss: 0.2530, Train Acc: 90.53%
Batch 2130/2797, Loss: 0.2530, Train Acc: 90.53%
Batch 2135/2797, Loss: 0.2530, Train Acc: 90.53%
Batch 2140/2797, Loss: 0.2530, Train Acc: 90.53%
Batch 2145/2797, Loss: 0.2530, Train Acc: 90.54%
Batch 2150/2797, Loss: 0.2530, Train Acc: 90.54%
Batch 2155/2797, Loss: 0.2529, Train Acc: 90.54%
Batch 2160/2797, Loss: 0.2528, Train Acc: 90.54%
Batch 2165/2797, Loss: 0.2528, Train Acc: 90.54%
Batch 2170/2797, Loss: 0.2528, Train Acc: 90.54%
Batch 2175/2797, Loss: 0.2527, Train Acc: 90.55%
Batch 2180/2797, Loss: 0.2528, Train Acc: 90.54%
Batch 2185/2797, Loss: 0.2529, Train Acc: 90.54%
Batch 2190/2797, Loss: 0.2528, Train Acc: 90.54%
Batch 2195/2797, Loss: 0.2527, Train Acc: 90.54%
Batch 2200/2797, Loss: 0.2527, Train Acc: 90.54%
Batch 2205/2797, Loss: 0.2527, Train Acc: 90.54%
Batch 2210/2797, Loss: 0.2527, Train Acc: 90.54%
Batch 2215/2797, Loss: 0.2527, Train Acc: 90.54%
Batch 2220/2797, Loss: 0.2527, Train Acc: 90.53%
Batch 2225/2797, Loss: 0.2527, Train Acc: 90.53%
Batch 2230/2797, Loss: 0.2528, Train Acc: 90.53%
Batch 2235/2797, Loss: 0.2528, Train Acc: 90.53%
Batch 2240/2797, Loss: 0.2528, Train Acc: 90.53%
Batch 2245/2797, Loss: 0.2528, Train Acc: 90.53%
Batch 2250/2797, Loss: 0.2529, Train Acc: 90.53%
Batch 2255/2797, Loss: 0.2529, Train Acc: 90.53%
Batch 2260/2797, Loss: 0.2529, Train Acc: 90.53%
Batch 2265/2797, Loss: 0.2530, Train Acc: 90.53%
Batch 2270/2797, Loss: 0.2530, Train Acc: 90.53%
Batch 2275/2797, Loss: 0.2530, Train Acc: 90.53%
Batch 2280/2797, Loss: 0.2530, Train Acc: 90.53%
Batch 2285/2797, Loss: 0.2530, Train Acc: 90.53%
Batch 2290/2797, Loss: 0.2531, Train Acc: 90.53%
Batch 2295/2797, Loss: 0.2531, Train Acc: 90.53%
Batch 2300/2797, Loss: 0.2531, Train Acc: 90.53%
Batch 2305/2797, Loss: 0.2530, Train Acc: 90.53%
Batch 2310/2797, Loss: 0.2530, Train Acc: 90.53%
Batch 2315/2797, Loss: 0.2529, Train Acc: 90.53%
Batch 2320/2797, Loss: 0.2529, Train Acc: 90.53%
Batch 2325/2797, Loss: 0.2530, Train Acc: 90.53%
Batch 2330/2797, Loss: 0.2529, Train Acc: 90.53%
Batch 2335/2797, Loss: 0.2528, Train Acc: 90.54%
Batch 2340/2797, Loss: 0.2528, Train Acc: 90.54%
Batch 2345/2797, Loss: 0.2528, Train Acc: 90.54%
Batch 2350/2797, Loss: 0.2527, Train Acc: 90.54%
Batch 2355/2797, Loss: 0.2526, Train Acc: 90.55%
Batch 2360/2797, Loss: 0.2525, Train Acc: 90.56%
Batch 2365/2797, Loss: 0.2526, Train Acc: 90.55%
Batch 2370/2797, Loss: 0.2526, Train Acc: 90.55%
Batch 2375/2797, Loss: 0.2525, Train Acc: 90.56%
Batch 2380/2797, Loss: 0.2525, Train Acc: 90.56%
Batch 2385/2797, Loss: 0.2525, Train Acc: 90.56%
Batch 2390/2797, Loss: 0.2525, Train Acc: 90.56%
Batch 2395/2797, Loss: 0.2524, Train Acc: 90.56%
Batch 2400/2797, Loss: 0.2524, Train Acc: 90.56%
Batch 2405/2797, Loss: 0.2525, Train Acc: 90.55%
Batch 2410/2797, Loss: 0.2526, Train Acc: 90.55%
Batch 2415/2797, Loss: 0.2527, Train Acc: 90.55%
Batch 2420/2797, Loss: 0.2527, Train Acc: 90.55%
Batch 2425/2797, Loss: 0.2527, Train Acc: 90.55%
Batch 2430/2797, Loss: 0.2527, Train Acc: 90.55%
Batch 2435/2797, Loss: 0.2526, Train Acc: 90.55%
Batch 2440/2797, Loss: 0.2528, Train Acc: 90.55%
Batch 2445/2797, Loss: 0.2527, Train Acc: 90.55%
Batch 2450/2797, Loss: 0.2527, Train Acc: 90.55%
Batch 2455/2797, Loss: 0.2527, Train Acc: 90.55%
Batch 2460/2797, Loss: 0.2526, Train Acc: 90.55%
Batch 2465/2797, Loss: 0.2526, Train Acc: 90.55%
Batch 2470/2797, Loss: 0.2526, Train Acc: 90.55%
Batch 2475/2797, Loss: 0.2527, Train Acc: 90.55%
Batch 2480/2797, Loss: 0.2527, Train Acc: 90.55%
Batch 2485/2797, Loss: 0.2528, Train Acc: 90.55%
Batch 2490/2797, Loss: 0.2528, Train Acc: 90.55%
Batch 2495/2797, Loss: 0.2529, Train Acc: 90.55%
Batch 2500/2797, Loss: 0.2529, Train Acc: 90.54%
Batch 2505/2797, Loss: 0.2530, Train Acc: 90.54%
Batch 2510/2797, Loss: 0.2530, Train Acc: 90.54%
Batch 2515/2797, Loss: 0.2531, Train Acc: 90.54%
Batch 2520/2797, Loss: 0.2530, Train Acc: 90.54%
Batch 2525/2797, Loss: 0.2531, Train Acc: 90.53%
Batch 2530/2797, Loss: 0.2531, Train Acc: 90.53%
Batch 2535/2797, Loss: 0.2531, Train Acc: 90.53%
Batch 2540/2797, Loss: 0.2531, Train Acc: 90.54%
Batch 2545/2797, Loss: 0.2531, Train Acc: 90.54%
Batch 2550/2797, Loss: 0.2530, Train Acc: 90.54%
Batch 2555/2797, Loss: 0.2530, Train Acc: 90.54%
Batch 2560/2797, Loss: 0.2530, Train Acc: 90.54%
Batch 2565/2797, Loss: 0.2529, Train Acc: 90.55%
Batch 2570/2797, Loss: 0.2529, Train Acc: 90.54%
Batch 2575/2797, Loss: 0.2529, Train Acc: 90.55%
Batch 2580/2797, Loss: 0.2529, Train Acc: 90.55%
Batch 2585/2797, Loss: 0.2529, Train Acc: 90.54%
Batch 2590/2797, Loss: 0.2530, Train Acc: 90.54%
Batch 2595/2797, Loss: 0.2530, Train Acc: 90.54%
Batch 2600/2797, Loss: 0.2529, Train Acc: 90.55%
Batch 2605/2797, Loss: 0.2529, Train Acc: 90.55%
Batch 2610/2797, Loss: 0.2529, Train Acc: 90.55%
Batch 2615/2797, Loss: 0.2528, Train Acc: 90.55%
Batch 2620/2797, Loss: 0.2528, Train Acc: 90.55%
Batch 2625/2797, Loss: 0.2529, Train Acc: 90.55%
Batch 2630/2797, Loss: 0.2528, Train Acc: 90.55%
Batch 2635/2797, Loss: 0.2528, Train Acc: 90.55%
Batch 2640/2797, Loss: 0.2528, Train Acc: 90.56%
Batch 2645/2797, Loss: 0.2528, Train Acc: 90.56%
Batch 2650/2797, Loss: 0.2528, Train Acc: 90.56%
Batch 2655/2797, Loss: 0.2527, Train Acc: 90.56%
Batch 2660/2797, Loss: 0.2527, Train Acc: 90.56%
Batch 2665/2797, Loss: 0.2527, Train Acc: 90.56%
Batch 2670/2797, Loss: 0.2526, Train Acc: 90.56%
Batch 2675/2797, Loss: 0.2525, Train Acc: 90.56%
Batch 2680/2797, Loss: 0.2524, Train Acc: 90.56%
Batch 2685/2797, Loss: 0.2524, Train Acc: 90.56%
Batch 2690/2797, Loss: 0.2525, Train Acc: 90.56%
Batch 2695/2797, Loss: 0.2524, Train Acc: 90.57%
Batch 2700/2797, Loss: 0.2524, Train Acc: 90.57%
Batch 2705/2797, Loss: 0.2524, Train Acc: 90.57%
Batch 2710/2797, Loss: 0.2524, Train Acc: 90.57%
Batch 2715/2797, Loss: 0.2523, Train Acc: 90.57%
Batch 2720/2797, Loss: 0.2522, Train Acc: 90.57%
Batch 2725/2797, Loss: 0.2523, Train Acc: 90.57%
Batch 2730/2797, Loss: 0.2523, Train Acc: 90.57%
Batch 2735/2797, Loss: 0.2523, Train Acc: 90.57%
Batch 2740/2797, Loss: 0.2524, Train Acc: 90.57%
Batch 2745/2797, Loss: 0.2524, Train Acc: 90.57%
Batch 2750/2797, Loss: 0.2524, Train Acc: 90.57%
Batch 2755/2797, Loss: 0.2523, Train Acc: 90.57%
Batch 2760/2797, Loss: 0.2524, Train Acc: 90.57%
Batch 2765/2797, Loss: 0.2523, Train Acc: 90.57%
Batch 2770/2797, Loss: 0.2523, Train Acc: 90.58%
Batch 2775/2797, Loss: 0.2522, Train Acc: 90.58%
Batch 2780/2797, Loss: 0.2522, Train Acc: 90.57%
Batch 2785/2797, Loss: 0.2522, Train Acc: 90.58%
Batch 2790/2797, Loss: 0.2522, Train Acc: 90.57%
Batch 2795/2797, Loss: 0.2521, Train Acc: 90.58%
Learning Rate: 0.001800
Epoch 8/50, Average Loss: 0.2521, Train Accuracy: 90.58%
Validation Batch 5/700, Validation Accuracy: 91.88%
Validation Batch 10/700, Validation Accuracy: 90.94%
Validation Batch 15/700, Validation Accuracy: 90.78%
Validation Batch 20/700, Validation Accuracy: 90.08%
Validation Batch 25/700, Validation Accuracy: 90.19%
Validation Batch 30/700, Validation Accuracy: 90.16%
Validation Batch 35/700, Validation Accuracy: 89.82%
Validation Batch 40/700, Validation Accuracy: 89.69%
Validation Batch 45/700, Validation Accuracy: 89.95%
Validation Batch 50/700, Validation Accuracy: 90.03%
Validation Batch 55/700, Validation Accuracy: 89.99%
Validation Batch 60/700, Validation Accuracy: 90.00%
Validation Batch 65/700, Validation Accuracy: 89.92%
Validation Batch 70/700, Validation Accuracy: 89.93%
Validation Batch 75/700, Validation Accuracy: 89.88%
Validation Batch 80/700, Validation Accuracy: 89.77%
Validation Batch 85/700, Validation Accuracy: 89.75%
Validation Batch 90/700, Validation Accuracy: 89.68%
Validation Batch 95/700, Validation Accuracy: 89.62%
Validation Batch 100/700, Validation Accuracy: 89.57%
Validation Batch 105/700, Validation Accuracy: 89.50%
Validation Batch 110/700, Validation Accuracy: 89.49%
Validation Batch 115/700, Validation Accuracy: 89.44%
Validation Batch 120/700, Validation Accuracy: 89.50%
Validation Batch 125/700, Validation Accuracy: 89.53%
Validation Batch 130/700, Validation Accuracy: 89.51%
Validation Batch 135/700, Validation Accuracy: 89.55%
Validation Batch 140/700, Validation Accuracy: 89.58%
Validation Batch 145/700, Validation Accuracy: 89.59%
Validation Batch 150/700, Validation Accuracy: 89.64%
Validation Batch 155/700, Validation Accuracy: 89.65%
Validation Batch 160/700, Validation Accuracy: 89.60%
Validation Batch 165/700, Validation Accuracy: 89.64%
Validation Batch 170/700, Validation Accuracy: 89.66%
Validation Batch 175/700, Validation Accuracy: 89.65%
Validation Batch 180/700, Validation Accuracy: 89.66%
Validation Batch 185/700, Validation Accuracy: 89.63%
Validation Batch 190/700, Validation Accuracy: 89.67%
Validation Batch 195/700, Validation Accuracy: 89.66%
Validation Batch 200/700, Validation Accuracy: 89.64%
Validation Batch 205/700, Validation Accuracy: 89.64%
Validation Batch 210/700, Validation Accuracy: 89.63%
Validation Batch 215/700, Validation Accuracy: 89.64%
Validation Batch 220/700, Validation Accuracy: 89.60%
Validation Batch 225/700, Validation Accuracy: 89.59%
Validation Batch 230/700, Validation Accuracy: 89.59%
Validation Batch 235/700, Validation Accuracy: 89.61%
Validation Batch 240/700, Validation Accuracy: 89.66%
Validation Batch 245/700, Validation Accuracy: 89.72%
Validation Batch 250/700, Validation Accuracy: 89.69%
Validation Batch 255/700, Validation Accuracy: 89.72%
Validation Batch 260/700, Validation Accuracy: 89.72%
Validation Batch 265/700, Validation Accuracy: 89.71%
Validation Batch 270/700, Validation Accuracy: 89.73%
Validation Batch 275/700, Validation Accuracy: 89.72%
Validation Batch 280/700, Validation Accuracy: 89.72%
Validation Batch 285/700, Validation Accuracy: 89.73%
Validation Batch 290/700, Validation Accuracy: 89.77%
Validation Batch 295/700, Validation Accuracy: 89.79%
Validation Batch 300/700, Validation Accuracy: 89.79%
Validation Batch 305/700, Validation Accuracy: 89.79%
Validation Batch 310/700, Validation Accuracy: 89.78%
Validation Batch 315/700, Validation Accuracy: 89.75%
Validation Batch 320/700, Validation Accuracy: 89.77%
Validation Batch 325/700, Validation Accuracy: 89.75%
Validation Batch 330/700, Validation Accuracy: 89.73%
Validation Batch 335/700, Validation Accuracy: 89.72%
Validation Batch 340/700, Validation Accuracy: 89.73%
Validation Batch 345/700, Validation Accuracy: 89.72%
Validation Batch 350/700, Validation Accuracy: 89.71%
Validation Batch 355/700, Validation Accuracy: 89.70%
Validation Batch 360/700, Validation Accuracy: 89.75%
Validation Batch 365/700, Validation Accuracy: 89.74%
Validation Batch 370/700, Validation Accuracy: 89.74%
Validation Batch 375/700, Validation Accuracy: 89.75%
Validation Batch 380/700, Validation Accuracy: 89.78%
Validation Batch 385/700, Validation Accuracy: 89.77%
Validation Batch 390/700, Validation Accuracy: 89.73%
Validation Batch 395/700, Validation Accuracy: 89.74%
Validation Batch 400/700, Validation Accuracy: 89.74%
Validation Batch 405/700, Validation Accuracy: 89.73%
Validation Batch 410/700, Validation Accuracy: 89.73%
Validation Batch 415/700, Validation Accuracy: 89.75%
Validation Batch 420/700, Validation Accuracy: 89.78%
Validation Batch 425/700, Validation Accuracy: 89.79%
Validation Batch 430/700, Validation Accuracy: 89.82%
Validation Batch 435/700, Validation Accuracy: 89.83%
Validation Batch 440/700, Validation Accuracy: 89.83%
Validation Batch 445/700, Validation Accuracy: 89.83%
Validation Batch 450/700, Validation Accuracy: 89.84%
Validation Batch 455/700, Validation Accuracy: 89.85%
Validation Batch 460/700, Validation Accuracy: 89.87%
Validation Batch 465/700, Validation Accuracy: 89.88%
Validation Batch 470/700, Validation Accuracy: 89.89%
Validation Batch 475/700, Validation Accuracy: 89.85%
Validation Batch 480/700, Validation Accuracy: 89.87%
Validation Batch 485/700, Validation Accuracy: 89.86%
Validation Batch 490/700, Validation Accuracy: 89.86%
Validation Batch 495/700, Validation Accuracy: 89.86%
Validation Batch 500/700, Validation Accuracy: 89.83%
Validation Batch 505/700, Validation Accuracy: 89.86%
Validation Batch 510/700, Validation Accuracy: 89.87%
Validation Batch 515/700, Validation Accuracy: 89.85%
Validation Batch 520/700, Validation Accuracy: 89.85%
Validation Batch 525/700, Validation Accuracy: 89.83%
Validation Batch 530/700, Validation Accuracy: 89.83%
Validation Batch 535/700, Validation Accuracy: 89.82%
Validation Batch 540/700, Validation Accuracy: 89.81%
Validation Batch 545/700, Validation Accuracy: 89.82%
Validation Batch 550/700, Validation Accuracy: 89.83%
Validation Batch 555/700, Validation Accuracy: 89.82%
Validation Batch 560/700, Validation Accuracy: 89.82%
Validation Batch 565/700, Validation Accuracy: 89.81%
Validation Batch 570/700, Validation Accuracy: 89.81%
Validation Batch 575/700, Validation Accuracy: 89.80%
Validation Batch 580/700, Validation Accuracy: 89.80%
Validation Batch 585/700, Validation Accuracy: 89.80%
Validation Batch 590/700, Validation Accuracy: 89.80%
Validation Batch 595/700, Validation Accuracy: 89.79%
Validation Batch 600/700, Validation Accuracy: 89.80%
Validation Batch 605/700, Validation Accuracy: 89.80%
Validation Batch 610/700, Validation Accuracy: 89.81%
Validation Batch 615/700, Validation Accuracy: 89.79%
Validation Batch 620/700, Validation Accuracy: 89.79%
Validation Batch 625/700, Validation Accuracy: 89.78%
Validation Batch 630/700, Validation Accuracy: 89.78%
Validation Batch 635/700, Validation Accuracy: 89.78%
Validation Batch 640/700, Validation Accuracy: 89.77%
Validation Batch 645/700, Validation Accuracy: 89.79%
Validation Batch 650/700, Validation Accuracy: 89.78%
Validation Batch 655/700, Validation Accuracy: 89.79%
Validation Batch 660/700, Validation Accuracy: 89.79%
Validation Batch 665/700, Validation Accuracy: 89.80%
Validation Batch 670/700, Validation Accuracy: 89.79%
Validation Batch 675/700, Validation Accuracy: 89.80%
Validation Batch 680/700, Validation Accuracy: 89.80%
Validation Batch 685/700, Validation Accuracy: 89.79%
Validation Batch 690/700, Validation Accuracy: 89.79%
Validation Batch 695/700, Validation Accuracy: 89.79%
Validation Batch 700/700, Validation Accuracy: 89.79%
Validation Accuracy for Epoch 8: 89.79%
New Best Model Saved! Validation Accuracy: 89.79%

--- Epoch 9/50 ---
Batch 5/2797, Loss: 0.1986, Train Acc: 91.88%
Batch 10/2797, Loss: 0.2006, Train Acc: 91.95%
Batch 15/2797, Loss: 0.2141, Train Acc: 91.25%
Batch 20/2797, Loss: 0.2217, Train Acc: 91.02%
Batch 25/2797, Loss: 0.2317, Train Acc: 90.88%
Batch 30/2797, Loss: 0.2374, Train Acc: 90.89%
Batch 35/2797, Loss: 0.2423, Train Acc: 90.76%
Batch 40/2797, Loss: 0.2407, Train Acc: 90.80%
Batch 45/2797, Loss: 0.2401, Train Acc: 90.75%
Batch 50/2797, Loss: 0.2397, Train Acc: 90.83%
Batch 55/2797, Loss: 0.2368, Train Acc: 90.97%
Batch 60/2797, Loss: 0.2369, Train Acc: 91.09%
Batch 65/2797, Loss: 0.2363, Train Acc: 91.11%
Batch 70/2797, Loss: 0.2343, Train Acc: 91.15%
Batch 75/2797, Loss: 0.2377, Train Acc: 90.99%
Batch 80/2797, Loss: 0.2385, Train Acc: 91.05%
Batch 85/2797, Loss: 0.2369, Train Acc: 91.17%
Batch 90/2797, Loss: 0.2376, Train Acc: 91.17%
Batch 95/2797, Loss: 0.2366, Train Acc: 91.24%
Batch 100/2797, Loss: 0.2355, Train Acc: 91.26%
Batch 105/2797, Loss: 0.2341, Train Acc: 91.32%
Batch 110/2797, Loss: 0.2326, Train Acc: 91.40%
Batch 115/2797, Loss: 0.2333, Train Acc: 91.43%
Batch 120/2797, Loss: 0.2343, Train Acc: 91.40%
Batch 125/2797, Loss: 0.2355, Train Acc: 91.35%
Batch 130/2797, Loss: 0.2370, Train Acc: 91.27%
Batch 135/2797, Loss: 0.2380, Train Acc: 91.23%
Batch 140/2797, Loss: 0.2374, Train Acc: 91.26%
Batch 145/2797, Loss: 0.2400, Train Acc: 91.20%
Batch 150/2797, Loss: 0.2400, Train Acc: 91.17%
Batch 155/2797, Loss: 0.2417, Train Acc: 91.08%
Batch 160/2797, Loss: 0.2410, Train Acc: 91.11%
Batch 165/2797, Loss: 0.2405, Train Acc: 91.13%
Batch 170/2797, Loss: 0.2411, Train Acc: 91.13%
Batch 175/2797, Loss: 0.2411, Train Acc: 91.13%
Batch 180/2797, Loss: 0.2419, Train Acc: 91.09%
Batch 185/2797, Loss: 0.2421, Train Acc: 91.09%
Batch 190/2797, Loss: 0.2429, Train Acc: 91.03%
Batch 195/2797, Loss: 0.2432, Train Acc: 91.04%
Batch 200/2797, Loss: 0.2428, Train Acc: 91.07%
Batch 205/2797, Loss: 0.2425, Train Acc: 91.08%
Batch 210/2797, Loss: 0.2425, Train Acc: 91.08%
Batch 215/2797, Loss: 0.2425, Train Acc: 91.08%
Batch 220/2797, Loss: 0.2415, Train Acc: 91.13%
Batch 225/2797, Loss: 0.2406, Train Acc: 91.14%
Batch 230/2797, Loss: 0.2413, Train Acc: 91.12%
Batch 235/2797, Loss: 0.2412, Train Acc: 91.13%
Batch 240/2797, Loss: 0.2415, Train Acc: 91.15%
Batch 245/2797, Loss: 0.2418, Train Acc: 91.11%
Batch 250/2797, Loss: 0.2420, Train Acc: 91.10%
Batch 255/2797, Loss: 0.2430, Train Acc: 91.08%
Batch 260/2797, Loss: 0.2430, Train Acc: 91.06%
Batch 265/2797, Loss: 0.2429, Train Acc: 91.03%
Batch 270/2797, Loss: 0.2428, Train Acc: 91.04%
Batch 275/2797, Loss: 0.2433, Train Acc: 91.00%
Batch 280/2797, Loss: 0.2441, Train Acc: 90.97%
Batch 285/2797, Loss: 0.2441, Train Acc: 90.96%
Batch 290/2797, Loss: 0.2442, Train Acc: 90.96%
Batch 295/2797, Loss: 0.2441, Train Acc: 90.95%
Batch 300/2797, Loss: 0.2440, Train Acc: 90.97%
Batch 305/2797, Loss: 0.2440, Train Acc: 90.97%
Batch 310/2797, Loss: 0.2446, Train Acc: 90.95%
Batch 315/2797, Loss: 0.2442, Train Acc: 90.94%
Batch 320/2797, Loss: 0.2437, Train Acc: 90.98%
Batch 325/2797, Loss: 0.2440, Train Acc: 90.97%
Batch 330/2797, Loss: 0.2442, Train Acc: 90.98%
Batch 335/2797, Loss: 0.2442, Train Acc: 90.97%
Batch 340/2797, Loss: 0.2444, Train Acc: 90.97%
Batch 345/2797, Loss: 0.2450, Train Acc: 90.94%
Batch 350/2797, Loss: 0.2453, Train Acc: 90.92%
Batch 355/2797, Loss: 0.2452, Train Acc: 90.92%
Batch 360/2797, Loss: 0.2452, Train Acc: 90.92%
Batch 365/2797, Loss: 0.2452, Train Acc: 90.93%
Batch 370/2797, Loss: 0.2453, Train Acc: 90.92%
Batch 375/2797, Loss: 0.2455, Train Acc: 90.91%
Batch 380/2797, Loss: 0.2454, Train Acc: 90.92%
Batch 385/2797, Loss: 0.2455, Train Acc: 90.91%
Batch 390/2797, Loss: 0.2451, Train Acc: 90.93%
Batch 395/2797, Loss: 0.2448, Train Acc: 90.95%
Batch 400/2797, Loss: 0.2450, Train Acc: 90.96%
Batch 405/2797, Loss: 0.2448, Train Acc: 90.96%
Batch 410/2797, Loss: 0.2450, Train Acc: 90.95%
Batch 415/2797, Loss: 0.2457, Train Acc: 90.92%
Batch 420/2797, Loss: 0.2461, Train Acc: 90.90%
Batch 425/2797, Loss: 0.2464, Train Acc: 90.89%
Batch 430/2797, Loss: 0.2465, Train Acc: 90.89%
Batch 435/2797, Loss: 0.2459, Train Acc: 90.90%
Batch 440/2797, Loss: 0.2458, Train Acc: 90.91%
Batch 445/2797, Loss: 0.2462, Train Acc: 90.88%
Batch 450/2797, Loss: 0.2463, Train Acc: 90.88%
Batch 455/2797, Loss: 0.2464, Train Acc: 90.87%
Batch 460/2797, Loss: 0.2461, Train Acc: 90.88%
Batch 465/2797, Loss: 0.2461, Train Acc: 90.88%
Batch 470/2797, Loss: 0.2460, Train Acc: 90.88%
Batch 475/2797, Loss: 0.2460, Train Acc: 90.88%
Batch 480/2797, Loss: 0.2462, Train Acc: 90.87%
Batch 485/2797, Loss: 0.2464, Train Acc: 90.85%
Batch 490/2797, Loss: 0.2465, Train Acc: 90.85%
Batch 495/2797, Loss: 0.2464, Train Acc: 90.84%
Batch 500/2797, Loss: 0.2466, Train Acc: 90.83%
Batch 505/2797, Loss: 0.2467, Train Acc: 90.84%
Batch 510/2797, Loss: 0.2468, Train Acc: 90.83%
Batch 515/2797, Loss: 0.2473, Train Acc: 90.83%
Batch 520/2797, Loss: 0.2470, Train Acc: 90.84%
Batch 525/2797, Loss: 0.2468, Train Acc: 90.85%
Batch 530/2797, Loss: 0.2472, Train Acc: 90.82%
Batch 535/2797, Loss: 0.2476, Train Acc: 90.82%
Batch 540/2797, Loss: 0.2478, Train Acc: 90.80%
Batch 545/2797, Loss: 0.2482, Train Acc: 90.78%
Batch 550/2797, Loss: 0.2480, Train Acc: 90.79%
Batch 555/2797, Loss: 0.2484, Train Acc: 90.77%
Batch 560/2797, Loss: 0.2486, Train Acc: 90.76%
Batch 565/2797, Loss: 0.2484, Train Acc: 90.76%
Batch 570/2797, Loss: 0.2485, Train Acc: 90.76%
Batch 575/2797, Loss: 0.2484, Train Acc: 90.78%
Batch 580/2797, Loss: 0.2488, Train Acc: 90.77%
Batch 585/2797, Loss: 0.2488, Train Acc: 90.77%
Batch 590/2797, Loss: 0.2486, Train Acc: 90.78%
Batch 595/2797, Loss: 0.2486, Train Acc: 90.78%
Batch 600/2797, Loss: 0.2486, Train Acc: 90.78%
Batch 605/2797, Loss: 0.2483, Train Acc: 90.79%
Batch 610/2797, Loss: 0.2486, Train Acc: 90.78%
Batch 615/2797, Loss: 0.2488, Train Acc: 90.77%
Batch 620/2797, Loss: 0.2485, Train Acc: 90.78%
Batch 625/2797, Loss: 0.2490, Train Acc: 90.75%
Batch 630/2797, Loss: 0.2492, Train Acc: 90.75%
Batch 635/2797, Loss: 0.2492, Train Acc: 90.74%
Batch 640/2797, Loss: 0.2491, Train Acc: 90.74%
Batch 645/2797, Loss: 0.2491, Train Acc: 90.73%
Batch 650/2797, Loss: 0.2488, Train Acc: 90.74%
Batch 655/2797, Loss: 0.2486, Train Acc: 90.75%
Batch 660/2797, Loss: 0.2486, Train Acc: 90.74%
Batch 665/2797, Loss: 0.2485, Train Acc: 90.73%
Batch 670/2797, Loss: 0.2480, Train Acc: 90.75%
Batch 675/2797, Loss: 0.2482, Train Acc: 90.74%
Batch 680/2797, Loss: 0.2482, Train Acc: 90.74%
Batch 685/2797, Loss: 0.2484, Train Acc: 90.74%
Batch 690/2797, Loss: 0.2487, Train Acc: 90.73%
Batch 695/2797, Loss: 0.2485, Train Acc: 90.73%
Batch 700/2797, Loss: 0.2482, Train Acc: 90.74%
Batch 705/2797, Loss: 0.2483, Train Acc: 90.74%
Batch 710/2797, Loss: 0.2482, Train Acc: 90.73%
Batch 715/2797, Loss: 0.2482, Train Acc: 90.73%
Batch 720/2797, Loss: 0.2481, Train Acc: 90.74%
Batch 725/2797, Loss: 0.2482, Train Acc: 90.74%
Batch 730/2797, Loss: 0.2482, Train Acc: 90.73%
Batch 735/2797, Loss: 0.2482, Train Acc: 90.74%
Batch 740/2797, Loss: 0.2482, Train Acc: 90.73%
Batch 745/2797, Loss: 0.2482, Train Acc: 90.73%
Batch 750/2797, Loss: 0.2479, Train Acc: 90.74%
Batch 755/2797, Loss: 0.2477, Train Acc: 90.75%
Batch 760/2797, Loss: 0.2477, Train Acc: 90.75%
Batch 765/2797, Loss: 0.2476, Train Acc: 90.76%
Batch 770/2797, Loss: 0.2474, Train Acc: 90.77%
Batch 775/2797, Loss: 0.2472, Train Acc: 90.76%
Batch 780/2797, Loss: 0.2471, Train Acc: 90.77%
Batch 785/2797, Loss: 0.2469, Train Acc: 90.78%
Batch 790/2797, Loss: 0.2468, Train Acc: 90.78%
Batch 795/2797, Loss: 0.2468, Train Acc: 90.79%
Batch 800/2797, Loss: 0.2466, Train Acc: 90.79%
Batch 805/2797, Loss: 0.2464, Train Acc: 90.80%
Batch 810/2797, Loss: 0.2476, Train Acc: 90.80%
Batch 815/2797, Loss: 0.2474, Train Acc: 90.82%
Batch 820/2797, Loss: 0.2472, Train Acc: 90.82%
Batch 825/2797, Loss: 0.2472, Train Acc: 90.82%
Batch 830/2797, Loss: 0.2472, Train Acc: 90.82%
Batch 835/2797, Loss: 0.2471, Train Acc: 90.82%
Batch 840/2797, Loss: 0.2469, Train Acc: 90.82%
Batch 845/2797, Loss: 0.2468, Train Acc: 90.83%
Batch 850/2797, Loss: 0.2465, Train Acc: 90.84%
Batch 855/2797, Loss: 0.2465, Train Acc: 90.84%
Batch 860/2797, Loss: 0.2467, Train Acc: 90.83%
Batch 865/2797, Loss: 0.2467, Train Acc: 90.83%
Batch 870/2797, Loss: 0.2466, Train Acc: 90.83%
Batch 875/2797, Loss: 0.2464, Train Acc: 90.84%
Batch 880/2797, Loss: 0.2465, Train Acc: 90.83%
Batch 885/2797, Loss: 0.2464, Train Acc: 90.83%
Batch 890/2797, Loss: 0.2464, Train Acc: 90.84%
Batch 895/2797, Loss: 0.2465, Train Acc: 90.84%
Batch 900/2797, Loss: 0.2465, Train Acc: 90.84%
Batch 905/2797, Loss: 0.2465, Train Acc: 90.84%
Batch 910/2797, Loss: 0.2465, Train Acc: 90.84%
Batch 915/2797, Loss: 0.2465, Train Acc: 90.84%
Batch 920/2797, Loss: 0.2463, Train Acc: 90.84%
Batch 925/2797, Loss: 0.2462, Train Acc: 90.85%
Batch 930/2797, Loss: 0.2461, Train Acc: 90.86%
Batch 935/2797, Loss: 0.2463, Train Acc: 90.85%
Batch 940/2797, Loss: 0.2463, Train Acc: 90.84%
Batch 945/2797, Loss: 0.2463, Train Acc: 90.84%
Batch 950/2797, Loss: 0.2461, Train Acc: 90.84%
Batch 955/2797, Loss: 0.2461, Train Acc: 90.85%
Batch 960/2797, Loss: 0.2462, Train Acc: 90.85%
Batch 965/2797, Loss: 0.2461, Train Acc: 90.85%
Batch 970/2797, Loss: 0.2460, Train Acc: 90.86%
Batch 975/2797, Loss: 0.2461, Train Acc: 90.86%
Batch 980/2797, Loss: 0.2460, Train Acc: 90.86%
Batch 985/2797, Loss: 0.2457, Train Acc: 90.87%
Batch 990/2797, Loss: 0.2457, Train Acc: 90.87%
Batch 995/2797, Loss: 0.2458, Train Acc: 90.87%
Batch 1000/2797, Loss: 0.2457, Train Acc: 90.87%
Batch 1005/2797, Loss: 0.2457, Train Acc: 90.87%
Batch 1010/2797, Loss: 0.2457, Train Acc: 90.87%
Batch 1015/2797, Loss: 0.2456, Train Acc: 90.87%
Batch 1020/2797, Loss: 0.2458, Train Acc: 90.87%
Batch 1025/2797, Loss: 0.2457, Train Acc: 90.87%
Batch 1030/2797, Loss: 0.2457, Train Acc: 90.88%
Batch 1035/2797, Loss: 0.2457, Train Acc: 90.87%
Batch 1040/2797, Loss: 0.2459, Train Acc: 90.87%
Batch 1045/2797, Loss: 0.2458, Train Acc: 90.86%
Batch 1050/2797, Loss: 0.2460, Train Acc: 90.86%
Batch 1055/2797, Loss: 0.2461, Train Acc: 90.85%
Batch 1060/2797, Loss: 0.2461, Train Acc: 90.85%
Batch 1065/2797, Loss: 0.2461, Train Acc: 90.86%
Batch 1070/2797, Loss: 0.2461, Train Acc: 90.86%
Batch 1075/2797, Loss: 0.2461, Train Acc: 90.86%
Batch 1080/2797, Loss: 0.2459, Train Acc: 90.86%
Batch 1085/2797, Loss: 0.2457, Train Acc: 90.87%
Batch 1090/2797, Loss: 0.2458, Train Acc: 90.86%
Batch 1095/2797, Loss: 0.2460, Train Acc: 90.86%
Batch 1100/2797, Loss: 0.2461, Train Acc: 90.86%
Batch 1105/2797, Loss: 0.2462, Train Acc: 90.85%
Batch 1110/2797, Loss: 0.2464, Train Acc: 90.84%
Batch 1115/2797, Loss: 0.2464, Train Acc: 90.84%
Batch 1120/2797, Loss: 0.2464, Train Acc: 90.84%
Batch 1125/2797, Loss: 0.2465, Train Acc: 90.83%
Batch 1130/2797, Loss: 0.2464, Train Acc: 90.84%
Batch 1135/2797, Loss: 0.2462, Train Acc: 90.84%
Batch 1140/2797, Loss: 0.2463, Train Acc: 90.84%
Batch 1145/2797, Loss: 0.2463, Train Acc: 90.84%
Batch 1150/2797, Loss: 0.2462, Train Acc: 90.85%
Batch 1155/2797, Loss: 0.2463, Train Acc: 90.84%
Batch 1160/2797, Loss: 0.2463, Train Acc: 90.84%
Batch 1165/2797, Loss: 0.2463, Train Acc: 90.84%
Batch 1170/2797, Loss: 0.2461, Train Acc: 90.85%
Batch 1175/2797, Loss: 0.2463, Train Acc: 90.84%
Batch 1180/2797, Loss: 0.2462, Train Acc: 90.84%
Batch 1185/2797, Loss: 0.2462, Train Acc: 90.85%
Batch 1190/2797, Loss: 0.2464, Train Acc: 90.84%
Batch 1195/2797, Loss: 0.2463, Train Acc: 90.85%
Batch 1200/2797, Loss: 0.2462, Train Acc: 90.85%
Batch 1205/2797, Loss: 0.2461, Train Acc: 90.84%
Batch 1210/2797, Loss: 0.2462, Train Acc: 90.84%
Batch 1215/2797, Loss: 0.2463, Train Acc: 90.83%
Batch 1220/2797, Loss: 0.2463, Train Acc: 90.84%
Batch 1225/2797, Loss: 0.2461, Train Acc: 90.84%
Batch 1230/2797, Loss: 0.2461, Train Acc: 90.84%
Batch 1235/2797, Loss: 0.2460, Train Acc: 90.85%
Batch 1240/2797, Loss: 0.2459, Train Acc: 90.85%
Batch 1245/2797, Loss: 0.2460, Train Acc: 90.85%
Batch 1250/2797, Loss: 0.2461, Train Acc: 90.84%
Batch 1255/2797, Loss: 0.2463, Train Acc: 90.84%
Batch 1260/2797, Loss: 0.2462, Train Acc: 90.84%
Batch 1265/2797, Loss: 0.2463, Train Acc: 90.83%
Batch 1270/2797, Loss: 0.2463, Train Acc: 90.82%
Batch 1275/2797, Loss: 0.2463, Train Acc: 90.82%
Batch 1280/2797, Loss: 0.2463, Train Acc: 90.82%
Batch 1285/2797, Loss: 0.2464, Train Acc: 90.81%
Batch 1290/2797, Loss: 0.2464, Train Acc: 90.80%
Batch 1295/2797, Loss: 0.2465, Train Acc: 90.80%
Batch 1300/2797, Loss: 0.2464, Train Acc: 90.81%
Batch 1305/2797, Loss: 0.2465, Train Acc: 90.80%
Batch 1310/2797, Loss: 0.2463, Train Acc: 90.80%
Batch 1315/2797, Loss: 0.2464, Train Acc: 90.80%
Batch 1320/2797, Loss: 0.2464, Train Acc: 90.80%
Batch 1325/2797, Loss: 0.2463, Train Acc: 90.81%
Batch 1330/2797, Loss: 0.2462, Train Acc: 90.81%
Batch 1335/2797, Loss: 0.2462, Train Acc: 90.81%
Batch 1340/2797, Loss: 0.2461, Train Acc: 90.81%
Batch 1345/2797, Loss: 0.2461, Train Acc: 90.81%
Batch 1350/2797, Loss: 0.2461, Train Acc: 90.81%
Batch 1355/2797, Loss: 0.2462, Train Acc: 90.80%
Batch 1360/2797, Loss: 0.2460, Train Acc: 90.82%
Batch 1365/2797, Loss: 0.2458, Train Acc: 90.82%
Batch 1370/2797, Loss: 0.2457, Train Acc: 90.83%
Batch 1375/2797, Loss: 0.2456, Train Acc: 90.83%
Batch 1380/2797, Loss: 0.2457, Train Acc: 90.82%
Batch 1385/2797, Loss: 0.2456, Train Acc: 90.83%
Batch 1390/2797, Loss: 0.2456, Train Acc: 90.83%
Batch 1395/2797, Loss: 0.2457, Train Acc: 90.83%
Batch 1400/2797, Loss: 0.2455, Train Acc: 90.83%
Batch 1405/2797, Loss: 0.2454, Train Acc: 90.84%
Batch 1410/2797, Loss: 0.2454, Train Acc: 90.84%
Batch 1415/2797, Loss: 0.2453, Train Acc: 90.85%
Batch 1420/2797, Loss: 0.2452, Train Acc: 90.85%
Batch 1425/2797, Loss: 0.2452, Train Acc: 90.85%
Batch 1430/2797, Loss: 0.2451, Train Acc: 90.85%
Batch 1435/2797, Loss: 0.2451, Train Acc: 90.85%
Batch 1440/2797, Loss: 0.2451, Train Acc: 90.85%
Batch 1445/2797, Loss: 0.2450, Train Acc: 90.86%
Batch 1450/2797, Loss: 0.2451, Train Acc: 90.85%
Batch 1455/2797, Loss: 0.2450, Train Acc: 90.85%
Batch 1460/2797, Loss: 0.2450, Train Acc: 90.85%
Batch 1465/2797, Loss: 0.2450, Train Acc: 90.85%
Batch 1470/2797, Loss: 0.2448, Train Acc: 90.87%
Batch 1475/2797, Loss: 0.2449, Train Acc: 90.86%
Batch 1480/2797, Loss: 0.2449, Train Acc: 90.86%
Batch 1485/2797, Loss: 0.2448, Train Acc: 90.86%
Batch 1490/2797, Loss: 0.2450, Train Acc: 90.85%
Batch 1495/2797, Loss: 0.2450, Train Acc: 90.85%
Batch 1500/2797, Loss: 0.2451, Train Acc: 90.85%
Batch 1505/2797, Loss: 0.2451, Train Acc: 90.85%
Batch 1510/2797, Loss: 0.2451, Train Acc: 90.85%
Batch 1515/2797, Loss: 0.2451, Train Acc: 90.85%
Batch 1520/2797, Loss: 0.2450, Train Acc: 90.85%
Batch 1525/2797, Loss: 0.2450, Train Acc: 90.85%
Batch 1530/2797, Loss: 0.2451, Train Acc: 90.85%
Batch 1535/2797, Loss: 0.2450, Train Acc: 90.86%
Batch 1540/2797, Loss: 0.2450, Train Acc: 90.86%
Batch 1545/2797, Loss: 0.2451, Train Acc: 90.86%
Batch 1550/2797, Loss: 0.2450, Train Acc: 90.86%
Batch 1555/2797, Loss: 0.2449, Train Acc: 90.86%
Batch 1560/2797, Loss: 0.2448, Train Acc: 90.87%
Batch 1565/2797, Loss: 0.2448, Train Acc: 90.87%
Batch 1570/2797, Loss: 0.2449, Train Acc: 90.87%
Batch 1575/2797, Loss: 0.2450, Train Acc: 90.86%
Batch 1580/2797, Loss: 0.2450, Train Acc: 90.86%
Batch 1585/2797, Loss: 0.2452, Train Acc: 90.86%
Batch 1590/2797, Loss: 0.2453, Train Acc: 90.86%
Batch 1595/2797, Loss: 0.2454, Train Acc: 90.85%
Batch 1600/2797, Loss: 0.2454, Train Acc: 90.85%
Batch 1605/2797, Loss: 0.2453, Train Acc: 90.86%
Batch 1610/2797, Loss: 0.2454, Train Acc: 90.85%
Batch 1615/2797, Loss: 0.2455, Train Acc: 90.85%
Batch 1620/2797, Loss: 0.2453, Train Acc: 90.86%
Batch 1625/2797, Loss: 0.2453, Train Acc: 90.86%
Batch 1630/2797, Loss: 0.2455, Train Acc: 90.85%
Batch 1635/2797, Loss: 0.2455, Train Acc: 90.85%
Batch 1640/2797, Loss: 0.2456, Train Acc: 90.85%
Batch 1645/2797, Loss: 0.2456, Train Acc: 90.85%
Batch 1650/2797, Loss: 0.2455, Train Acc: 90.85%
Batch 1655/2797, Loss: 0.2455, Train Acc: 90.85%
Batch 1660/2797, Loss: 0.2456, Train Acc: 90.85%
Batch 1665/2797, Loss: 0.2456, Train Acc: 90.85%
Batch 1670/2797, Loss: 0.2456, Train Acc: 90.85%
Batch 1675/2797, Loss: 0.2454, Train Acc: 90.85%
Batch 1680/2797, Loss: 0.2455, Train Acc: 90.85%
Batch 1685/2797, Loss: 0.2457, Train Acc: 90.84%
Batch 1690/2797, Loss: 0.2458, Train Acc: 90.84%
Batch 1695/2797, Loss: 0.2457, Train Acc: 90.84%
Batch 1700/2797, Loss: 0.2460, Train Acc: 90.84%
Batch 1705/2797, Loss: 0.2459, Train Acc: 90.84%
Batch 1710/2797, Loss: 0.2459, Train Acc: 90.84%
Batch 1715/2797, Loss: 0.2458, Train Acc: 90.84%
Batch 1720/2797, Loss: 0.2460, Train Acc: 90.84%
Batch 1725/2797, Loss: 0.2459, Train Acc: 90.84%
Batch 1730/2797, Loss: 0.2458, Train Acc: 90.84%
Batch 1735/2797, Loss: 0.2457, Train Acc: 90.85%
Batch 1740/2797, Loss: 0.2457, Train Acc: 90.85%
Batch 1745/2797, Loss: 0.2457, Train Acc: 90.85%
Batch 1750/2797, Loss: 0.2457, Train Acc: 90.84%
Batch 1755/2797, Loss: 0.2457, Train Acc: 90.84%
Batch 1760/2797, Loss: 0.2458, Train Acc: 90.84%
Batch 1765/2797, Loss: 0.2459, Train Acc: 90.83%
Batch 1770/2797, Loss: 0.2458, Train Acc: 90.83%
Batch 1775/2797, Loss: 0.2460, Train Acc: 90.83%
Batch 1780/2797, Loss: 0.2459, Train Acc: 90.83%
Batch 1785/2797, Loss: 0.2460, Train Acc: 90.83%
Batch 1790/2797, Loss: 0.2460, Train Acc: 90.83%
Batch 1795/2797, Loss: 0.2460, Train Acc: 90.82%
Batch 1800/2797, Loss: 0.2460, Train Acc: 90.83%
Batch 1805/2797, Loss: 0.2460, Train Acc: 90.83%
Batch 1810/2797, Loss: 0.2461, Train Acc: 90.82%
Batch 1815/2797, Loss: 0.2460, Train Acc: 90.83%
Batch 1820/2797, Loss: 0.2460, Train Acc: 90.83%
Batch 1825/2797, Loss: 0.2459, Train Acc: 90.83%
Batch 1830/2797, Loss: 0.2459, Train Acc: 90.83%
Batch 1835/2797, Loss: 0.2459, Train Acc: 90.83%
Batch 1840/2797, Loss: 0.2458, Train Acc: 90.83%
Batch 1845/2797, Loss: 0.2460, Train Acc: 90.83%
Batch 1850/2797, Loss: 0.2459, Train Acc: 90.84%
Batch 1855/2797, Loss: 0.2458, Train Acc: 90.84%
Batch 1860/2797, Loss: 0.2458, Train Acc: 90.84%
Batch 1865/2797, Loss: 0.2458, Train Acc: 90.84%
Batch 1870/2797, Loss: 0.2458, Train Acc: 90.84%
Batch 1875/2797, Loss: 0.2459, Train Acc: 90.84%
Batch 1880/2797, Loss: 0.2458, Train Acc: 90.84%
Batch 1885/2797, Loss: 0.2458, Train Acc: 90.84%
Batch 1890/2797, Loss: 0.2459, Train Acc: 90.84%
Batch 1895/2797, Loss: 0.2459, Train Acc: 90.84%
Batch 1900/2797, Loss: 0.2459, Train Acc: 90.84%
Batch 1905/2797, Loss: 0.2460, Train Acc: 90.84%
Batch 1910/2797, Loss: 0.2460, Train Acc: 90.84%
Batch 1915/2797, Loss: 0.2460, Train Acc: 90.84%
Batch 1920/2797, Loss: 0.2460, Train Acc: 90.83%
Batch 1925/2797, Loss: 0.2461, Train Acc: 90.83%
Batch 1930/2797, Loss: 0.2461, Train Acc: 90.83%
Batch 1935/2797, Loss: 0.2460, Train Acc: 90.84%
Batch 1940/2797, Loss: 0.2460, Train Acc: 90.84%
Batch 1945/2797, Loss: 0.2460, Train Acc: 90.84%
Batch 1950/2797, Loss: 0.2461, Train Acc: 90.84%
Batch 1955/2797, Loss: 0.2460, Train Acc: 90.84%
Batch 1960/2797, Loss: 0.2460, Train Acc: 90.84%
Batch 1965/2797, Loss: 0.2460, Train Acc: 90.84%
Batch 1970/2797, Loss: 0.2460, Train Acc: 90.84%
Batch 1975/2797, Loss: 0.2459, Train Acc: 90.85%
Batch 1980/2797, Loss: 0.2460, Train Acc: 90.84%
Batch 1985/2797, Loss: 0.2460, Train Acc: 90.84%
Batch 1990/2797, Loss: 0.2459, Train Acc: 90.84%
Batch 1995/2797, Loss: 0.2459, Train Acc: 90.85%
Batch 2000/2797, Loss: 0.2458, Train Acc: 90.85%
Batch 2005/2797, Loss: 0.2457, Train Acc: 90.85%
Batch 2010/2797, Loss: 0.2457, Train Acc: 90.85%
Batch 2015/2797, Loss: 0.2457, Train Acc: 90.85%
Batch 2020/2797, Loss: 0.2456, Train Acc: 90.86%
Batch 2025/2797, Loss: 0.2457, Train Acc: 90.85%
Batch 2030/2797, Loss: 0.2457, Train Acc: 90.85%
Batch 2035/2797, Loss: 0.2457, Train Acc: 90.85%
Batch 2040/2797, Loss: 0.2457, Train Acc: 90.85%
Batch 2045/2797, Loss: 0.2456, Train Acc: 90.85%
Batch 2050/2797, Loss: 0.2455, Train Acc: 90.86%
Batch 2055/2797, Loss: 0.2455, Train Acc: 90.86%
Batch 2060/2797, Loss: 0.2456, Train Acc: 90.86%
Batch 2065/2797, Loss: 0.2456, Train Acc: 90.86%
Batch 2070/2797, Loss: 0.2457, Train Acc: 90.86%
Batch 2075/2797, Loss: 0.2457, Train Acc: 90.86%
Batch 2080/2797, Loss: 0.2457, Train Acc: 90.86%
Batch 2085/2797, Loss: 0.2459, Train Acc: 90.85%
Batch 2090/2797, Loss: 0.2459, Train Acc: 90.84%
Batch 2095/2797, Loss: 0.2460, Train Acc: 90.84%
Batch 2100/2797, Loss: 0.2461, Train Acc: 90.83%
Batch 2105/2797, Loss: 0.2461, Train Acc: 90.83%
Batch 2110/2797, Loss: 0.2461, Train Acc: 90.83%
Batch 2115/2797, Loss: 0.2462, Train Acc: 90.83%
Batch 2120/2797, Loss: 0.2462, Train Acc: 90.83%
Batch 2125/2797, Loss: 0.2462, Train Acc: 90.83%
Batch 2130/2797, Loss: 0.2462, Train Acc: 90.83%
Batch 2135/2797, Loss: 0.2463, Train Acc: 90.83%
Batch 2140/2797, Loss: 0.2462, Train Acc: 90.83%
Batch 2145/2797, Loss: 0.2462, Train Acc: 90.83%
Batch 2150/2797, Loss: 0.2463, Train Acc: 90.83%
Batch 2155/2797, Loss: 0.2463, Train Acc: 90.83%
Batch 2160/2797, Loss: 0.2463, Train Acc: 90.83%
Batch 2165/2797, Loss: 0.2463, Train Acc: 90.83%
Batch 2170/2797, Loss: 0.2463, Train Acc: 90.83%
Batch 2175/2797, Loss: 0.2463, Train Acc: 90.83%
Batch 2180/2797, Loss: 0.2463, Train Acc: 90.83%
Batch 2185/2797, Loss: 0.2464, Train Acc: 90.83%
Batch 2190/2797, Loss: 0.2463, Train Acc: 90.83%
Batch 2195/2797, Loss: 0.2463, Train Acc: 90.83%
Batch 2200/2797, Loss: 0.2463, Train Acc: 90.83%
Batch 2205/2797, Loss: 0.2463, Train Acc: 90.83%
Batch 2210/2797, Loss: 0.2462, Train Acc: 90.83%
Batch 2215/2797, Loss: 0.2462, Train Acc: 90.83%
Batch 2220/2797, Loss: 0.2463, Train Acc: 90.83%
Batch 2225/2797, Loss: 0.2463, Train Acc: 90.82%
Batch 2230/2797, Loss: 0.2463, Train Acc: 90.83%
Batch 2235/2797, Loss: 0.2462, Train Acc: 90.82%
Batch 2240/2797, Loss: 0.2462, Train Acc: 90.82%
Batch 2245/2797, Loss: 0.2462, Train Acc: 90.83%
Batch 2250/2797, Loss: 0.2462, Train Acc: 90.83%
Batch 2255/2797, Loss: 0.2463, Train Acc: 90.82%
Batch 2260/2797, Loss: 0.2463, Train Acc: 90.82%
Batch 2265/2797, Loss: 0.2463, Train Acc: 90.82%
Batch 2270/2797, Loss: 0.2463, Train Acc: 90.82%
Batch 2275/2797, Loss: 0.2464, Train Acc: 90.82%
Batch 2280/2797, Loss: 0.2463, Train Acc: 90.82%
Batch 2285/2797, Loss: 0.2463, Train Acc: 90.82%
Batch 2290/2797, Loss: 0.2464, Train Acc: 90.82%
Batch 2295/2797, Loss: 0.2463, Train Acc: 90.82%
Batch 2300/2797, Loss: 0.2463, Train Acc: 90.82%
Batch 2305/2797, Loss: 0.2462, Train Acc: 90.82%
Batch 2310/2797, Loss: 0.2461, Train Acc: 90.82%
Batch 2315/2797, Loss: 0.2461, Train Acc: 90.82%
Batch 2320/2797, Loss: 0.2462, Train Acc: 90.82%
Batch 2325/2797, Loss: 0.2462, Train Acc: 90.82%
Batch 2330/2797, Loss: 0.2463, Train Acc: 90.82%
Batch 2335/2797, Loss: 0.2463, Train Acc: 90.81%
Batch 2340/2797, Loss: 0.2463, Train Acc: 90.81%
Batch 2345/2797, Loss: 0.2462, Train Acc: 90.81%
Batch 2350/2797, Loss: 0.2463, Train Acc: 90.81%
Batch 2355/2797, Loss: 0.2463, Train Acc: 90.81%
Batch 2360/2797, Loss: 0.2463, Train Acc: 90.81%
Batch 2365/2797, Loss: 0.2462, Train Acc: 90.82%
Batch 2370/2797, Loss: 0.2462, Train Acc: 90.82%
Batch 2375/2797, Loss: 0.2463, Train Acc: 90.81%
Batch 2380/2797, Loss: 0.2463, Train Acc: 90.81%
Batch 2385/2797, Loss: 0.2462, Train Acc: 90.81%
Batch 2390/2797, Loss: 0.2463, Train Acc: 90.81%
Batch 2395/2797, Loss: 0.2463, Train Acc: 90.81%
Batch 2400/2797, Loss: 0.2462, Train Acc: 90.81%
Batch 2405/2797, Loss: 0.2462, Train Acc: 90.81%
Batch 2410/2797, Loss: 0.2462, Train Acc: 90.81%
Batch 2415/2797, Loss: 0.2462, Train Acc: 90.81%
Batch 2420/2797, Loss: 0.2462, Train Acc: 90.81%
Batch 2425/2797, Loss: 0.2462, Train Acc: 90.81%
Batch 2430/2797, Loss: 0.2462, Train Acc: 90.81%
Batch 2435/2797, Loss: 0.2462, Train Acc: 90.81%
Batch 2440/2797, Loss: 0.2462, Train Acc: 90.81%
Batch 2445/2797, Loss: 0.2462, Train Acc: 90.81%
Batch 2450/2797, Loss: 0.2462, Train Acc: 90.81%
Batch 2455/2797, Loss: 0.2462, Train Acc: 90.81%
Batch 2460/2797, Loss: 0.2463, Train Acc: 90.81%
Batch 2465/2797, Loss: 0.2463, Train Acc: 90.81%
Batch 2470/2797, Loss: 0.2463, Train Acc: 90.81%
Batch 2475/2797, Loss: 0.2464, Train Acc: 90.81%
Batch 2480/2797, Loss: 0.2463, Train Acc: 90.81%
Batch 2485/2797, Loss: 0.2463, Train Acc: 90.81%
Batch 2490/2797, Loss: 0.2462, Train Acc: 90.81%
Batch 2495/2797, Loss: 0.2462, Train Acc: 90.81%
Batch 2500/2797, Loss: 0.2462, Train Acc: 90.81%
Batch 2505/2797, Loss: 0.2462, Train Acc: 90.81%
Batch 2510/2797, Loss: 0.2461, Train Acc: 90.82%
Batch 2515/2797, Loss: 0.2461, Train Acc: 90.82%
Batch 2520/2797, Loss: 0.2461, Train Acc: 90.81%
Batch 2525/2797, Loss: 0.2462, Train Acc: 90.81%
Batch 2530/2797, Loss: 0.2462, Train Acc: 90.81%
Batch 2535/2797, Loss: 0.2463, Train Acc: 90.81%
Batch 2540/2797, Loss: 0.2462, Train Acc: 90.81%
Batch 2545/2797, Loss: 0.2462, Train Acc: 90.82%
Batch 2550/2797, Loss: 0.2462, Train Acc: 90.82%
Batch 2555/2797, Loss: 0.2461, Train Acc: 90.82%
Batch 2560/2797, Loss: 0.2461, Train Acc: 90.82%
Batch 2565/2797, Loss: 0.2460, Train Acc: 90.82%
Batch 2570/2797, Loss: 0.2461, Train Acc: 90.82%
Batch 2575/2797, Loss: 0.2461, Train Acc: 90.82%
Batch 2580/2797, Loss: 0.2460, Train Acc: 90.83%
Batch 2585/2797, Loss: 0.2462, Train Acc: 90.82%
Batch 2590/2797, Loss: 0.2461, Train Acc: 90.82%
Batch 2595/2797, Loss: 0.2461, Train Acc: 90.83%
Batch 2600/2797, Loss: 0.2460, Train Acc: 90.83%
Batch 2605/2797, Loss: 0.2460, Train Acc: 90.83%
Batch 2610/2797, Loss: 0.2461, Train Acc: 90.83%
Batch 2615/2797, Loss: 0.2460, Train Acc: 90.83%
Batch 2620/2797, Loss: 0.2459, Train Acc: 90.83%
Batch 2625/2797, Loss: 0.2459, Train Acc: 90.83%
Batch 2630/2797, Loss: 0.2459, Train Acc: 90.83%
Batch 2635/2797, Loss: 0.2459, Train Acc: 90.83%
Batch 2640/2797, Loss: 0.2458, Train Acc: 90.84%
Batch 2645/2797, Loss: 0.2458, Train Acc: 90.84%
Batch 2650/2797, Loss: 0.2458, Train Acc: 90.84%
Batch 2655/2797, Loss: 0.2458, Train Acc: 90.84%
Batch 2660/2797, Loss: 0.2458, Train Acc: 90.84%
Batch 2665/2797, Loss: 0.2458, Train Acc: 90.83%
Batch 2670/2797, Loss: 0.2460, Train Acc: 90.83%
Batch 2675/2797, Loss: 0.2459, Train Acc: 90.83%
Batch 2680/2797, Loss: 0.2459, Train Acc: 90.83%
Batch 2685/2797, Loss: 0.2459, Train Acc: 90.83%
Batch 2690/2797, Loss: 0.2459, Train Acc: 90.83%
Batch 2695/2797, Loss: 0.2459, Train Acc: 90.83%
Batch 2700/2797, Loss: 0.2459, Train Acc: 90.83%
Batch 2705/2797, Loss: 0.2459, Train Acc: 90.83%
Batch 2710/2797, Loss: 0.2459, Train Acc: 90.83%
Batch 2715/2797, Loss: 0.2459, Train Acc: 90.83%
Batch 2720/2797, Loss: 0.2459, Train Acc: 90.83%
Batch 2725/2797, Loss: 0.2459, Train Acc: 90.82%
Batch 2730/2797, Loss: 0.2458, Train Acc: 90.83%
Batch 2735/2797, Loss: 0.2458, Train Acc: 90.83%
Batch 2740/2797, Loss: 0.2457, Train Acc: 90.83%
Batch 2745/2797, Loss: 0.2458, Train Acc: 90.83%
Batch 2750/2797, Loss: 0.2457, Train Acc: 90.83%
Batch 2755/2797, Loss: 0.2457, Train Acc: 90.83%
Batch 2760/2797, Loss: 0.2458, Train Acc: 90.83%
Batch 2765/2797, Loss: 0.2458, Train Acc: 90.82%
Batch 2770/2797, Loss: 0.2458, Train Acc: 90.82%
Batch 2775/2797, Loss: 0.2459, Train Acc: 90.82%
Batch 2780/2797, Loss: 0.2459, Train Acc: 90.82%
Batch 2785/2797, Loss: 0.2459, Train Acc: 90.82%
Batch 2790/2797, Loss: 0.2459, Train Acc: 90.83%
Batch 2795/2797, Loss: 0.2459, Train Acc: 90.83%
Learning Rate: 0.002000
Epoch 9/50, Average Loss: 0.2460, Train Accuracy: 90.82%
Validation Batch 5/700, Validation Accuracy: 91.25%
Validation Batch 10/700, Validation Accuracy: 90.78%
Validation Batch 15/700, Validation Accuracy: 90.73%
Validation Batch 20/700, Validation Accuracy: 90.47%
Validation Batch 25/700, Validation Accuracy: 90.25%
Validation Batch 30/700, Validation Accuracy: 90.21%
Validation Batch 35/700, Validation Accuracy: 90.18%
Validation Batch 40/700, Validation Accuracy: 90.16%
Validation Batch 45/700, Validation Accuracy: 90.09%
Validation Batch 50/700, Validation Accuracy: 90.22%
Validation Batch 55/700, Validation Accuracy: 90.20%
Validation Batch 60/700, Validation Accuracy: 90.29%
Validation Batch 65/700, Validation Accuracy: 90.26%
Validation Batch 70/700, Validation Accuracy: 90.23%
Validation Batch 75/700, Validation Accuracy: 90.28%
Validation Batch 80/700, Validation Accuracy: 90.09%
Validation Batch 85/700, Validation Accuracy: 90.06%
Validation Batch 90/700, Validation Accuracy: 90.05%
Validation Batch 95/700, Validation Accuracy: 90.04%
Validation Batch 100/700, Validation Accuracy: 90.06%
Validation Batch 105/700, Validation Accuracy: 90.04%
Validation Batch 110/700, Validation Accuracy: 89.98%
Validation Batch 115/700, Validation Accuracy: 89.91%
Validation Batch 120/700, Validation Accuracy: 89.93%
Validation Batch 125/700, Validation Accuracy: 89.88%
Validation Batch 130/700, Validation Accuracy: 89.87%
Validation Batch 135/700, Validation Accuracy: 89.88%
Validation Batch 140/700, Validation Accuracy: 89.83%
Validation Batch 145/700, Validation Accuracy: 89.88%
Validation Batch 150/700, Validation Accuracy: 89.96%
Validation Batch 155/700, Validation Accuracy: 89.98%
Validation Batch 160/700, Validation Accuracy: 89.99%
Validation Batch 165/700, Validation Accuracy: 89.99%
Validation Batch 170/700, Validation Accuracy: 90.00%
Validation Batch 175/700, Validation Accuracy: 89.99%
Validation Batch 180/700, Validation Accuracy: 90.00%
Validation Batch 185/700, Validation Accuracy: 90.02%
Validation Batch 190/700, Validation Accuracy: 90.03%
Validation Batch 195/700, Validation Accuracy: 90.05%
Validation Batch 200/700, Validation Accuracy: 90.09%
Validation Batch 205/700, Validation Accuracy: 90.08%
Validation Batch 210/700, Validation Accuracy: 90.07%
Validation Batch 215/700, Validation Accuracy: 90.11%
Validation Batch 220/700, Validation Accuracy: 90.08%
Validation Batch 225/700, Validation Accuracy: 90.11%
Validation Batch 230/700, Validation Accuracy: 90.10%
Validation Batch 235/700, Validation Accuracy: 90.10%
Validation Batch 240/700, Validation Accuracy: 90.12%
Validation Batch 245/700, Validation Accuracy: 90.16%
Validation Batch 250/700, Validation Accuracy: 90.16%
Validation Batch 255/700, Validation Accuracy: 90.17%
Validation Batch 260/700, Validation Accuracy: 90.17%
Validation Batch 265/700, Validation Accuracy: 90.15%
Validation Batch 270/700, Validation Accuracy: 90.16%
Validation Batch 275/700, Validation Accuracy: 90.17%
Validation Batch 280/700, Validation Accuracy: 90.18%
Validation Batch 285/700, Validation Accuracy: 90.19%
Validation Batch 290/700, Validation Accuracy: 90.22%
Validation Batch 295/700, Validation Accuracy: 90.21%
Validation Batch 300/700, Validation Accuracy: 90.21%
Validation Batch 305/700, Validation Accuracy: 90.20%
Validation Batch 310/700, Validation Accuracy: 90.18%
Validation Batch 315/700, Validation Accuracy: 90.18%
Validation Batch 320/700, Validation Accuracy: 90.17%
Validation Batch 325/700, Validation Accuracy: 90.14%
Validation Batch 330/700, Validation Accuracy: 90.13%
Validation Batch 335/700, Validation Accuracy: 90.13%
Validation Batch 340/700, Validation Accuracy: 90.13%
Validation Batch 345/700, Validation Accuracy: 90.12%
Validation Batch 350/700, Validation Accuracy: 90.12%
Validation Batch 355/700, Validation Accuracy: 90.13%
Validation Batch 360/700, Validation Accuracy: 90.15%
Validation Batch 365/700, Validation Accuracy: 90.14%
Validation Batch 370/700, Validation Accuracy: 90.15%
Validation Batch 375/700, Validation Accuracy: 90.14%
Validation Batch 380/700, Validation Accuracy: 90.15%
Validation Batch 385/700, Validation Accuracy: 90.13%
Validation Batch 390/700, Validation Accuracy: 90.11%
Validation Batch 395/700, Validation Accuracy: 90.10%
Validation Batch 400/700, Validation Accuracy: 90.11%
Validation Batch 405/700, Validation Accuracy: 90.10%
Validation Batch 410/700, Validation Accuracy: 90.10%
Validation Batch 415/700, Validation Accuracy: 90.12%
Validation Batch 420/700, Validation Accuracy: 90.12%
Validation Batch 425/700, Validation Accuracy: 90.11%
Validation Batch 430/700, Validation Accuracy: 90.14%
Validation Batch 435/700, Validation Accuracy: 90.14%
Validation Batch 440/700, Validation Accuracy: 90.15%
Validation Batch 445/700, Validation Accuracy: 90.15%
Validation Batch 450/700, Validation Accuracy: 90.18%
Validation Batch 455/700, Validation Accuracy: 90.16%
Validation Batch 460/700, Validation Accuracy: 90.17%
Validation Batch 465/700, Validation Accuracy: 90.17%
Validation Batch 470/700, Validation Accuracy: 90.18%
Validation Batch 475/700, Validation Accuracy: 90.16%
Validation Batch 480/700, Validation Accuracy: 90.17%
Validation Batch 485/700, Validation Accuracy: 90.17%
Validation Batch 490/700, Validation Accuracy: 90.17%
Validation Batch 495/700, Validation Accuracy: 90.16%
Validation Batch 500/700, Validation Accuracy: 90.15%
Validation Batch 505/700, Validation Accuracy: 90.16%
Validation Batch 510/700, Validation Accuracy: 90.18%
Validation Batch 515/700, Validation Accuracy: 90.19%
Validation Batch 520/700, Validation Accuracy: 90.20%
Validation Batch 525/700, Validation Accuracy: 90.19%
Validation Batch 530/700, Validation Accuracy: 90.20%
Validation Batch 535/700, Validation Accuracy: 90.17%
Validation Batch 540/700, Validation Accuracy: 90.15%
Validation Batch 545/700, Validation Accuracy: 90.16%
Validation Batch 550/700, Validation Accuracy: 90.18%
Validation Batch 555/700, Validation Accuracy: 90.16%
Validation Batch 560/700, Validation Accuracy: 90.18%
Validation Batch 565/700, Validation Accuracy: 90.16%
Validation Batch 570/700, Validation Accuracy: 90.16%
Validation Batch 575/700, Validation Accuracy: 90.16%
Validation Batch 580/700, Validation Accuracy: 90.16%
Validation Batch 585/700, Validation Accuracy: 90.18%
Validation Batch 590/700, Validation Accuracy: 90.18%
Validation Batch 595/700, Validation Accuracy: 90.18%
Validation Batch 600/700, Validation Accuracy: 90.19%
Validation Batch 605/700, Validation Accuracy: 90.19%
Validation Batch 610/700, Validation Accuracy: 90.19%
Validation Batch 615/700, Validation Accuracy: 90.18%
Validation Batch 620/700, Validation Accuracy: 90.18%
Validation Batch 625/700, Validation Accuracy: 90.17%
Validation Batch 630/700, Validation Accuracy: 90.15%
Validation Batch 635/700, Validation Accuracy: 90.14%
Validation Batch 640/700, Validation Accuracy: 90.15%
Validation Batch 645/700, Validation Accuracy: 90.16%
Validation Batch 650/700, Validation Accuracy: 90.16%
Validation Batch 655/700, Validation Accuracy: 90.17%
Validation Batch 660/700, Validation Accuracy: 90.18%
Validation Batch 665/700, Validation Accuracy: 90.18%
Validation Batch 670/700, Validation Accuracy: 90.18%
Validation Batch 675/700, Validation Accuracy: 90.19%
Validation Batch 680/700, Validation Accuracy: 90.19%
Validation Batch 685/700, Validation Accuracy: 90.18%
Validation Batch 690/700, Validation Accuracy: 90.19%
Validation Batch 695/700, Validation Accuracy: 90.18%
Validation Batch 700/700, Validation Accuracy: 90.19%
Validation Accuracy for Epoch 9: 90.19%
New Best Model Saved! Validation Accuracy: 90.19%

--- Epoch 10/50 ---
Batch 5/2797, Loss: 0.2573, Train Acc: 90.78%
Batch 10/2797, Loss: 0.2486, Train Acc: 90.86%
Batch 15/2797, Loss: 0.2363, Train Acc: 91.30%
Batch 20/2797, Loss: 0.2387, Train Acc: 91.25%
Batch 25/2797, Loss: 0.2350, Train Acc: 91.34%
Batch 30/2797, Loss: 0.2323, Train Acc: 91.38%
Batch 35/2797, Loss: 0.2356, Train Acc: 91.14%
Batch 40/2797, Loss: 0.2324, Train Acc: 91.23%
Batch 45/2797, Loss: 0.2352, Train Acc: 91.01%
Batch 50/2797, Loss: 0.2406, Train Acc: 90.98%
Batch 55/2797, Loss: 0.2392, Train Acc: 91.02%
Batch 60/2797, Loss: 0.2384, Train Acc: 90.99%
Batch 65/2797, Loss: 0.2369, Train Acc: 90.97%
Batch 70/2797, Loss: 0.2384, Train Acc: 90.97%
Batch 75/2797, Loss: 0.2368, Train Acc: 91.07%
Batch 80/2797, Loss: 0.2383, Train Acc: 90.96%
Batch 85/2797, Loss: 0.2382, Train Acc: 90.99%
Batch 90/2797, Loss: 0.2368, Train Acc: 91.05%
Batch 95/2797, Loss: 0.2356, Train Acc: 91.04%
Batch 100/2797, Loss: 0.2354, Train Acc: 91.09%
Batch 105/2797, Loss: 0.2353, Train Acc: 91.12%
Batch 110/2797, Loss: 0.2352, Train Acc: 91.13%
Batch 115/2797, Loss: 0.2351, Train Acc: 91.18%
Batch 120/2797, Loss: 0.2332, Train Acc: 91.25%
Batch 125/2797, Loss: 0.2340, Train Acc: 91.24%
Batch 130/2797, Loss: 0.2357, Train Acc: 91.18%
Batch 135/2797, Loss: 0.2357, Train Acc: 91.20%
Batch 140/2797, Loss: 0.2356, Train Acc: 91.21%
Batch 145/2797, Loss: 0.2354, Train Acc: 91.24%
Batch 150/2797, Loss: 0.2352, Train Acc: 91.26%
Batch 155/2797, Loss: 0.2350, Train Acc: 91.24%
Batch 160/2797, Loss: 0.2350, Train Acc: 91.26%
Batch 165/2797, Loss: 0.2353, Train Acc: 91.24%
Batch 170/2797, Loss: 0.2355, Train Acc: 91.22%
Batch 175/2797, Loss: 0.2356, Train Acc: 91.19%
Batch 180/2797, Loss: 0.2357, Train Acc: 91.19%
Batch 185/2797, Loss: 0.2348, Train Acc: 91.21%
Batch 190/2797, Loss: 0.2352, Train Acc: 91.19%
Batch 195/2797, Loss: 0.2350, Train Acc: 91.22%
Batch 200/2797, Loss: 0.2356, Train Acc: 91.19%
Batch 205/2797, Loss: 0.2359, Train Acc: 91.17%
Batch 210/2797, Loss: 0.2371, Train Acc: 91.15%
Batch 215/2797, Loss: 0.2396, Train Acc: 91.05%
Batch 220/2797, Loss: 0.2403, Train Acc: 91.03%
Batch 225/2797, Loss: 0.2406, Train Acc: 91.01%
Batch 230/2797, Loss: 0.2404, Train Acc: 91.03%
Batch 235/2797, Loss: 0.2401, Train Acc: 91.06%
Batch 240/2797, Loss: 0.2391, Train Acc: 91.09%
Batch 245/2797, Loss: 0.2393, Train Acc: 91.12%
Batch 250/2797, Loss: 0.2388, Train Acc: 91.12%
Batch 255/2797, Loss: 0.2394, Train Acc: 91.10%
Batch 260/2797, Loss: 0.2393, Train Acc: 91.10%
Batch 265/2797, Loss: 0.2396, Train Acc: 91.09%
Batch 270/2797, Loss: 0.2387, Train Acc: 91.13%
Batch 275/2797, Loss: 0.2377, Train Acc: 91.15%
Batch 280/2797, Loss: 0.2377, Train Acc: 91.16%
Batch 285/2797, Loss: 0.2387, Train Acc: 91.14%
Batch 290/2797, Loss: 0.2390, Train Acc: 91.12%
Batch 295/2797, Loss: 0.2390, Train Acc: 91.13%
Batch 300/2797, Loss: 0.2393, Train Acc: 91.12%
Batch 305/2797, Loss: 0.2394, Train Acc: 91.12%
Batch 310/2797, Loss: 0.2390, Train Acc: 91.13%
Batch 315/2797, Loss: 0.2393, Train Acc: 91.13%
Batch 320/2797, Loss: 0.2395, Train Acc: 91.12%
Batch 325/2797, Loss: 0.2392, Train Acc: 91.12%
Batch 330/2797, Loss: 0.2397, Train Acc: 91.11%
Batch 335/2797, Loss: 0.2399, Train Acc: 91.09%
Batch 340/2797, Loss: 0.2405, Train Acc: 91.08%
Batch 345/2797, Loss: 0.2405, Train Acc: 91.08%
Batch 350/2797, Loss: 0.2411, Train Acc: 91.07%
Batch 355/2797, Loss: 0.2407, Train Acc: 91.08%
Batch 360/2797, Loss: 0.2407, Train Acc: 91.09%
Batch 365/2797, Loss: 0.2406, Train Acc: 91.10%
Batch 370/2797, Loss: 0.2413, Train Acc: 91.10%
Batch 375/2797, Loss: 0.2410, Train Acc: 91.11%
Batch 380/2797, Loss: 0.2410, Train Acc: 91.11%
Batch 385/2797, Loss: 0.2406, Train Acc: 91.14%
Batch 390/2797, Loss: 0.2410, Train Acc: 91.13%
Batch 395/2797, Loss: 0.2404, Train Acc: 91.15%
Batch 400/2797, Loss: 0.2402, Train Acc: 91.15%
Batch 405/2797, Loss: 0.2404, Train Acc: 91.13%
Batch 410/2797, Loss: 0.2408, Train Acc: 91.12%
Batch 415/2797, Loss: 0.2410, Train Acc: 91.12%
Batch 420/2797, Loss: 0.2407, Train Acc: 91.13%
Batch 425/2797, Loss: 0.2401, Train Acc: 91.16%
Batch 430/2797, Loss: 0.2399, Train Acc: 91.16%
Batch 435/2797, Loss: 0.2397, Train Acc: 91.17%
Batch 440/2797, Loss: 0.2399, Train Acc: 91.16%
Batch 445/2797, Loss: 0.2401, Train Acc: 91.15%
Batch 450/2797, Loss: 0.2399, Train Acc: 91.15%
Batch 455/2797, Loss: 0.2399, Train Acc: 91.15%
Batch 460/2797, Loss: 0.2395, Train Acc: 91.16%
Batch 465/2797, Loss: 0.2392, Train Acc: 91.16%
Batch 470/2797, Loss: 0.2391, Train Acc: 91.17%
Batch 475/2797, Loss: 0.2391, Train Acc: 91.17%
Batch 480/2797, Loss: 0.2389, Train Acc: 91.19%
Batch 485/2797, Loss: 0.2387, Train Acc: 91.19%
Batch 490/2797, Loss: 0.2388, Train Acc: 91.18%
Batch 495/2797, Loss: 0.2392, Train Acc: 91.16%
Batch 500/2797, Loss: 0.2386, Train Acc: 91.17%
Batch 505/2797, Loss: 0.2385, Train Acc: 91.19%
Batch 510/2797, Loss: 0.2385, Train Acc: 91.18%
Batch 515/2797, Loss: 0.2383, Train Acc: 91.19%
Batch 520/2797, Loss: 0.2381, Train Acc: 91.19%
Batch 525/2797, Loss: 0.2381, Train Acc: 91.20%
Batch 530/2797, Loss: 0.2380, Train Acc: 91.21%
Batch 535/2797, Loss: 0.2377, Train Acc: 91.21%
Batch 540/2797, Loss: 0.2378, Train Acc: 91.22%
Batch 545/2797, Loss: 0.2378, Train Acc: 91.22%
Batch 550/2797, Loss: 0.2375, Train Acc: 91.23%
Batch 555/2797, Loss: 0.2375, Train Acc: 91.23%
Batch 560/2797, Loss: 0.2372, Train Acc: 91.24%
Batch 565/2797, Loss: 0.2372, Train Acc: 91.23%
Batch 570/2797, Loss: 0.2370, Train Acc: 91.24%
Batch 575/2797, Loss: 0.2370, Train Acc: 91.24%
Batch 580/2797, Loss: 0.2369, Train Acc: 91.26%
Batch 585/2797, Loss: 0.2369, Train Acc: 91.26%
Batch 590/2797, Loss: 0.2370, Train Acc: 91.26%
Batch 595/2797, Loss: 0.2370, Train Acc: 91.26%
Batch 600/2797, Loss: 0.2368, Train Acc: 91.27%
Batch 605/2797, Loss: 0.2368, Train Acc: 91.26%
Batch 610/2797, Loss: 0.2365, Train Acc: 91.28%
Batch 615/2797, Loss: 0.2368, Train Acc: 91.27%
Batch 620/2797, Loss: 0.2371, Train Acc: 91.26%
Batch 625/2797, Loss: 0.2372, Train Acc: 91.26%
Batch 630/2797, Loss: 0.2370, Train Acc: 91.26%
Batch 635/2797, Loss: 0.2366, Train Acc: 91.27%
Batch 640/2797, Loss: 0.2366, Train Acc: 91.27%
Batch 645/2797, Loss: 0.2368, Train Acc: 91.27%
Batch 650/2797, Loss: 0.2369, Train Acc: 91.26%
Batch 655/2797, Loss: 0.2369, Train Acc: 91.27%
Batch 660/2797, Loss: 0.2366, Train Acc: 91.29%
Batch 665/2797, Loss: 0.2366, Train Acc: 91.29%
Batch 670/2797, Loss: 0.2365, Train Acc: 91.30%
Batch 675/2797, Loss: 0.2367, Train Acc: 91.29%
Batch 680/2797, Loss: 0.2367, Train Acc: 91.29%
Batch 685/2797, Loss: 0.2368, Train Acc: 91.28%
Batch 690/2797, Loss: 0.2369, Train Acc: 91.27%
Batch 695/2797, Loss: 0.2368, Train Acc: 91.26%
Batch 700/2797, Loss: 0.2365, Train Acc: 91.26%
Batch 705/2797, Loss: 0.2363, Train Acc: 91.27%
Batch 710/2797, Loss: 0.2362, Train Acc: 91.28%
Batch 715/2797, Loss: 0.2360, Train Acc: 91.28%
Batch 720/2797, Loss: 0.2364, Train Acc: 91.26%
Batch 725/2797, Loss: 0.2363, Train Acc: 91.26%
Batch 730/2797, Loss: 0.2362, Train Acc: 91.26%
Batch 735/2797, Loss: 0.2362, Train Acc: 91.26%
Batch 740/2797, Loss: 0.2363, Train Acc: 91.26%
Batch 745/2797, Loss: 0.2364, Train Acc: 91.26%
Batch 750/2797, Loss: 0.2367, Train Acc: 91.25%
Batch 755/2797, Loss: 0.2369, Train Acc: 91.24%
Batch 760/2797, Loss: 0.2370, Train Acc: 91.24%
Batch 765/2797, Loss: 0.2371, Train Acc: 91.24%
Batch 770/2797, Loss: 0.2373, Train Acc: 91.23%
Batch 775/2797, Loss: 0.2374, Train Acc: 91.22%
Batch 780/2797, Loss: 0.2374, Train Acc: 91.21%
Batch 785/2797, Loss: 0.2377, Train Acc: 91.21%
Batch 790/2797, Loss: 0.2374, Train Acc: 91.22%
Batch 795/2797, Loss: 0.2374, Train Acc: 91.22%
Batch 800/2797, Loss: 0.2374, Train Acc: 91.22%
Batch 805/2797, Loss: 0.2375, Train Acc: 91.22%
Batch 810/2797, Loss: 0.2377, Train Acc: 91.21%
Batch 815/2797, Loss: 0.2378, Train Acc: 91.21%
Batch 820/2797, Loss: 0.2377, Train Acc: 91.21%
Batch 825/2797, Loss: 0.2377, Train Acc: 91.21%
Batch 830/2797, Loss: 0.2381, Train Acc: 91.20%
Batch 835/2797, Loss: 0.2384, Train Acc: 91.19%
Batch 840/2797, Loss: 0.2383, Train Acc: 91.19%
Batch 845/2797, Loss: 0.2383, Train Acc: 91.19%
Batch 850/2797, Loss: 0.2385, Train Acc: 91.18%
Batch 855/2797, Loss: 0.2383, Train Acc: 91.19%
Batch 860/2797, Loss: 0.2384, Train Acc: 91.18%
Batch 865/2797, Loss: 0.2384, Train Acc: 91.17%
Batch 870/2797, Loss: 0.2382, Train Acc: 91.19%
Batch 875/2797, Loss: 0.2381, Train Acc: 91.19%
Batch 880/2797, Loss: 0.2379, Train Acc: 91.20%
Batch 885/2797, Loss: 0.2380, Train Acc: 91.20%
Batch 890/2797, Loss: 0.2378, Train Acc: 91.20%
Batch 895/2797, Loss: 0.2376, Train Acc: 91.21%
Batch 900/2797, Loss: 0.2377, Train Acc: 91.21%
Batch 905/2797, Loss: 0.2376, Train Acc: 91.21%
Batch 910/2797, Loss: 0.2378, Train Acc: 91.20%
Batch 915/2797, Loss: 0.2379, Train Acc: 91.20%
Batch 920/2797, Loss: 0.2378, Train Acc: 91.20%
Batch 925/2797, Loss: 0.2380, Train Acc: 91.19%
Batch 930/2797, Loss: 0.2380, Train Acc: 91.19%
Batch 935/2797, Loss: 0.2381, Train Acc: 91.18%
Batch 940/2797, Loss: 0.2382, Train Acc: 91.18%
Batch 945/2797, Loss: 0.2380, Train Acc: 91.19%
Batch 950/2797, Loss: 0.2380, Train Acc: 91.20%
Batch 955/2797, Loss: 0.2377, Train Acc: 91.21%
Batch 960/2797, Loss: 0.2376, Train Acc: 91.21%
Batch 965/2797, Loss: 0.2373, Train Acc: 91.22%
Batch 970/2797, Loss: 0.2373, Train Acc: 91.22%
Batch 975/2797, Loss: 0.2372, Train Acc: 91.22%
Batch 980/2797, Loss: 0.2375, Train Acc: 91.21%
Batch 985/2797, Loss: 0.2375, Train Acc: 91.21%
Batch 990/2797, Loss: 0.2378, Train Acc: 91.20%
Batch 995/2797, Loss: 0.2377, Train Acc: 91.20%
Batch 1000/2797, Loss: 0.2378, Train Acc: 91.20%
Batch 1005/2797, Loss: 0.2378, Train Acc: 91.20%
Batch 1010/2797, Loss: 0.2377, Train Acc: 91.21%
Batch 1015/2797, Loss: 0.2376, Train Acc: 91.21%
Batch 1020/2797, Loss: 0.2377, Train Acc: 91.21%
Batch 1025/2797, Loss: 0.2376, Train Acc: 91.21%
Batch 1030/2797, Loss: 0.2375, Train Acc: 91.21%
Batch 1035/2797, Loss: 0.2375, Train Acc: 91.20%
Batch 1040/2797, Loss: 0.2376, Train Acc: 91.20%
Batch 1045/2797, Loss: 0.2375, Train Acc: 91.20%
Batch 1050/2797, Loss: 0.2374, Train Acc: 91.20%
Batch 1055/2797, Loss: 0.2373, Train Acc: 91.21%
Batch 1060/2797, Loss: 0.2373, Train Acc: 91.21%
Batch 1065/2797, Loss: 0.2376, Train Acc: 91.20%
Batch 1070/2797, Loss: 0.2376, Train Acc: 91.20%
Batch 1075/2797, Loss: 0.2377, Train Acc: 91.20%
Batch 1080/2797, Loss: 0.2377, Train Acc: 91.20%
Batch 1085/2797, Loss: 0.2376, Train Acc: 91.20%
Batch 1090/2797, Loss: 0.2376, Train Acc: 91.20%
Batch 1095/2797, Loss: 0.2377, Train Acc: 91.19%
Batch 1100/2797, Loss: 0.2375, Train Acc: 91.20%
Batch 1105/2797, Loss: 0.2375, Train Acc: 91.20%
Batch 1110/2797, Loss: 0.2375, Train Acc: 91.20%
Batch 1115/2797, Loss: 0.2373, Train Acc: 91.21%
Batch 1120/2797, Loss: 0.2372, Train Acc: 91.21%
Batch 1125/2797, Loss: 0.2371, Train Acc: 91.22%
Batch 1130/2797, Loss: 0.2372, Train Acc: 91.22%
Batch 1135/2797, Loss: 0.2372, Train Acc: 91.22%
Batch 1140/2797, Loss: 0.2371, Train Acc: 91.22%
Batch 1145/2797, Loss: 0.2370, Train Acc: 91.23%
Batch 1150/2797, Loss: 0.2371, Train Acc: 91.22%
Batch 1155/2797, Loss: 0.2370, Train Acc: 91.22%
Batch 1160/2797, Loss: 0.2370, Train Acc: 91.23%
Batch 1165/2797, Loss: 0.2371, Train Acc: 91.22%
Batch 1170/2797, Loss: 0.2373, Train Acc: 91.21%
Batch 1175/2797, Loss: 0.2373, Train Acc: 91.21%
Batch 1180/2797, Loss: 0.2373, Train Acc: 91.21%
Batch 1185/2797, Loss: 0.2374, Train Acc: 91.20%
Batch 1190/2797, Loss: 0.2373, Train Acc: 91.21%
Batch 1195/2797, Loss: 0.2375, Train Acc: 91.20%
Batch 1200/2797, Loss: 0.2374, Train Acc: 91.21%
Batch 1205/2797, Loss: 0.2374, Train Acc: 91.20%
Batch 1210/2797, Loss: 0.2375, Train Acc: 91.20%
Batch 1215/2797, Loss: 0.2375, Train Acc: 91.20%
Batch 1220/2797, Loss: 0.2375, Train Acc: 91.20%
Batch 1225/2797, Loss: 0.2376, Train Acc: 91.20%
Batch 1230/2797, Loss: 0.2376, Train Acc: 91.20%
Batch 1235/2797, Loss: 0.2375, Train Acc: 91.20%
Batch 1240/2797, Loss: 0.2374, Train Acc: 91.20%
Batch 1245/2797, Loss: 0.2374, Train Acc: 91.20%
Batch 1250/2797, Loss: 0.2375, Train Acc: 91.20%
Batch 1255/2797, Loss: 0.2374, Train Acc: 91.21%
Batch 1260/2797, Loss: 0.2372, Train Acc: 91.22%
Batch 1265/2797, Loss: 0.2371, Train Acc: 91.22%
Batch 1270/2797, Loss: 0.2370, Train Acc: 91.23%
Batch 1275/2797, Loss: 0.2369, Train Acc: 91.24%
Batch 1280/2797, Loss: 0.2369, Train Acc: 91.24%
Batch 1285/2797, Loss: 0.2368, Train Acc: 91.24%
Batch 1290/2797, Loss: 0.2367, Train Acc: 91.25%
Batch 1295/2797, Loss: 0.2367, Train Acc: 91.24%
Batch 1300/2797, Loss: 0.2366, Train Acc: 91.24%
Batch 1305/2797, Loss: 0.2366, Train Acc: 91.24%
Batch 1310/2797, Loss: 0.2365, Train Acc: 91.24%
Batch 1315/2797, Loss: 0.2366, Train Acc: 91.24%
Batch 1320/2797, Loss: 0.2365, Train Acc: 91.24%
Batch 1325/2797, Loss: 0.2367, Train Acc: 91.23%
Batch 1330/2797, Loss: 0.2368, Train Acc: 91.23%
Batch 1335/2797, Loss: 0.2368, Train Acc: 91.22%
Batch 1340/2797, Loss: 0.2369, Train Acc: 91.22%
Batch 1345/2797, Loss: 0.2369, Train Acc: 91.22%
Batch 1350/2797, Loss: 0.2368, Train Acc: 91.22%
Batch 1355/2797, Loss: 0.2368, Train Acc: 91.22%
Batch 1360/2797, Loss: 0.2369, Train Acc: 91.22%
Batch 1365/2797, Loss: 0.2368, Train Acc: 91.22%
Batch 1370/2797, Loss: 0.2368, Train Acc: 91.22%
Batch 1375/2797, Loss: 0.2368, Train Acc: 91.22%
Batch 1380/2797, Loss: 0.2368, Train Acc: 91.21%
Batch 1385/2797, Loss: 0.2368, Train Acc: 91.21%
Batch 1390/2797, Loss: 0.2370, Train Acc: 91.20%
Batch 1395/2797, Loss: 0.2371, Train Acc: 91.20%
Batch 1400/2797, Loss: 0.2371, Train Acc: 91.20%
Batch 1405/2797, Loss: 0.2373, Train Acc: 91.19%
Batch 1410/2797, Loss: 0.2373, Train Acc: 91.19%
Batch 1415/2797, Loss: 0.2372, Train Acc: 91.19%
Batch 1420/2797, Loss: 0.2373, Train Acc: 91.20%
Batch 1425/2797, Loss: 0.2372, Train Acc: 91.20%
Batch 1430/2797, Loss: 0.2373, Train Acc: 91.19%
Batch 1435/2797, Loss: 0.2372, Train Acc: 91.20%
Batch 1440/2797, Loss: 0.2372, Train Acc: 91.20%
Batch 1445/2797, Loss: 0.2372, Train Acc: 91.20%
Batch 1450/2797, Loss: 0.2373, Train Acc: 91.19%
Batch 1455/2797, Loss: 0.2373, Train Acc: 91.19%
Batch 1460/2797, Loss: 0.2372, Train Acc: 91.20%
Batch 1465/2797, Loss: 0.2372, Train Acc: 91.19%
Batch 1470/2797, Loss: 0.2373, Train Acc: 91.19%
Batch 1475/2797, Loss: 0.2371, Train Acc: 91.19%
Batch 1480/2797, Loss: 0.2372, Train Acc: 91.19%
Batch 1485/2797, Loss: 0.2372, Train Acc: 91.19%
Batch 1490/2797, Loss: 0.2371, Train Acc: 91.19%
Batch 1495/2797, Loss: 0.2370, Train Acc: 91.20%
Batch 1500/2797, Loss: 0.2369, Train Acc: 91.20%
Batch 1505/2797, Loss: 0.2370, Train Acc: 91.19%
Batch 1510/2797, Loss: 0.2369, Train Acc: 91.20%
Batch 1515/2797, Loss: 0.2368, Train Acc: 91.20%
Batch 1520/2797, Loss: 0.2366, Train Acc: 91.21%
Batch 1525/2797, Loss: 0.2367, Train Acc: 91.20%
Batch 1530/2797, Loss: 0.2365, Train Acc: 91.21%
Batch 1535/2797, Loss: 0.2366, Train Acc: 91.21%
Batch 1540/2797, Loss: 0.2365, Train Acc: 91.21%
Batch 1545/2797, Loss: 0.2364, Train Acc: 91.22%
Batch 1550/2797, Loss: 0.2364, Train Acc: 91.22%
Batch 1555/2797, Loss: 0.2362, Train Acc: 91.23%
Batch 1560/2797, Loss: 0.2362, Train Acc: 91.23%
Batch 1565/2797, Loss: 0.2362, Train Acc: 91.23%
Batch 1570/2797, Loss: 0.2361, Train Acc: 91.23%
Batch 1575/2797, Loss: 0.2362, Train Acc: 91.22%
Batch 1580/2797, Loss: 0.2362, Train Acc: 91.22%
Batch 1585/2797, Loss: 0.2363, Train Acc: 91.22%
Batch 1590/2797, Loss: 0.2363, Train Acc: 91.22%
Batch 1595/2797, Loss: 0.2365, Train Acc: 91.21%
Batch 1600/2797, Loss: 0.2365, Train Acc: 91.21%
Batch 1605/2797, Loss: 0.2366, Train Acc: 91.21%
Batch 1610/2797, Loss: 0.2368, Train Acc: 91.20%
Batch 1615/2797, Loss: 0.2367, Train Acc: 91.21%
Batch 1620/2797, Loss: 0.2368, Train Acc: 91.21%
Batch 1625/2797, Loss: 0.2367, Train Acc: 91.21%
Batch 1630/2797, Loss: 0.2367, Train Acc: 91.22%
Batch 1635/2797, Loss: 0.2366, Train Acc: 91.22%
Batch 1640/2797, Loss: 0.2366, Train Acc: 91.22%
Batch 1645/2797, Loss: 0.2366, Train Acc: 91.22%
Batch 1650/2797, Loss: 0.2368, Train Acc: 91.21%
Batch 1655/2797, Loss: 0.2367, Train Acc: 91.21%
Batch 1660/2797, Loss: 0.2368, Train Acc: 91.21%
Batch 1665/2797, Loss: 0.2366, Train Acc: 91.22%
Batch 1670/2797, Loss: 0.2366, Train Acc: 91.22%
Batch 1675/2797, Loss: 0.2367, Train Acc: 91.22%
Batch 1680/2797, Loss: 0.2368, Train Acc: 91.21%
Batch 1685/2797, Loss: 0.2368, Train Acc: 91.22%
Batch 1690/2797, Loss: 0.2367, Train Acc: 91.22%
Batch 1695/2797, Loss: 0.2367, Train Acc: 91.22%
Batch 1700/2797, Loss: 0.2366, Train Acc: 91.22%
Batch 1705/2797, Loss: 0.2365, Train Acc: 91.23%
Batch 1710/2797, Loss: 0.2367, Train Acc: 91.22%
Batch 1715/2797, Loss: 0.2366, Train Acc: 91.22%
Batch 1720/2797, Loss: 0.2366, Train Acc: 91.23%
Batch 1725/2797, Loss: 0.2366, Train Acc: 91.23%
Batch 1730/2797, Loss: 0.2367, Train Acc: 91.23%
Batch 1735/2797, Loss: 0.2367, Train Acc: 91.23%
Batch 1740/2797, Loss: 0.2366, Train Acc: 91.23%
Batch 1745/2797, Loss: 0.2366, Train Acc: 91.23%
Batch 1750/2797, Loss: 0.2366, Train Acc: 91.23%
Batch 1755/2797, Loss: 0.2365, Train Acc: 91.24%
Batch 1760/2797, Loss: 0.2365, Train Acc: 91.24%
Batch 1765/2797, Loss: 0.2366, Train Acc: 91.24%
Batch 1770/2797, Loss: 0.2366, Train Acc: 91.24%
Batch 1775/2797, Loss: 0.2366, Train Acc: 91.24%
Batch 1780/2797, Loss: 0.2367, Train Acc: 91.23%
Batch 1785/2797, Loss: 0.2367, Train Acc: 91.24%
Batch 1790/2797, Loss: 0.2366, Train Acc: 91.24%
Batch 1795/2797, Loss: 0.2367, Train Acc: 91.23%
Batch 1800/2797, Loss: 0.2367, Train Acc: 91.23%
Batch 1805/2797, Loss: 0.2368, Train Acc: 91.23%
Batch 1810/2797, Loss: 0.2367, Train Acc: 91.24%
Batch 1815/2797, Loss: 0.2366, Train Acc: 91.24%
Batch 1820/2797, Loss: 0.2366, Train Acc: 91.24%
Batch 1825/2797, Loss: 0.2366, Train Acc: 91.24%
Batch 1830/2797, Loss: 0.2366, Train Acc: 91.24%
Batch 1835/2797, Loss: 0.2367, Train Acc: 91.24%
Batch 1840/2797, Loss: 0.2368, Train Acc: 91.24%
Batch 1845/2797, Loss: 0.2369, Train Acc: 91.23%
Batch 1850/2797, Loss: 0.2370, Train Acc: 91.23%
Batch 1855/2797, Loss: 0.2371, Train Acc: 91.22%
Batch 1860/2797, Loss: 0.2371, Train Acc: 91.22%
Batch 1865/2797, Loss: 0.2371, Train Acc: 91.22%
Batch 1870/2797, Loss: 0.2371, Train Acc: 91.22%
Batch 1875/2797, Loss: 0.2371, Train Acc: 91.22%
Batch 1880/2797, Loss: 0.2372, Train Acc: 91.21%
Batch 1885/2797, Loss: 0.2371, Train Acc: 91.21%
Batch 1890/2797, Loss: 0.2372, Train Acc: 91.21%
Batch 1895/2797, Loss: 0.2372, Train Acc: 91.21%
Batch 1900/2797, Loss: 0.2372, Train Acc: 91.21%
Batch 1905/2797, Loss: 0.2374, Train Acc: 91.20%
Batch 1910/2797, Loss: 0.2375, Train Acc: 91.20%
Batch 1915/2797, Loss: 0.2375, Train Acc: 91.20%
Batch 1920/2797, Loss: 0.2376, Train Acc: 91.20%
Batch 1925/2797, Loss: 0.2376, Train Acc: 91.20%
Batch 1930/2797, Loss: 0.2376, Train Acc: 91.19%
Batch 1935/2797, Loss: 0.2379, Train Acc: 91.19%
Batch 1940/2797, Loss: 0.2379, Train Acc: 91.19%
Batch 1945/2797, Loss: 0.2380, Train Acc: 91.18%
Batch 1950/2797, Loss: 0.2379, Train Acc: 91.18%
Batch 1955/2797, Loss: 0.2379, Train Acc: 91.19%
Batch 1960/2797, Loss: 0.2380, Train Acc: 91.18%
Batch 1965/2797, Loss: 0.2379, Train Acc: 91.18%
Batch 1970/2797, Loss: 0.2379, Train Acc: 91.18%
Batch 1975/2797, Loss: 0.2379, Train Acc: 91.18%
Batch 1980/2797, Loss: 0.2378, Train Acc: 91.18%
Batch 1985/2797, Loss: 0.2378, Train Acc: 91.19%
Batch 1990/2797, Loss: 0.2378, Train Acc: 91.19%
Batch 1995/2797, Loss: 0.2379, Train Acc: 91.18%
Batch 2000/2797, Loss: 0.2378, Train Acc: 91.18%
Batch 2005/2797, Loss: 0.2378, Train Acc: 91.18%
Batch 2010/2797, Loss: 0.2379, Train Acc: 91.18%
Batch 2015/2797, Loss: 0.2380, Train Acc: 91.18%
Batch 2020/2797, Loss: 0.2379, Train Acc: 91.18%
Batch 2025/2797, Loss: 0.2381, Train Acc: 91.18%
Batch 2030/2797, Loss: 0.2380, Train Acc: 91.18%
Batch 2035/2797, Loss: 0.2381, Train Acc: 91.18%
Batch 2040/2797, Loss: 0.2381, Train Acc: 91.17%
Batch 2045/2797, Loss: 0.2381, Train Acc: 91.17%
Batch 2050/2797, Loss: 0.2381, Train Acc: 91.17%
Batch 2055/2797, Loss: 0.2381, Train Acc: 91.17%
Batch 2060/2797, Loss: 0.2380, Train Acc: 91.18%
Batch 2065/2797, Loss: 0.2381, Train Acc: 91.17%
Batch 2070/2797, Loss: 0.2381, Train Acc: 91.18%
Batch 2075/2797, Loss: 0.2382, Train Acc: 91.17%
Batch 2080/2797, Loss: 0.2382, Train Acc: 91.17%
Batch 2085/2797, Loss: 0.2383, Train Acc: 91.17%
Batch 2090/2797, Loss: 0.2383, Train Acc: 91.17%
Batch 2095/2797, Loss: 0.2383, Train Acc: 91.18%
Batch 2100/2797, Loss: 0.2383, Train Acc: 91.18%
Batch 2105/2797, Loss: 0.2384, Train Acc: 91.17%
Batch 2110/2797, Loss: 0.2383, Train Acc: 91.18%
Batch 2115/2797, Loss: 0.2382, Train Acc: 91.18%
Batch 2120/2797, Loss: 0.2382, Train Acc: 91.17%
Batch 2125/2797, Loss: 0.2382, Train Acc: 91.17%
Batch 2130/2797, Loss: 0.2382, Train Acc: 91.17%
Batch 2135/2797, Loss: 0.2382, Train Acc: 91.17%
Batch 2140/2797, Loss: 0.2382, Train Acc: 91.17%
Batch 2145/2797, Loss: 0.2382, Train Acc: 91.17%
Batch 2150/2797, Loss: 0.2383, Train Acc: 91.17%
Batch 2155/2797, Loss: 0.2382, Train Acc: 91.17%
Batch 2160/2797, Loss: 0.2382, Train Acc: 91.18%
Batch 2165/2797, Loss: 0.2382, Train Acc: 91.18%
Batch 2170/2797, Loss: 0.2383, Train Acc: 91.17%
Batch 2175/2797, Loss: 0.2382, Train Acc: 91.17%
Batch 2180/2797, Loss: 0.2383, Train Acc: 91.17%
Batch 2185/2797, Loss: 0.2383, Train Acc: 91.17%
Batch 2190/2797, Loss: 0.2384, Train Acc: 91.17%
Batch 2195/2797, Loss: 0.2383, Train Acc: 91.17%
Batch 2200/2797, Loss: 0.2383, Train Acc: 91.18%
Batch 2205/2797, Loss: 0.2383, Train Acc: 91.18%
Batch 2210/2797, Loss: 0.2385, Train Acc: 91.17%
Batch 2215/2797, Loss: 0.2386, Train Acc: 91.17%
Batch 2220/2797, Loss: 0.2386, Train Acc: 91.17%
Batch 2225/2797, Loss: 0.2385, Train Acc: 91.17%
Batch 2230/2797, Loss: 0.2386, Train Acc: 91.17%
Batch 2235/2797, Loss: 0.2386, Train Acc: 91.17%
Batch 2240/2797, Loss: 0.2386, Train Acc: 91.17%
Batch 2245/2797, Loss: 0.2387, Train Acc: 91.17%
Batch 2250/2797, Loss: 0.2386, Train Acc: 91.17%
Batch 2255/2797, Loss: 0.2386, Train Acc: 91.17%
Batch 2260/2797, Loss: 0.2386, Train Acc: 91.17%
Batch 2265/2797, Loss: 0.2386, Train Acc: 91.17%
Batch 2270/2797, Loss: 0.2387, Train Acc: 91.16%
Batch 2275/2797, Loss: 0.2387, Train Acc: 91.17%
Batch 2280/2797, Loss: 0.2387, Train Acc: 91.16%
Batch 2285/2797, Loss: 0.2388, Train Acc: 91.16%
Batch 2290/2797, Loss: 0.2388, Train Acc: 91.16%
Batch 2295/2797, Loss: 0.2389, Train Acc: 91.16%
Batch 2300/2797, Loss: 0.2390, Train Acc: 91.16%
Batch 2305/2797, Loss: 0.2390, Train Acc: 91.15%
Batch 2310/2797, Loss: 0.2391, Train Acc: 91.15%
Batch 2315/2797, Loss: 0.2391, Train Acc: 91.15%
Batch 2320/2797, Loss: 0.2392, Train Acc: 91.15%
Batch 2325/2797, Loss: 0.2391, Train Acc: 91.15%
Batch 2330/2797, Loss: 0.2391, Train Acc: 91.15%
Batch 2335/2797, Loss: 0.2391, Train Acc: 91.15%
Batch 2340/2797, Loss: 0.2391, Train Acc: 91.15%
Batch 2345/2797, Loss: 0.2392, Train Acc: 91.15%
Batch 2350/2797, Loss: 0.2392, Train Acc: 91.15%
Batch 2355/2797, Loss: 0.2392, Train Acc: 91.14%
Batch 2360/2797, Loss: 0.2393, Train Acc: 91.14%
Batch 2365/2797, Loss: 0.2392, Train Acc: 91.15%
Batch 2370/2797, Loss: 0.2392, Train Acc: 91.15%
Batch 2375/2797, Loss: 0.2394, Train Acc: 91.14%
Batch 2380/2797, Loss: 0.2395, Train Acc: 91.14%
Batch 2385/2797, Loss: 0.2395, Train Acc: 91.14%
Batch 2390/2797, Loss: 0.2396, Train Acc: 91.14%
Batch 2395/2797, Loss: 0.2396, Train Acc: 91.14%
Batch 2400/2797, Loss: 0.2396, Train Acc: 91.14%
Batch 2405/2797, Loss: 0.2395, Train Acc: 91.14%
Batch 2410/2797, Loss: 0.2396, Train Acc: 91.14%
Batch 2415/2797, Loss: 0.2395, Train Acc: 91.15%
Batch 2420/2797, Loss: 0.2395, Train Acc: 91.14%
Batch 2425/2797, Loss: 0.2395, Train Acc: 91.14%
Batch 2430/2797, Loss: 0.2395, Train Acc: 91.14%
Batch 2435/2797, Loss: 0.2395, Train Acc: 91.14%
Batch 2440/2797, Loss: 0.2395, Train Acc: 91.14%
Batch 2445/2797, Loss: 0.2395, Train Acc: 91.15%
Batch 2450/2797, Loss: 0.2395, Train Acc: 91.15%
Batch 2455/2797, Loss: 0.2395, Train Acc: 91.15%
Batch 2460/2797, Loss: 0.2395, Train Acc: 91.14%
Batch 2465/2797, Loss: 0.2396, Train Acc: 91.14%
Batch 2470/2797, Loss: 0.2395, Train Acc: 91.14%
Batch 2475/2797, Loss: 0.2395, Train Acc: 91.14%
Batch 2480/2797, Loss: 0.2394, Train Acc: 91.15%
Batch 2485/2797, Loss: 0.2395, Train Acc: 91.15%
Batch 2490/2797, Loss: 0.2394, Train Acc: 91.15%
Batch 2495/2797, Loss: 0.2395, Train Acc: 91.15%
Batch 2500/2797, Loss: 0.2395, Train Acc: 91.15%
Batch 2505/2797, Loss: 0.2395, Train Acc: 91.15%
Batch 2510/2797, Loss: 0.2394, Train Acc: 91.16%
Batch 2515/2797, Loss: 0.2394, Train Acc: 91.15%
Batch 2520/2797, Loss: 0.2394, Train Acc: 91.15%
Batch 2525/2797, Loss: 0.2395, Train Acc: 91.15%
Batch 2530/2797, Loss: 0.2395, Train Acc: 91.15%
Batch 2535/2797, Loss: 0.2395, Train Acc: 91.15%
Batch 2540/2797, Loss: 0.2396, Train Acc: 91.15%
Batch 2545/2797, Loss: 0.2396, Train Acc: 91.15%
Batch 2550/2797, Loss: 0.2397, Train Acc: 91.14%
Batch 2555/2797, Loss: 0.2397, Train Acc: 91.14%
Batch 2560/2797, Loss: 0.2397, Train Acc: 91.14%
Batch 2565/2797, Loss: 0.2396, Train Acc: 91.15%
Batch 2570/2797, Loss: 0.2397, Train Acc: 91.15%
Batch 2575/2797, Loss: 0.2398, Train Acc: 91.14%
Batch 2580/2797, Loss: 0.2398, Train Acc: 91.14%
Batch 2585/2797, Loss: 0.2398, Train Acc: 91.14%
Batch 2590/2797, Loss: 0.2398, Train Acc: 91.14%
Batch 2595/2797, Loss: 0.2397, Train Acc: 91.14%
Batch 2600/2797, Loss: 0.2398, Train Acc: 91.14%
Batch 2605/2797, Loss: 0.2399, Train Acc: 91.14%
Batch 2610/2797, Loss: 0.2399, Train Acc: 91.14%
Batch 2615/2797, Loss: 0.2401, Train Acc: 91.13%
Batch 2620/2797, Loss: 0.2401, Train Acc: 91.13%
Batch 2625/2797, Loss: 0.2402, Train Acc: 91.12%
Batch 2630/2797, Loss: 0.2401, Train Acc: 91.13%
Batch 2635/2797, Loss: 0.2402, Train Acc: 91.13%
Batch 2640/2797, Loss: 0.2402, Train Acc: 91.13%
Batch 2645/2797, Loss: 0.2402, Train Acc: 91.12%
Batch 2650/2797, Loss: 0.2402, Train Acc: 91.12%
Batch 2655/2797, Loss: 0.2402, Train Acc: 91.12%
Batch 2660/2797, Loss: 0.2402, Train Acc: 91.12%
Batch 2665/2797, Loss: 0.2403, Train Acc: 91.12%
Batch 2670/2797, Loss: 0.2403, Train Acc: 91.12%
Batch 2675/2797, Loss: 0.2403, Train Acc: 91.11%
Batch 2680/2797, Loss: 0.2403, Train Acc: 91.12%
Batch 2685/2797, Loss: 0.2403, Train Acc: 91.11%
Batch 2690/2797, Loss: 0.2403, Train Acc: 91.11%
Batch 2695/2797, Loss: 0.2403, Train Acc: 91.11%
Batch 2700/2797, Loss: 0.2403, Train Acc: 91.11%
Batch 2705/2797, Loss: 0.2402, Train Acc: 91.12%
Batch 2710/2797, Loss: 0.2402, Train Acc: 91.11%
Batch 2715/2797, Loss: 0.2402, Train Acc: 91.11%
Batch 2720/2797, Loss: 0.2402, Train Acc: 91.11%
Batch 2725/2797, Loss: 0.2402, Train Acc: 91.11%
Batch 2730/2797, Loss: 0.2402, Train Acc: 91.11%
Batch 2735/2797, Loss: 0.2402, Train Acc: 91.11%
Batch 2740/2797, Loss: 0.2402, Train Acc: 91.11%
Batch 2745/2797, Loss: 0.2402, Train Acc: 91.11%
Batch 2750/2797, Loss: 0.2403, Train Acc: 91.11%
Batch 2755/2797, Loss: 0.2403, Train Acc: 91.11%
Batch 2760/2797, Loss: 0.2403, Train Acc: 91.11%
Batch 2765/2797, Loss: 0.2403, Train Acc: 91.11%
Batch 2770/2797, Loss: 0.2404, Train Acc: 91.11%
Batch 2775/2797, Loss: 0.2405, Train Acc: 91.11%
Batch 2780/2797, Loss: 0.2405, Train Acc: 91.11%
Batch 2785/2797, Loss: 0.2405, Train Acc: 91.11%
Batch 2790/2797, Loss: 0.2405, Train Acc: 91.11%
Batch 2795/2797, Loss: 0.2405, Train Acc: 91.11%
Learning Rate: 0.002200
Epoch 10/50, Average Loss: 0.2406, Train Accuracy: 91.11%
Validation Batch 5/700, Validation Accuracy: 93.91%
Validation Batch 10/700, Validation Accuracy: 91.64%
Validation Batch 15/700, Validation Accuracy: 91.25%
Validation Batch 20/700, Validation Accuracy: 90.94%
Validation Batch 25/700, Validation Accuracy: 90.91%
Validation Batch 30/700, Validation Accuracy: 90.55%
Validation Batch 35/700, Validation Accuracy: 90.29%
Validation Batch 40/700, Validation Accuracy: 90.27%
Validation Batch 45/700, Validation Accuracy: 90.38%
Validation Batch 50/700, Validation Accuracy: 90.52%
Validation Batch 55/700, Validation Accuracy: 90.47%
Validation Batch 60/700, Validation Accuracy: 90.39%
Validation Batch 65/700, Validation Accuracy: 90.50%
Validation Batch 70/700, Validation Accuracy: 90.39%
Validation Batch 75/700, Validation Accuracy: 90.33%
Validation Batch 80/700, Validation Accuracy: 90.24%
Validation Batch 85/700, Validation Accuracy: 90.23%
Validation Batch 90/700, Validation Accuracy: 90.13%
Validation Batch 95/700, Validation Accuracy: 90.03%
Validation Batch 100/700, Validation Accuracy: 90.01%
Validation Batch 105/700, Validation Accuracy: 89.97%
Validation Batch 110/700, Validation Accuracy: 89.88%
Validation Batch 115/700, Validation Accuracy: 89.93%
Validation Batch 120/700, Validation Accuracy: 89.99%
Validation Batch 125/700, Validation Accuracy: 90.04%
Validation Batch 130/700, Validation Accuracy: 89.98%
Validation Batch 135/700, Validation Accuracy: 89.97%
Validation Batch 140/700, Validation Accuracy: 89.91%
Validation Batch 145/700, Validation Accuracy: 89.97%
Validation Batch 150/700, Validation Accuracy: 90.03%
Validation Batch 155/700, Validation Accuracy: 90.00%
Validation Batch 160/700, Validation Accuracy: 89.99%
Validation Batch 165/700, Validation Accuracy: 89.98%
Validation Batch 170/700, Validation Accuracy: 89.95%
Validation Batch 175/700, Validation Accuracy: 89.93%
Validation Batch 180/700, Validation Accuracy: 89.92%
Validation Batch 185/700, Validation Accuracy: 89.91%
Validation Batch 190/700, Validation Accuracy: 89.89%
Validation Batch 195/700, Validation Accuracy: 89.84%
Validation Batch 200/700, Validation Accuracy: 89.82%
Validation Batch 205/700, Validation Accuracy: 89.84%
Validation Batch 210/700, Validation Accuracy: 89.83%
Validation Batch 215/700, Validation Accuracy: 89.86%
Validation Batch 220/700, Validation Accuracy: 89.86%
Validation Batch 225/700, Validation Accuracy: 89.91%
Validation Batch 230/700, Validation Accuracy: 89.89%
Validation Batch 235/700, Validation Accuracy: 89.88%
Validation Batch 240/700, Validation Accuracy: 89.89%
Validation Batch 245/700, Validation Accuracy: 89.94%
Validation Batch 250/700, Validation Accuracy: 89.93%
Validation Batch 255/700, Validation Accuracy: 89.94%
Validation Batch 260/700, Validation Accuracy: 89.94%
Validation Batch 265/700, Validation Accuracy: 89.93%
Validation Batch 270/700, Validation Accuracy: 89.93%
Validation Batch 275/700, Validation Accuracy: 89.92%
Validation Batch 280/700, Validation Accuracy: 89.92%
Validation Batch 285/700, Validation Accuracy: 89.96%
Validation Batch 290/700, Validation Accuracy: 89.97%
Validation Batch 295/700, Validation Accuracy: 89.98%
Validation Batch 300/700, Validation Accuracy: 89.99%
Validation Batch 305/700, Validation Accuracy: 89.97%
Validation Batch 310/700, Validation Accuracy: 89.98%
Validation Batch 315/700, Validation Accuracy: 89.97%
Validation Batch 320/700, Validation Accuracy: 89.95%
Validation Batch 325/700, Validation Accuracy: 89.94%
Validation Batch 330/700, Validation Accuracy: 89.92%
Validation Batch 335/700, Validation Accuracy: 89.90%
Validation Batch 340/700, Validation Accuracy: 89.92%
Validation Batch 345/700, Validation Accuracy: 89.93%
Validation Batch 350/700, Validation Accuracy: 89.93%
Validation Batch 355/700, Validation Accuracy: 89.93%
Validation Batch 360/700, Validation Accuracy: 89.96%
Validation Batch 365/700, Validation Accuracy: 89.93%
Validation Batch 370/700, Validation Accuracy: 89.94%
Validation Batch 375/700, Validation Accuracy: 89.95%
Validation Batch 380/700, Validation Accuracy: 89.94%
Validation Batch 385/700, Validation Accuracy: 89.92%
Validation Batch 390/700, Validation Accuracy: 89.89%
Validation Batch 395/700, Validation Accuracy: 89.88%
Validation Batch 400/700, Validation Accuracy: 89.86%
Validation Batch 405/700, Validation Accuracy: 89.86%
Validation Batch 410/700, Validation Accuracy: 89.85%
Validation Batch 415/700, Validation Accuracy: 89.87%
Validation Batch 420/700, Validation Accuracy: 89.88%
Validation Batch 425/700, Validation Accuracy: 89.89%
Validation Batch 430/700, Validation Accuracy: 89.92%
Validation Batch 435/700, Validation Accuracy: 89.92%
Validation Batch 440/700, Validation Accuracy: 89.91%
Validation Batch 445/700, Validation Accuracy: 89.90%
Validation Batch 450/700, Validation Accuracy: 89.92%
Validation Batch 455/700, Validation Accuracy: 89.91%
Validation Batch 460/700, Validation Accuracy: 89.92%
Validation Batch 465/700, Validation Accuracy: 89.93%
Validation Batch 470/700, Validation Accuracy: 89.94%
Validation Batch 475/700, Validation Accuracy: 89.93%
Validation Batch 480/700, Validation Accuracy: 89.95%
Validation Batch 485/700, Validation Accuracy: 89.96%
Validation Batch 490/700, Validation Accuracy: 89.98%
Validation Batch 495/700, Validation Accuracy: 89.96%
Validation Batch 500/700, Validation Accuracy: 89.96%
Validation Batch 505/700, Validation Accuracy: 89.97%
Validation Batch 510/700, Validation Accuracy: 89.99%
Validation Batch 515/700, Validation Accuracy: 89.98%
Validation Batch 520/700, Validation Accuracy: 89.98%
Validation Batch 525/700, Validation Accuracy: 89.96%
Validation Batch 530/700, Validation Accuracy: 89.97%
Validation Batch 535/700, Validation Accuracy: 89.95%
Validation Batch 540/700, Validation Accuracy: 89.95%
Validation Batch 545/700, Validation Accuracy: 89.95%
Validation Batch 550/700, Validation Accuracy: 89.97%
Validation Batch 555/700, Validation Accuracy: 89.96%
Validation Batch 560/700, Validation Accuracy: 89.95%
Validation Batch 565/700, Validation Accuracy: 89.95%
Validation Batch 570/700, Validation Accuracy: 89.95%
Validation Batch 575/700, Validation Accuracy: 89.94%
Validation Batch 580/700, Validation Accuracy: 89.95%
Validation Batch 585/700, Validation Accuracy: 89.97%
Validation Batch 590/700, Validation Accuracy: 89.97%
Validation Batch 595/700, Validation Accuracy: 89.98%
Validation Batch 600/700, Validation Accuracy: 89.98%
Validation Batch 605/700, Validation Accuracy: 89.99%
Validation Batch 610/700, Validation Accuracy: 89.99%
Validation Batch 615/700, Validation Accuracy: 89.99%
Validation Batch 620/700, Validation Accuracy: 89.98%
Validation Batch 625/700, Validation Accuracy: 89.98%
Validation Batch 630/700, Validation Accuracy: 89.98%
Validation Batch 635/700, Validation Accuracy: 89.97%
Validation Batch 640/700, Validation Accuracy: 89.96%
Validation Batch 645/700, Validation Accuracy: 89.98%
Validation Batch 650/700, Validation Accuracy: 89.97%
Validation Batch 655/700, Validation Accuracy: 89.99%
Validation Batch 660/700, Validation Accuracy: 89.99%
Validation Batch 665/700, Validation Accuracy: 90.00%
Validation Batch 670/700, Validation Accuracy: 90.00%
Validation Batch 675/700, Validation Accuracy: 90.01%
Validation Batch 680/700, Validation Accuracy: 90.00%
Validation Batch 685/700, Validation Accuracy: 90.00%
Validation Batch 690/700, Validation Accuracy: 90.00%
Validation Batch 695/700, Validation Accuracy: 89.99%
Validation Batch 700/700, Validation Accuracy: 90.00%
Validation Accuracy for Epoch 10: 90.00%

--- Epoch 11/50 ---
Batch 5/2797, Loss: 0.2583, Train Acc: 90.31%
Batch 10/2797, Loss: 0.2521, Train Acc: 90.70%
Batch 15/2797, Loss: 0.2488, Train Acc: 90.57%
Batch 20/2797, Loss: 0.2446, Train Acc: 90.74%
Batch 25/2797, Loss: 0.2445, Train Acc: 90.81%
Batch 30/2797, Loss: 0.2414, Train Acc: 90.99%
Batch 35/2797, Loss: 0.2463, Train Acc: 90.69%
Batch 40/2797, Loss: 0.2470, Train Acc: 90.74%
Batch 45/2797, Loss: 0.2469, Train Acc: 90.83%
Batch 50/2797, Loss: 0.2457, Train Acc: 90.89%
Batch 55/2797, Loss: 0.2437, Train Acc: 90.88%
Batch 60/2797, Loss: 0.2434, Train Acc: 90.91%
Batch 65/2797, Loss: 0.2436, Train Acc: 90.94%
Batch 70/2797, Loss: 0.2401, Train Acc: 91.09%
Batch 75/2797, Loss: 0.2401, Train Acc: 91.17%
Batch 80/2797, Loss: 0.2420, Train Acc: 91.10%
Batch 85/2797, Loss: 0.2435, Train Acc: 91.02%
Batch 90/2797, Loss: 0.2431, Train Acc: 91.02%
Batch 95/2797, Loss: 0.2430, Train Acc: 91.03%
Batch 100/2797, Loss: 0.2427, Train Acc: 91.05%
Batch 105/2797, Loss: 0.2436, Train Acc: 91.03%
Batch 110/2797, Loss: 0.2453, Train Acc: 90.94%
Batch 115/2797, Loss: 0.2456, Train Acc: 90.94%
Batch 120/2797, Loss: 0.2448, Train Acc: 90.99%
Batch 125/2797, Loss: 0.2469, Train Acc: 90.86%
Batch 130/2797, Loss: 0.2468, Train Acc: 90.89%
Batch 135/2797, Loss: 0.2459, Train Acc: 90.93%
Batch 140/2797, Loss: 0.2450, Train Acc: 90.97%
Batch 145/2797, Loss: 0.2457, Train Acc: 90.97%
Batch 150/2797, Loss: 0.2452, Train Acc: 91.00%
Batch 155/2797, Loss: 0.2458, Train Acc: 90.98%
Batch 160/2797, Loss: 0.2458, Train Acc: 90.98%
Batch 165/2797, Loss: 0.2446, Train Acc: 91.05%
Batch 170/2797, Loss: 0.2444, Train Acc: 91.04%
Batch 175/2797, Loss: 0.2437, Train Acc: 91.06%
Batch 180/2797, Loss: 0.2432, Train Acc: 91.07%
Batch 185/2797, Loss: 0.2432, Train Acc: 91.05%
Batch 190/2797, Loss: 0.2427, Train Acc: 91.04%
Batch 195/2797, Loss: 0.2431, Train Acc: 91.03%
Batch 200/2797, Loss: 0.2428, Train Acc: 91.05%
Batch 205/2797, Loss: 0.2438, Train Acc: 91.03%
Batch 210/2797, Loss: 0.2433, Train Acc: 91.06%
Batch 215/2797, Loss: 0.2439, Train Acc: 91.05%
Batch 220/2797, Loss: 0.2445, Train Acc: 91.03%
Batch 225/2797, Loss: 0.2455, Train Acc: 90.99%
Batch 230/2797, Loss: 0.2463, Train Acc: 90.95%
Batch 235/2797, Loss: 0.2462, Train Acc: 90.94%
Batch 240/2797, Loss: 0.2458, Train Acc: 90.97%
Batch 245/2797, Loss: 0.2451, Train Acc: 90.99%
Batch 250/2797, Loss: 0.2447, Train Acc: 91.03%
Batch 255/2797, Loss: 0.2438, Train Acc: 91.04%
Batch 260/2797, Loss: 0.2441, Train Acc: 91.01%
Batch 265/2797, Loss: 0.2440, Train Acc: 91.02%
Batch 270/2797, Loss: 0.2436, Train Acc: 91.04%
Batch 275/2797, Loss: 0.2435, Train Acc: 91.03%
Batch 280/2797, Loss: 0.2439, Train Acc: 91.02%
Batch 285/2797, Loss: 0.2454, Train Acc: 90.98%
Batch 290/2797, Loss: 0.2449, Train Acc: 91.00%
Batch 295/2797, Loss: 0.2460, Train Acc: 90.97%
Batch 300/2797, Loss: 0.2463, Train Acc: 90.96%
Batch 305/2797, Loss: 0.2470, Train Acc: 90.93%
Batch 310/2797, Loss: 0.2471, Train Acc: 90.93%
Batch 315/2797, Loss: 0.2469, Train Acc: 90.94%
Batch 320/2797, Loss: 0.2475, Train Acc: 90.92%
Batch 325/2797, Loss: 0.2468, Train Acc: 90.93%
Batch 330/2797, Loss: 0.2465, Train Acc: 90.97%
Batch 335/2797, Loss: 0.2466, Train Acc: 90.97%
Batch 340/2797, Loss: 0.2460, Train Acc: 90.98%
Batch 345/2797, Loss: 0.2462, Train Acc: 90.99%
Batch 350/2797, Loss: 0.2470, Train Acc: 90.96%
Batch 355/2797, Loss: 0.2473, Train Acc: 90.94%
Batch 360/2797, Loss: 0.2473, Train Acc: 90.93%
Batch 365/2797, Loss: 0.2470, Train Acc: 90.94%
Batch 370/2797, Loss: 0.2473, Train Acc: 90.91%
Batch 375/2797, Loss: 0.2468, Train Acc: 90.92%
Batch 380/2797, Loss: 0.2467, Train Acc: 90.93%
Batch 385/2797, Loss: 0.2463, Train Acc: 90.94%
Batch 390/2797, Loss: 0.2468, Train Acc: 90.92%
Batch 395/2797, Loss: 0.2465, Train Acc: 90.92%
Batch 400/2797, Loss: 0.2462, Train Acc: 90.92%
Batch 405/2797, Loss: 0.2457, Train Acc: 90.93%
Batch 410/2797, Loss: 0.2452, Train Acc: 90.95%
Batch 415/2797, Loss: 0.2450, Train Acc: 90.96%
Batch 420/2797, Loss: 0.2446, Train Acc: 90.96%
Batch 425/2797, Loss: 0.2440, Train Acc: 90.98%
Batch 430/2797, Loss: 0.2441, Train Acc: 90.97%
Batch 435/2797, Loss: 0.2439, Train Acc: 90.98%
Batch 440/2797, Loss: 0.2443, Train Acc: 90.97%
Batch 445/2797, Loss: 0.2441, Train Acc: 90.99%
Batch 450/2797, Loss: 0.2440, Train Acc: 90.99%
Batch 455/2797, Loss: 0.2443, Train Acc: 90.98%
Batch 460/2797, Loss: 0.2444, Train Acc: 90.97%
Batch 465/2797, Loss: 0.2443, Train Acc: 90.96%
Batch 470/2797, Loss: 0.2443, Train Acc: 90.98%
Batch 475/2797, Loss: 0.2441, Train Acc: 90.98%
Batch 480/2797, Loss: 0.2443, Train Acc: 90.98%
Batch 485/2797, Loss: 0.2444, Train Acc: 90.98%
Batch 490/2797, Loss: 0.2439, Train Acc: 90.99%
Batch 495/2797, Loss: 0.2438, Train Acc: 91.00%
Batch 500/2797, Loss: 0.2439, Train Acc: 90.99%
Batch 505/2797, Loss: 0.2443, Train Acc: 90.97%
Batch 510/2797, Loss: 0.2440, Train Acc: 90.98%
Batch 515/2797, Loss: 0.2443, Train Acc: 90.98%
Batch 520/2797, Loss: 0.2443, Train Acc: 90.98%
Batch 525/2797, Loss: 0.2440, Train Acc: 90.99%
Batch 530/2797, Loss: 0.2441, Train Acc: 90.98%
Batch 535/2797, Loss: 0.2442, Train Acc: 90.98%
Batch 540/2797, Loss: 0.2443, Train Acc: 90.97%
Batch 545/2797, Loss: 0.2444, Train Acc: 90.97%
Batch 550/2797, Loss: 0.2447, Train Acc: 90.95%
Batch 555/2797, Loss: 0.2446, Train Acc: 90.95%
Batch 560/2797, Loss: 0.2445, Train Acc: 90.96%
Batch 565/2797, Loss: 0.2449, Train Acc: 90.94%
Batch 570/2797, Loss: 0.2444, Train Acc: 90.96%
Batch 575/2797, Loss: 0.2443, Train Acc: 90.97%
Batch 580/2797, Loss: 0.2443, Train Acc: 90.97%
Batch 585/2797, Loss: 0.2447, Train Acc: 90.95%
Batch 590/2797, Loss: 0.2448, Train Acc: 90.94%
Batch 595/2797, Loss: 0.2445, Train Acc: 90.95%
Batch 600/2797, Loss: 0.2448, Train Acc: 90.94%
Batch 605/2797, Loss: 0.2449, Train Acc: 90.94%
Batch 610/2797, Loss: 0.2448, Train Acc: 90.96%
Batch 615/2797, Loss: 0.2450, Train Acc: 90.95%
Batch 620/2797, Loss: 0.2447, Train Acc: 90.96%
Batch 625/2797, Loss: 0.2448, Train Acc: 90.95%
Batch 630/2797, Loss: 0.2452, Train Acc: 90.93%
Batch 635/2797, Loss: 0.2455, Train Acc: 90.92%
Batch 640/2797, Loss: 0.2455, Train Acc: 90.91%
Batch 645/2797, Loss: 0.2458, Train Acc: 90.90%
Batch 650/2797, Loss: 0.2459, Train Acc: 90.89%
Batch 655/2797, Loss: 0.2461, Train Acc: 90.88%
Batch 660/2797, Loss: 0.2461, Train Acc: 90.88%
Batch 665/2797, Loss: 0.2458, Train Acc: 90.90%
Batch 670/2797, Loss: 0.2457, Train Acc: 90.90%
Batch 675/2797, Loss: 0.2456, Train Acc: 90.91%
Batch 680/2797, Loss: 0.2454, Train Acc: 90.92%
Batch 685/2797, Loss: 0.2454, Train Acc: 90.91%
Batch 690/2797, Loss: 0.2460, Train Acc: 90.91%
Batch 695/2797, Loss: 0.2464, Train Acc: 90.91%
Batch 700/2797, Loss: 0.2467, Train Acc: 90.89%
Batch 705/2797, Loss: 0.2469, Train Acc: 90.87%
Batch 710/2797, Loss: 0.2467, Train Acc: 90.87%
Batch 715/2797, Loss: 0.2467, Train Acc: 90.87%
Batch 720/2797, Loss: 0.2468, Train Acc: 90.86%
Batch 725/2797, Loss: 0.2464, Train Acc: 90.88%
Batch 730/2797, Loss: 0.2462, Train Acc: 90.89%
Batch 735/2797, Loss: 0.2461, Train Acc: 90.89%
Batch 740/2797, Loss: 0.2458, Train Acc: 90.91%
Batch 745/2797, Loss: 0.2455, Train Acc: 90.92%
Batch 750/2797, Loss: 0.2454, Train Acc: 90.91%
Batch 755/2797, Loss: 0.2452, Train Acc: 90.92%
Batch 760/2797, Loss: 0.2451, Train Acc: 90.93%
Batch 765/2797, Loss: 0.2448, Train Acc: 90.94%
Batch 770/2797, Loss: 0.2449, Train Acc: 90.94%
Batch 775/2797, Loss: 0.2447, Train Acc: 90.95%
Batch 780/2797, Loss: 0.2447, Train Acc: 90.95%
Batch 785/2797, Loss: 0.2448, Train Acc: 90.96%
Batch 790/2797, Loss: 0.2446, Train Acc: 90.96%
Batch 795/2797, Loss: 0.2446, Train Acc: 90.96%
Batch 800/2797, Loss: 0.2447, Train Acc: 90.96%
Batch 805/2797, Loss: 0.2444, Train Acc: 90.96%
Batch 810/2797, Loss: 0.2445, Train Acc: 90.96%
Batch 815/2797, Loss: 0.2446, Train Acc: 90.96%
Batch 820/2797, Loss: 0.2446, Train Acc: 90.96%
Batch 825/2797, Loss: 0.2445, Train Acc: 90.95%
Batch 830/2797, Loss: 0.2446, Train Acc: 90.95%
Batch 835/2797, Loss: 0.2445, Train Acc: 90.95%
Batch 840/2797, Loss: 0.2442, Train Acc: 90.96%
Batch 845/2797, Loss: 0.2440, Train Acc: 90.96%
Batch 850/2797, Loss: 0.2442, Train Acc: 90.96%
Batch 855/2797, Loss: 0.2442, Train Acc: 90.97%
Batch 860/2797, Loss: 0.2444, Train Acc: 90.96%
Batch 865/2797, Loss: 0.2445, Train Acc: 90.96%
Batch 870/2797, Loss: 0.2445, Train Acc: 90.96%
Batch 875/2797, Loss: 0.2446, Train Acc: 90.95%
Batch 880/2797, Loss: 0.2447, Train Acc: 90.95%
Batch 885/2797, Loss: 0.2446, Train Acc: 90.96%
Batch 890/2797, Loss: 0.2447, Train Acc: 90.95%
Batch 895/2797, Loss: 0.2447, Train Acc: 90.94%
Batch 900/2797, Loss: 0.2445, Train Acc: 90.95%
Batch 905/2797, Loss: 0.2446, Train Acc: 90.94%
Batch 910/2797, Loss: 0.2444, Train Acc: 90.95%
Batch 915/2797, Loss: 0.2445, Train Acc: 90.95%
Batch 920/2797, Loss: 0.2445, Train Acc: 90.94%
Batch 925/2797, Loss: 0.2447, Train Acc: 90.93%
Batch 930/2797, Loss: 0.2445, Train Acc: 90.94%
Batch 935/2797, Loss: 0.2445, Train Acc: 90.95%
Batch 940/2797, Loss: 0.2442, Train Acc: 90.96%
Batch 945/2797, Loss: 0.2445, Train Acc: 90.95%
Batch 950/2797, Loss: 0.2444, Train Acc: 90.95%
Batch 955/2797, Loss: 0.2443, Train Acc: 90.95%
Batch 960/2797, Loss: 0.2445, Train Acc: 90.95%
Batch 965/2797, Loss: 0.2444, Train Acc: 90.95%
Batch 970/2797, Loss: 0.2445, Train Acc: 90.94%
Batch 975/2797, Loss: 0.2445, Train Acc: 90.94%
Batch 980/2797, Loss: 0.2446, Train Acc: 90.94%
Batch 985/2797, Loss: 0.2446, Train Acc: 90.93%
Batch 990/2797, Loss: 0.2447, Train Acc: 90.92%
Batch 995/2797, Loss: 0.2447, Train Acc: 90.92%
Batch 1000/2797, Loss: 0.2446, Train Acc: 90.92%
Batch 1005/2797, Loss: 0.2443, Train Acc: 90.93%
Batch 1010/2797, Loss: 0.2443, Train Acc: 90.93%
Batch 1015/2797, Loss: 0.2439, Train Acc: 90.94%
Batch 1020/2797, Loss: 0.2439, Train Acc: 90.93%
Batch 1025/2797, Loss: 0.2437, Train Acc: 90.94%
Batch 1030/2797, Loss: 0.2439, Train Acc: 90.94%
Batch 1035/2797, Loss: 0.2438, Train Acc: 90.94%
Batch 1040/2797, Loss: 0.2440, Train Acc: 90.94%
Batch 1045/2797, Loss: 0.2441, Train Acc: 90.93%
Batch 1050/2797, Loss: 0.2440, Train Acc: 90.93%
Batch 1055/2797, Loss: 0.2439, Train Acc: 90.93%
Batch 1060/2797, Loss: 0.2438, Train Acc: 90.94%
Batch 1065/2797, Loss: 0.2434, Train Acc: 90.95%
Batch 1070/2797, Loss: 0.2433, Train Acc: 90.96%
Batch 1075/2797, Loss: 0.2432, Train Acc: 90.96%
Batch 1080/2797, Loss: 0.2435, Train Acc: 90.95%
Batch 1085/2797, Loss: 0.2435, Train Acc: 90.95%
Batch 1090/2797, Loss: 0.2435, Train Acc: 90.95%
Batch 1095/2797, Loss: 0.2437, Train Acc: 90.94%
Batch 1100/2797, Loss: 0.2435, Train Acc: 90.95%
Batch 1105/2797, Loss: 0.2433, Train Acc: 90.96%
Batch 1110/2797, Loss: 0.2433, Train Acc: 90.96%
Batch 1115/2797, Loss: 0.2433, Train Acc: 90.96%
Batch 1120/2797, Loss: 0.2432, Train Acc: 90.96%
Batch 1125/2797, Loss: 0.2433, Train Acc: 90.96%
Batch 1130/2797, Loss: 0.2433, Train Acc: 90.96%
Batch 1135/2797, Loss: 0.2433, Train Acc: 90.95%
Batch 1140/2797, Loss: 0.2434, Train Acc: 90.94%
Batch 1145/2797, Loss: 0.2433, Train Acc: 90.94%
Batch 1150/2797, Loss: 0.2432, Train Acc: 90.95%
Batch 1155/2797, Loss: 0.2431, Train Acc: 90.95%
Batch 1160/2797, Loss: 0.2432, Train Acc: 90.94%
Batch 1165/2797, Loss: 0.2430, Train Acc: 90.95%
Batch 1170/2797, Loss: 0.2429, Train Acc: 90.95%
Batch 1175/2797, Loss: 0.2430, Train Acc: 90.95%
Batch 1180/2797, Loss: 0.2428, Train Acc: 90.96%
Batch 1185/2797, Loss: 0.2428, Train Acc: 90.97%
Batch 1190/2797, Loss: 0.2428, Train Acc: 90.97%
Batch 1195/2797, Loss: 0.2427, Train Acc: 90.97%
Batch 1200/2797, Loss: 0.2427, Train Acc: 90.97%
Batch 1205/2797, Loss: 0.2427, Train Acc: 90.98%
Batch 1210/2797, Loss: 0.2425, Train Acc: 90.98%
Batch 1215/2797, Loss: 0.2425, Train Acc: 90.98%
Batch 1220/2797, Loss: 0.2423, Train Acc: 90.99%
Batch 1225/2797, Loss: 0.2422, Train Acc: 91.00%
Batch 1230/2797, Loss: 0.2422, Train Acc: 91.00%
Batch 1235/2797, Loss: 0.2421, Train Acc: 91.00%
Batch 1240/2797, Loss: 0.2420, Train Acc: 91.00%
Batch 1245/2797, Loss: 0.2420, Train Acc: 91.01%
Batch 1250/2797, Loss: 0.2419, Train Acc: 91.01%
Batch 1255/2797, Loss: 0.2419, Train Acc: 91.00%
Batch 1260/2797, Loss: 0.2419, Train Acc: 91.00%
Batch 1265/2797, Loss: 0.2419, Train Acc: 91.00%
Batch 1270/2797, Loss: 0.2419, Train Acc: 91.00%
Batch 1275/2797, Loss: 0.2419, Train Acc: 91.00%
Batch 1280/2797, Loss: 0.2419, Train Acc: 91.00%
Batch 1285/2797, Loss: 0.2418, Train Acc: 91.00%
Batch 1290/2797, Loss: 0.2419, Train Acc: 91.00%
Batch 1295/2797, Loss: 0.2418, Train Acc: 90.99%
Batch 1300/2797, Loss: 0.2417, Train Acc: 91.00%
Batch 1305/2797, Loss: 0.2417, Train Acc: 91.00%
Batch 1310/2797, Loss: 0.2416, Train Acc: 91.01%
Batch 1315/2797, Loss: 0.2415, Train Acc: 91.01%
Batch 1320/2797, Loss: 0.2416, Train Acc: 91.01%
Batch 1325/2797, Loss: 0.2417, Train Acc: 91.01%
Batch 1330/2797, Loss: 0.2417, Train Acc: 91.01%
Batch 1335/2797, Loss: 0.2416, Train Acc: 91.01%
Batch 1340/2797, Loss: 0.2415, Train Acc: 91.02%
Batch 1345/2797, Loss: 0.2415, Train Acc: 91.02%
Batch 1350/2797, Loss: 0.2413, Train Acc: 91.03%
Batch 1355/2797, Loss: 0.2412, Train Acc: 91.03%
Batch 1360/2797, Loss: 0.2413, Train Acc: 91.03%
Batch 1365/2797, Loss: 0.2412, Train Acc: 91.03%
Batch 1370/2797, Loss: 0.2411, Train Acc: 91.04%
Batch 1375/2797, Loss: 0.2410, Train Acc: 91.05%
Batch 1380/2797, Loss: 0.2410, Train Acc: 91.05%
Batch 1385/2797, Loss: 0.2409, Train Acc: 91.05%
Batch 1390/2797, Loss: 0.2409, Train Acc: 91.05%
Batch 1395/2797, Loss: 0.2410, Train Acc: 91.04%
Batch 1400/2797, Loss: 0.2410, Train Acc: 91.05%
Batch 1405/2797, Loss: 0.2410, Train Acc: 91.04%
Batch 1410/2797, Loss: 0.2412, Train Acc: 91.04%
Batch 1415/2797, Loss: 0.2412, Train Acc: 91.03%
Batch 1420/2797, Loss: 0.2411, Train Acc: 91.03%
Batch 1425/2797, Loss: 0.2416, Train Acc: 91.03%
Batch 1430/2797, Loss: 0.2415, Train Acc: 91.03%
Batch 1435/2797, Loss: 0.2414, Train Acc: 91.03%
Batch 1440/2797, Loss: 0.2415, Train Acc: 91.03%
Batch 1445/2797, Loss: 0.2415, Train Acc: 91.03%
Batch 1450/2797, Loss: 0.2415, Train Acc: 91.03%
Batch 1455/2797, Loss: 0.2414, Train Acc: 91.04%
Batch 1460/2797, Loss: 0.2415, Train Acc: 91.03%
Batch 1465/2797, Loss: 0.2413, Train Acc: 91.04%
Batch 1470/2797, Loss: 0.2414, Train Acc: 91.03%
Batch 1475/2797, Loss: 0.2415, Train Acc: 91.03%
Batch 1480/2797, Loss: 0.2414, Train Acc: 91.03%
Batch 1485/2797, Loss: 0.2414, Train Acc: 91.03%
Batch 1490/2797, Loss: 0.2414, Train Acc: 91.03%
Batch 1495/2797, Loss: 0.2414, Train Acc: 91.03%
Batch 1500/2797, Loss: 0.2413, Train Acc: 91.03%
Batch 1505/2797, Loss: 0.2412, Train Acc: 91.04%
Batch 1510/2797, Loss: 0.2412, Train Acc: 91.04%
Batch 1515/2797, Loss: 0.2410, Train Acc: 91.04%
Batch 1520/2797, Loss: 0.2409, Train Acc: 91.05%
Batch 1525/2797, Loss: 0.2410, Train Acc: 91.04%
Batch 1530/2797, Loss: 0.2410, Train Acc: 91.05%
Batch 1535/2797, Loss: 0.2408, Train Acc: 91.05%
Batch 1540/2797, Loss: 0.2408, Train Acc: 91.05%
Batch 1545/2797, Loss: 0.2409, Train Acc: 91.04%
Batch 1550/2797, Loss: 0.2409, Train Acc: 91.04%
Batch 1555/2797, Loss: 0.2409, Train Acc: 91.04%
Batch 1560/2797, Loss: 0.2408, Train Acc: 91.04%
Batch 1565/2797, Loss: 0.2408, Train Acc: 91.04%
Batch 1570/2797, Loss: 0.2407, Train Acc: 91.04%
Batch 1575/2797, Loss: 0.2407, Train Acc: 91.04%
Batch 1580/2797, Loss: 0.2408, Train Acc: 91.04%
Batch 1585/2797, Loss: 0.2407, Train Acc: 91.04%
Batch 1590/2797, Loss: 0.2406, Train Acc: 91.04%
Batch 1595/2797, Loss: 0.2405, Train Acc: 91.05%
Batch 1600/2797, Loss: 0.2404, Train Acc: 91.06%
Batch 1605/2797, Loss: 0.2403, Train Acc: 91.07%
Batch 1610/2797, Loss: 0.2402, Train Acc: 91.07%
Batch 1615/2797, Loss: 0.2401, Train Acc: 91.07%
Batch 1620/2797, Loss: 0.2402, Train Acc: 91.07%
Batch 1625/2797, Loss: 0.2403, Train Acc: 91.06%
Batch 1630/2797, Loss: 0.2402, Train Acc: 91.06%
Batch 1635/2797, Loss: 0.2403, Train Acc: 91.06%
Batch 1640/2797, Loss: 0.2403, Train Acc: 91.06%
Batch 1645/2797, Loss: 0.2404, Train Acc: 91.06%
Batch 1650/2797, Loss: 0.2403, Train Acc: 91.06%
Batch 1655/2797, Loss: 0.2403, Train Acc: 91.06%
Batch 1660/2797, Loss: 0.2402, Train Acc: 91.07%
Batch 1665/2797, Loss: 0.2403, Train Acc: 91.06%
Batch 1670/2797, Loss: 0.2402, Train Acc: 91.07%
Batch 1675/2797, Loss: 0.2402, Train Acc: 91.06%
Batch 1680/2797, Loss: 0.2403, Train Acc: 91.06%
Batch 1685/2797, Loss: 0.2403, Train Acc: 91.06%
Batch 1690/2797, Loss: 0.2402, Train Acc: 91.07%
Batch 1695/2797, Loss: 0.2402, Train Acc: 91.07%
Batch 1700/2797, Loss: 0.2401, Train Acc: 91.07%
Batch 1705/2797, Loss: 0.2402, Train Acc: 91.07%
Batch 1710/2797, Loss: 0.2402, Train Acc: 91.07%
Batch 1715/2797, Loss: 0.2402, Train Acc: 91.07%
Batch 1720/2797, Loss: 0.2401, Train Acc: 91.08%
Batch 1725/2797, Loss: 0.2401, Train Acc: 91.08%
Batch 1730/2797, Loss: 0.2402, Train Acc: 91.07%
Batch 1735/2797, Loss: 0.2402, Train Acc: 91.08%
Batch 1740/2797, Loss: 0.2401, Train Acc: 91.08%
Batch 1745/2797, Loss: 0.2401, Train Acc: 91.08%
Batch 1750/2797, Loss: 0.2400, Train Acc: 91.08%
Batch 1755/2797, Loss: 0.2399, Train Acc: 91.09%
Batch 1760/2797, Loss: 0.2399, Train Acc: 91.09%
Batch 1765/2797, Loss: 0.2399, Train Acc: 91.09%
Batch 1770/2797, Loss: 0.2398, Train Acc: 91.09%
Batch 1775/2797, Loss: 0.2398, Train Acc: 91.08%
Batch 1780/2797, Loss: 0.2397, Train Acc: 91.08%
Batch 1785/2797, Loss: 0.2398, Train Acc: 91.08%
Batch 1790/2797, Loss: 0.2398, Train Acc: 91.08%
Batch 1795/2797, Loss: 0.2399, Train Acc: 91.08%
Batch 1800/2797, Loss: 0.2399, Train Acc: 91.08%
Batch 1805/2797, Loss: 0.2399, Train Acc: 91.08%
Batch 1810/2797, Loss: 0.2398, Train Acc: 91.08%
Batch 1815/2797, Loss: 0.2399, Train Acc: 91.08%
Batch 1820/2797, Loss: 0.2399, Train Acc: 91.08%
Batch 1825/2797, Loss: 0.2399, Train Acc: 91.08%
Batch 1830/2797, Loss: 0.2398, Train Acc: 91.08%
Batch 1835/2797, Loss: 0.2399, Train Acc: 91.08%
Batch 1840/2797, Loss: 0.2398, Train Acc: 91.09%
Batch 1845/2797, Loss: 0.2398, Train Acc: 91.09%
Batch 1850/2797, Loss: 0.2398, Train Acc: 91.09%
Batch 1855/2797, Loss: 0.2398, Train Acc: 91.09%
Batch 1860/2797, Loss: 0.2396, Train Acc: 91.09%
Batch 1865/2797, Loss: 0.2395, Train Acc: 91.10%
Batch 1870/2797, Loss: 0.2395, Train Acc: 91.10%
Batch 1875/2797, Loss: 0.2394, Train Acc: 91.10%
Batch 1880/2797, Loss: 0.2394, Train Acc: 91.10%
Batch 1885/2797, Loss: 0.2394, Train Acc: 91.10%
Batch 1890/2797, Loss: 0.2395, Train Acc: 91.10%
Batch 1895/2797, Loss: 0.2395, Train Acc: 91.10%
Batch 1900/2797, Loss: 0.2396, Train Acc: 91.10%
Batch 1905/2797, Loss: 0.2397, Train Acc: 91.09%
Batch 1910/2797, Loss: 0.2398, Train Acc: 91.09%
Batch 1915/2797, Loss: 0.2397, Train Acc: 91.10%
Batch 1920/2797, Loss: 0.2397, Train Acc: 91.10%
Batch 1925/2797, Loss: 0.2396, Train Acc: 91.10%
Batch 1930/2797, Loss: 0.2396, Train Acc: 91.09%
Batch 1935/2797, Loss: 0.2397, Train Acc: 91.10%
Batch 1940/2797, Loss: 0.2398, Train Acc: 91.09%
Batch 1945/2797, Loss: 0.2397, Train Acc: 91.09%
Batch 1950/2797, Loss: 0.2398, Train Acc: 91.09%
Batch 1955/2797, Loss: 0.2398, Train Acc: 91.09%
Batch 1960/2797, Loss: 0.2398, Train Acc: 91.09%
Batch 1965/2797, Loss: 0.2398, Train Acc: 91.09%
Batch 1970/2797, Loss: 0.2397, Train Acc: 91.10%
Batch 1975/2797, Loss: 0.2398, Train Acc: 91.09%
Batch 1980/2797, Loss: 0.2399, Train Acc: 91.09%
Batch 1985/2797, Loss: 0.2399, Train Acc: 91.09%
Batch 1990/2797, Loss: 0.2399, Train Acc: 91.09%
Batch 1995/2797, Loss: 0.2400, Train Acc: 91.08%
Batch 2000/2797, Loss: 0.2401, Train Acc: 91.08%
Batch 2005/2797, Loss: 0.2402, Train Acc: 91.08%
Batch 2010/2797, Loss: 0.2402, Train Acc: 91.08%
Batch 2015/2797, Loss: 0.2403, Train Acc: 91.07%
Batch 2020/2797, Loss: 0.2402, Train Acc: 91.08%
Batch 2025/2797, Loss: 0.2402, Train Acc: 91.08%
Batch 2030/2797, Loss: 0.2403, Train Acc: 91.08%
Batch 2035/2797, Loss: 0.2403, Train Acc: 91.08%
Batch 2040/2797, Loss: 0.2404, Train Acc: 91.07%
Batch 2045/2797, Loss: 0.2403, Train Acc: 91.08%
Batch 2050/2797, Loss: 0.2403, Train Acc: 91.08%
Batch 2055/2797, Loss: 0.2404, Train Acc: 91.08%
Batch 2060/2797, Loss: 0.2405, Train Acc: 91.07%
Batch 2065/2797, Loss: 0.2405, Train Acc: 91.07%
Batch 2070/2797, Loss: 0.2405, Train Acc: 91.07%
Batch 2075/2797, Loss: 0.2405, Train Acc: 91.07%
Batch 2080/2797, Loss: 0.2405, Train Acc: 91.07%
Batch 2085/2797, Loss: 0.2405, Train Acc: 91.06%
Batch 2090/2797, Loss: 0.2405, Train Acc: 91.06%
Batch 2095/2797, Loss: 0.2404, Train Acc: 91.06%
Batch 2100/2797, Loss: 0.2405, Train Acc: 91.06%
Batch 2105/2797, Loss: 0.2405, Train Acc: 91.06%
Batch 2110/2797, Loss: 0.2404, Train Acc: 91.06%
Batch 2115/2797, Loss: 0.2404, Train Acc: 91.06%
Batch 2120/2797, Loss: 0.2404, Train Acc: 91.07%
Batch 2125/2797, Loss: 0.2405, Train Acc: 91.06%
Batch 2130/2797, Loss: 0.2406, Train Acc: 91.06%
Batch 2135/2797, Loss: 0.2406, Train Acc: 91.06%
Batch 2140/2797, Loss: 0.2406, Train Acc: 91.06%
Batch 2145/2797, Loss: 0.2405, Train Acc: 91.06%
Batch 2150/2797, Loss: 0.2404, Train Acc: 91.07%
Batch 2155/2797, Loss: 0.2403, Train Acc: 91.07%
Batch 2160/2797, Loss: 0.2403, Train Acc: 91.07%
Batch 2165/2797, Loss: 0.2402, Train Acc: 91.07%
Batch 2170/2797, Loss: 0.2401, Train Acc: 91.08%
Batch 2175/2797, Loss: 0.2402, Train Acc: 91.08%
Batch 2180/2797, Loss: 0.2402, Train Acc: 91.08%
Batch 2185/2797, Loss: 0.2403, Train Acc: 91.08%
Batch 2190/2797, Loss: 0.2402, Train Acc: 91.08%
Batch 2195/2797, Loss: 0.2402, Train Acc: 91.08%
Batch 2200/2797, Loss: 0.2401, Train Acc: 91.08%
Batch 2205/2797, Loss: 0.2400, Train Acc: 91.08%
Batch 2210/2797, Loss: 0.2400, Train Acc: 91.08%
Batch 2215/2797, Loss: 0.2401, Train Acc: 91.08%
Batch 2220/2797, Loss: 0.2401, Train Acc: 91.09%
Batch 2225/2797, Loss: 0.2401, Train Acc: 91.09%
Batch 2230/2797, Loss: 0.2401, Train Acc: 91.09%
Batch 2235/2797, Loss: 0.2401, Train Acc: 91.09%
Batch 2240/2797, Loss: 0.2400, Train Acc: 91.09%
Batch 2245/2797, Loss: 0.2400, Train Acc: 91.09%
Batch 2250/2797, Loss: 0.2400, Train Acc: 91.09%
Batch 2255/2797, Loss: 0.2399, Train Acc: 91.09%
Batch 2260/2797, Loss: 0.2398, Train Acc: 91.10%
Batch 2265/2797, Loss: 0.2398, Train Acc: 91.10%
Batch 2270/2797, Loss: 0.2397, Train Acc: 91.10%
Batch 2275/2797, Loss: 0.2397, Train Acc: 91.10%
Batch 2280/2797, Loss: 0.2396, Train Acc: 91.11%
Batch 2285/2797, Loss: 0.2396, Train Acc: 91.11%
Batch 2290/2797, Loss: 0.2396, Train Acc: 91.10%
Batch 2295/2797, Loss: 0.2396, Train Acc: 91.11%
Batch 2300/2797, Loss: 0.2396, Train Acc: 91.11%
Batch 2305/2797, Loss: 0.2394, Train Acc: 91.11%
Batch 2310/2797, Loss: 0.2394, Train Acc: 91.12%
Batch 2315/2797, Loss: 0.2394, Train Acc: 91.11%
Batch 2320/2797, Loss: 0.2393, Train Acc: 91.12%
Batch 2325/2797, Loss: 0.2393, Train Acc: 91.12%
Batch 2330/2797, Loss: 0.2393, Train Acc: 91.12%
Batch 2335/2797, Loss: 0.2393, Train Acc: 91.12%
Batch 2340/2797, Loss: 0.2392, Train Acc: 91.12%
Batch 2345/2797, Loss: 0.2392, Train Acc: 91.12%
Batch 2350/2797, Loss: 0.2391, Train Acc: 91.13%
Batch 2355/2797, Loss: 0.2392, Train Acc: 91.13%
Batch 2360/2797, Loss: 0.2392, Train Acc: 91.13%
Batch 2365/2797, Loss: 0.2392, Train Acc: 91.13%
Batch 2370/2797, Loss: 0.2391, Train Acc: 91.13%
Batch 2375/2797, Loss: 0.2390, Train Acc: 91.13%
Batch 2380/2797, Loss: 0.2390, Train Acc: 91.13%
Batch 2385/2797, Loss: 0.2390, Train Acc: 91.13%
Batch 2390/2797, Loss: 0.2389, Train Acc: 91.13%
Batch 2395/2797, Loss: 0.2389, Train Acc: 91.14%
Batch 2400/2797, Loss: 0.2388, Train Acc: 91.14%
Batch 2405/2797, Loss: 0.2388, Train Acc: 91.14%
Batch 2410/2797, Loss: 0.2389, Train Acc: 91.14%
Batch 2415/2797, Loss: 0.2389, Train Acc: 91.14%
Batch 2420/2797, Loss: 0.2389, Train Acc: 91.14%
Batch 2425/2797, Loss: 0.2389, Train Acc: 91.14%
Batch 2430/2797, Loss: 0.2389, Train Acc: 91.14%
Batch 2435/2797, Loss: 0.2389, Train Acc: 91.14%
Batch 2440/2797, Loss: 0.2389, Train Acc: 91.14%
Batch 2445/2797, Loss: 0.2390, Train Acc: 91.14%
Batch 2450/2797, Loss: 0.2389, Train Acc: 91.14%
Batch 2455/2797, Loss: 0.2389, Train Acc: 91.14%
Batch 2460/2797, Loss: 0.2388, Train Acc: 91.15%
Batch 2465/2797, Loss: 0.2389, Train Acc: 91.15%
Batch 2470/2797, Loss: 0.2389, Train Acc: 91.15%
Batch 2475/2797, Loss: 0.2388, Train Acc: 91.15%
Batch 2480/2797, Loss: 0.2388, Train Acc: 91.15%
Batch 2485/2797, Loss: 0.2388, Train Acc: 91.15%
Batch 2490/2797, Loss: 0.2388, Train Acc: 91.15%
Batch 2495/2797, Loss: 0.2387, Train Acc: 91.15%
Batch 2500/2797, Loss: 0.2387, Train Acc: 91.15%
Batch 2505/2797, Loss: 0.2387, Train Acc: 91.15%
Batch 2510/2797, Loss: 0.2387, Train Acc: 91.15%
Batch 2515/2797, Loss: 0.2386, Train Acc: 91.16%
Batch 2520/2797, Loss: 0.2386, Train Acc: 91.16%
Batch 2525/2797, Loss: 0.2385, Train Acc: 91.17%
Batch 2530/2797, Loss: 0.2384, Train Acc: 91.17%
Batch 2535/2797, Loss: 0.2385, Train Acc: 91.16%
Batch 2540/2797, Loss: 0.2385, Train Acc: 91.17%
Batch 2545/2797, Loss: 0.2385, Train Acc: 91.16%
Batch 2550/2797, Loss: 0.2387, Train Acc: 91.16%
Batch 2555/2797, Loss: 0.2387, Train Acc: 91.16%
Batch 2560/2797, Loss: 0.2387, Train Acc: 91.16%
Batch 2565/2797, Loss: 0.2388, Train Acc: 91.15%
Batch 2570/2797, Loss: 0.2388, Train Acc: 91.16%
Batch 2575/2797, Loss: 0.2388, Train Acc: 91.16%
Batch 2580/2797, Loss: 0.2388, Train Acc: 91.16%
Batch 2585/2797, Loss: 0.2387, Train Acc: 91.16%
Batch 2590/2797, Loss: 0.2387, Train Acc: 91.16%
Batch 2595/2797, Loss: 0.2387, Train Acc: 91.16%
Batch 2600/2797, Loss: 0.2387, Train Acc: 91.16%
Batch 2605/2797, Loss: 0.2386, Train Acc: 91.16%
Batch 2610/2797, Loss: 0.2386, Train Acc: 91.16%
Batch 2615/2797, Loss: 0.2387, Train Acc: 91.16%
Batch 2620/2797, Loss: 0.2387, Train Acc: 91.16%
Batch 2625/2797, Loss: 0.2386, Train Acc: 91.16%
Batch 2630/2797, Loss: 0.2387, Train Acc: 91.16%
Batch 2635/2797, Loss: 0.2387, Train Acc: 91.16%
Batch 2640/2797, Loss: 0.2388, Train Acc: 91.15%
Batch 2645/2797, Loss: 0.2388, Train Acc: 91.15%
Batch 2650/2797, Loss: 0.2388, Train Acc: 91.16%
Batch 2655/2797, Loss: 0.2388, Train Acc: 91.15%
Batch 2660/2797, Loss: 0.2389, Train Acc: 91.15%
Batch 2665/2797, Loss: 0.2388, Train Acc: 91.15%
Batch 2670/2797, Loss: 0.2388, Train Acc: 91.16%
Batch 2675/2797, Loss: 0.2388, Train Acc: 91.15%
Batch 2680/2797, Loss: 0.2389, Train Acc: 91.15%
Batch 2685/2797, Loss: 0.2389, Train Acc: 91.16%
Batch 2690/2797, Loss: 0.2388, Train Acc: 91.16%
Batch 2695/2797, Loss: 0.2388, Train Acc: 91.16%
Batch 2700/2797, Loss: 0.2388, Train Acc: 91.16%
Batch 2705/2797, Loss: 0.2388, Train Acc: 91.16%
Batch 2710/2797, Loss: 0.2388, Train Acc: 91.16%
Batch 2715/2797, Loss: 0.2388, Train Acc: 91.16%
Batch 2720/2797, Loss: 0.2388, Train Acc: 91.16%
Batch 2725/2797, Loss: 0.2388, Train Acc: 91.16%
Batch 2730/2797, Loss: 0.2388, Train Acc: 91.16%
Batch 2735/2797, Loss: 0.2388, Train Acc: 91.16%
Batch 2740/2797, Loss: 0.2388, Train Acc: 91.16%
Batch 2745/2797, Loss: 0.2388, Train Acc: 91.16%
Batch 2750/2797, Loss: 0.2388, Train Acc: 91.16%
Batch 2755/2797, Loss: 0.2387, Train Acc: 91.16%
Batch 2760/2797, Loss: 0.2387, Train Acc: 91.16%
Batch 2765/2797, Loss: 0.2386, Train Acc: 91.17%
Batch 2770/2797, Loss: 0.2386, Train Acc: 91.17%
Batch 2775/2797, Loss: 0.2385, Train Acc: 91.17%
Batch 2780/2797, Loss: 0.2386, Train Acc: 91.17%
Batch 2785/2797, Loss: 0.2386, Train Acc: 91.16%
Batch 2790/2797, Loss: 0.2386, Train Acc: 91.17%
Batch 2795/2797, Loss: 0.2386, Train Acc: 91.17%
Learning Rate: 0.002400
Epoch 11/50, Average Loss: 0.2386, Train Accuracy: 91.17%
Validation Batch 5/700, Validation Accuracy: 94.06%
Validation Batch 10/700, Validation Accuracy: 92.11%
Validation Batch 15/700, Validation Accuracy: 91.30%
Validation Batch 20/700, Validation Accuracy: 90.86%
Validation Batch 25/700, Validation Accuracy: 90.72%
Validation Batch 30/700, Validation Accuracy: 90.86%
Validation Batch 35/700, Validation Accuracy: 90.58%
Validation Batch 40/700, Validation Accuracy: 90.57%
Validation Batch 45/700, Validation Accuracy: 90.49%
Validation Batch 50/700, Validation Accuracy: 90.56%
Validation Batch 55/700, Validation Accuracy: 90.61%
Validation Batch 60/700, Validation Accuracy: 90.62%
Validation Batch 65/700, Validation Accuracy: 90.58%
Validation Batch 70/700, Validation Accuracy: 90.60%
Validation Batch 75/700, Validation Accuracy: 90.60%
Validation Batch 80/700, Validation Accuracy: 90.42%
Validation Batch 85/700, Validation Accuracy: 90.35%
Validation Batch 90/700, Validation Accuracy: 90.35%
Validation Batch 95/700, Validation Accuracy: 90.25%
Validation Batch 100/700, Validation Accuracy: 90.27%
Validation Batch 105/700, Validation Accuracy: 90.25%
Validation Batch 110/700, Validation Accuracy: 90.17%
Validation Batch 115/700, Validation Accuracy: 90.18%
Validation Batch 120/700, Validation Accuracy: 90.21%
Validation Batch 125/700, Validation Accuracy: 90.24%
Validation Batch 130/700, Validation Accuracy: 90.25%
Validation Batch 135/700, Validation Accuracy: 90.33%
Validation Batch 140/700, Validation Accuracy: 90.34%
Validation Batch 145/700, Validation Accuracy: 90.38%
Validation Batch 150/700, Validation Accuracy: 90.43%
Validation Batch 155/700, Validation Accuracy: 90.37%
Validation Batch 160/700, Validation Accuracy: 90.37%
Validation Batch 165/700, Validation Accuracy: 90.35%
Validation Batch 170/700, Validation Accuracy: 90.39%
Validation Batch 175/700, Validation Accuracy: 90.42%
Validation Batch 180/700, Validation Accuracy: 90.41%
Validation Batch 185/700, Validation Accuracy: 90.40%
Validation Batch 190/700, Validation Accuracy: 90.39%
Validation Batch 195/700, Validation Accuracy: 90.36%
Validation Batch 200/700, Validation Accuracy: 90.37%
Validation Batch 205/700, Validation Accuracy: 90.35%
Validation Batch 210/700, Validation Accuracy: 90.33%
Validation Batch 215/700, Validation Accuracy: 90.32%
Validation Batch 220/700, Validation Accuracy: 90.29%
Validation Batch 225/700, Validation Accuracy: 90.31%
Validation Batch 230/700, Validation Accuracy: 90.35%
Validation Batch 235/700, Validation Accuracy: 90.36%
Validation Batch 240/700, Validation Accuracy: 90.38%
Validation Batch 245/700, Validation Accuracy: 90.42%
Validation Batch 250/700, Validation Accuracy: 90.38%
Validation Batch 255/700, Validation Accuracy: 90.41%
Validation Batch 260/700, Validation Accuracy: 90.42%
Validation Batch 265/700, Validation Accuracy: 90.40%
Validation Batch 270/700, Validation Accuracy: 90.38%
Validation Batch 275/700, Validation Accuracy: 90.38%
Validation Batch 280/700, Validation Accuracy: 90.39%
Validation Batch 285/700, Validation Accuracy: 90.39%
Validation Batch 290/700, Validation Accuracy: 90.42%
Validation Batch 295/700, Validation Accuracy: 90.45%
Validation Batch 300/700, Validation Accuracy: 90.46%
Validation Batch 305/700, Validation Accuracy: 90.44%
Validation Batch 310/700, Validation Accuracy: 90.42%
Validation Batch 315/700, Validation Accuracy: 90.42%
Validation Batch 320/700, Validation Accuracy: 90.42%
Validation Batch 325/700, Validation Accuracy: 90.41%
Validation Batch 330/700, Validation Accuracy: 90.42%
Validation Batch 335/700, Validation Accuracy: 90.41%
Validation Batch 340/700, Validation Accuracy: 90.43%
Validation Batch 345/700, Validation Accuracy: 90.40%
Validation Batch 350/700, Validation Accuracy: 90.39%
Validation Batch 355/700, Validation Accuracy: 90.37%
Validation Batch 360/700, Validation Accuracy: 90.41%
Validation Batch 365/700, Validation Accuracy: 90.41%
Validation Batch 370/700, Validation Accuracy: 90.40%
Validation Batch 375/700, Validation Accuracy: 90.42%
Validation Batch 380/700, Validation Accuracy: 90.42%
Validation Batch 385/700, Validation Accuracy: 90.40%
Validation Batch 390/700, Validation Accuracy: 90.37%
Validation Batch 395/700, Validation Accuracy: 90.37%
Validation Batch 400/700, Validation Accuracy: 90.37%
Validation Batch 405/700, Validation Accuracy: 90.37%
Validation Batch 410/700, Validation Accuracy: 90.36%
Validation Batch 415/700, Validation Accuracy: 90.37%
Validation Batch 420/700, Validation Accuracy: 90.39%
Validation Batch 425/700, Validation Accuracy: 90.38%
Validation Batch 430/700, Validation Accuracy: 90.39%
Validation Batch 435/700, Validation Accuracy: 90.40%
Validation Batch 440/700, Validation Accuracy: 90.39%
Validation Batch 445/700, Validation Accuracy: 90.38%
Validation Batch 450/700, Validation Accuracy: 90.38%
Validation Batch 455/700, Validation Accuracy: 90.39%
Validation Batch 460/700, Validation Accuracy: 90.41%
Validation Batch 465/700, Validation Accuracy: 90.42%
Validation Batch 470/700, Validation Accuracy: 90.42%
Validation Batch 475/700, Validation Accuracy: 90.42%
Validation Batch 480/700, Validation Accuracy: 90.43%
Validation Batch 485/700, Validation Accuracy: 90.42%
Validation Batch 490/700, Validation Accuracy: 90.44%
Validation Batch 495/700, Validation Accuracy: 90.44%
Validation Batch 500/700, Validation Accuracy: 90.44%
Validation Batch 505/700, Validation Accuracy: 90.45%
Validation Batch 510/700, Validation Accuracy: 90.44%
Validation Batch 515/700, Validation Accuracy: 90.44%
Validation Batch 520/700, Validation Accuracy: 90.45%
Validation Batch 525/700, Validation Accuracy: 90.44%
Validation Batch 530/700, Validation Accuracy: 90.43%
Validation Batch 535/700, Validation Accuracy: 90.42%
Validation Batch 540/700, Validation Accuracy: 90.41%
Validation Batch 545/700, Validation Accuracy: 90.42%
Validation Batch 550/700, Validation Accuracy: 90.42%
Validation Batch 555/700, Validation Accuracy: 90.43%
Validation Batch 560/700, Validation Accuracy: 90.43%
Validation Batch 565/700, Validation Accuracy: 90.44%
Validation Batch 570/700, Validation Accuracy: 90.44%
Validation Batch 575/700, Validation Accuracy: 90.45%
Validation Batch 580/700, Validation Accuracy: 90.45%
Validation Batch 585/700, Validation Accuracy: 90.46%
Validation Batch 590/700, Validation Accuracy: 90.46%
Validation Batch 595/700, Validation Accuracy: 90.46%
Validation Batch 600/700, Validation Accuracy: 90.46%
Validation Batch 605/700, Validation Accuracy: 90.48%
Validation Batch 610/700, Validation Accuracy: 90.48%
Validation Batch 615/700, Validation Accuracy: 90.45%
Validation Batch 620/700, Validation Accuracy: 90.46%
Validation Batch 625/700, Validation Accuracy: 90.46%
Validation Batch 630/700, Validation Accuracy: 90.46%
Validation Batch 635/700, Validation Accuracy: 90.46%
Validation Batch 640/700, Validation Accuracy: 90.47%
Validation Batch 645/700, Validation Accuracy: 90.50%
Validation Batch 650/700, Validation Accuracy: 90.48%
Validation Batch 655/700, Validation Accuracy: 90.48%
Validation Batch 660/700, Validation Accuracy: 90.48%
Validation Batch 665/700, Validation Accuracy: 90.49%
Validation Batch 670/700, Validation Accuracy: 90.49%
Validation Batch 675/700, Validation Accuracy: 90.49%
Validation Batch 680/700, Validation Accuracy: 90.48%
Validation Batch 685/700, Validation Accuracy: 90.48%
Validation Batch 690/700, Validation Accuracy: 90.48%
Validation Batch 695/700, Validation Accuracy: 90.48%
Validation Batch 700/700, Validation Accuracy: 90.49%
Validation Accuracy for Epoch 11: 90.49%
New Best Model Saved! Validation Accuracy: 90.49%

--- Epoch 12/50 ---
Batch 5/2797, Loss: 0.1853, Train Acc: 93.59%
Batch 10/2797, Loss: 0.1892, Train Acc: 93.12%
Batch 15/2797, Loss: 0.2016, Train Acc: 92.92%
Batch 20/2797, Loss: 0.2096, Train Acc: 92.50%
Batch 25/2797, Loss: 0.2147, Train Acc: 92.22%
Batch 30/2797, Loss: 0.2210, Train Acc: 91.88%
Batch 35/2797, Loss: 0.2222, Train Acc: 91.72%
Batch 40/2797, Loss: 0.2205, Train Acc: 91.72%
Batch 45/2797, Loss: 0.2166, Train Acc: 91.91%
Batch 50/2797, Loss: 0.2164, Train Acc: 91.98%
Batch 55/2797, Loss: 0.2163, Train Acc: 91.97%
Batch 60/2797, Loss: 0.2166, Train Acc: 91.98%
Batch 65/2797, Loss: 0.2153, Train Acc: 92.06%
Batch 70/2797, Loss: 0.2166, Train Acc: 91.95%
Batch 75/2797, Loss: 0.2174, Train Acc: 91.93%
Batch 80/2797, Loss: 0.2191, Train Acc: 91.88%
Batch 85/2797, Loss: 0.2164, Train Acc: 91.94%
Batch 90/2797, Loss: 0.2166, Train Acc: 91.90%
Batch 95/2797, Loss: 0.2162, Train Acc: 91.92%
Batch 100/2797, Loss: 0.2175, Train Acc: 91.84%
Batch 105/2797, Loss: 0.2181, Train Acc: 91.86%
Batch 110/2797, Loss: 0.2195, Train Acc: 91.84%
Batch 115/2797, Loss: 0.2190, Train Acc: 91.89%
Batch 120/2797, Loss: 0.2189, Train Acc: 91.89%
Batch 125/2797, Loss: 0.2186, Train Acc: 91.90%
Batch 130/2797, Loss: 0.2164, Train Acc: 91.95%
Batch 135/2797, Loss: 0.2154, Train Acc: 91.98%
Batch 140/2797, Loss: 0.2159, Train Acc: 91.96%
Batch 145/2797, Loss: 0.2166, Train Acc: 91.92%
Batch 150/2797, Loss: 0.2167, Train Acc: 91.91%
Batch 155/2797, Loss: 0.2179, Train Acc: 91.84%
Batch 160/2797, Loss: 0.2183, Train Acc: 91.81%
Batch 165/2797, Loss: 0.2181, Train Acc: 91.84%
Batch 170/2797, Loss: 0.2178, Train Acc: 91.87%
Batch 175/2797, Loss: 0.2170, Train Acc: 91.89%
Batch 180/2797, Loss: 0.2160, Train Acc: 91.94%
Batch 185/2797, Loss: 0.2164, Train Acc: 91.93%
Batch 190/2797, Loss: 0.2172, Train Acc: 91.91%
Batch 195/2797, Loss: 0.2173, Train Acc: 91.90%
Batch 200/2797, Loss: 0.2180, Train Acc: 91.85%
Batch 205/2797, Loss: 0.2178, Train Acc: 91.84%
Batch 210/2797, Loss: 0.2174, Train Acc: 91.86%
Batch 215/2797, Loss: 0.2180, Train Acc: 91.88%
Batch 220/2797, Loss: 0.2174, Train Acc: 91.91%
Batch 225/2797, Loss: 0.2173, Train Acc: 91.92%
Batch 230/2797, Loss: 0.2174, Train Acc: 91.94%
Batch 235/2797, Loss: 0.2183, Train Acc: 91.91%
Batch 240/2797, Loss: 0.2193, Train Acc: 91.90%
Batch 245/2797, Loss: 0.2192, Train Acc: 91.91%
Batch 250/2797, Loss: 0.2184, Train Acc: 91.97%
Batch 255/2797, Loss: 0.2179, Train Acc: 91.99%
Batch 260/2797, Loss: 0.2178, Train Acc: 91.98%
Batch 265/2797, Loss: 0.2182, Train Acc: 91.98%
Batch 270/2797, Loss: 0.2181, Train Acc: 91.97%
Batch 275/2797, Loss: 0.2178, Train Acc: 91.97%
Batch 280/2797, Loss: 0.2177, Train Acc: 91.97%
Batch 285/2797, Loss: 0.2178, Train Acc: 91.97%
Batch 290/2797, Loss: 0.2172, Train Acc: 92.01%
Batch 295/2797, Loss: 0.2177, Train Acc: 92.00%
Batch 300/2797, Loss: 0.2178, Train Acc: 91.98%
Batch 305/2797, Loss: 0.2178, Train Acc: 91.99%
Batch 310/2797, Loss: 0.2178, Train Acc: 91.99%
Batch 315/2797, Loss: 0.2174, Train Acc: 92.00%
Batch 320/2797, Loss: 0.2170, Train Acc: 92.01%
Batch 325/2797, Loss: 0.2174, Train Acc: 92.01%
Batch 330/2797, Loss: 0.2174, Train Acc: 92.01%
Batch 335/2797, Loss: 0.2170, Train Acc: 92.02%
Batch 340/2797, Loss: 0.2174, Train Acc: 92.01%
Batch 345/2797, Loss: 0.2175, Train Acc: 91.99%
Batch 350/2797, Loss: 0.2178, Train Acc: 91.98%
Batch 355/2797, Loss: 0.2179, Train Acc: 91.98%
Batch 360/2797, Loss: 0.2180, Train Acc: 92.00%
Batch 365/2797, Loss: 0.2177, Train Acc: 92.00%
Batch 370/2797, Loss: 0.2176, Train Acc: 92.00%
Batch 375/2797, Loss: 0.2175, Train Acc: 92.00%
Batch 380/2797, Loss: 0.2180, Train Acc: 91.97%
Batch 385/2797, Loss: 0.2173, Train Acc: 92.00%
Batch 390/2797, Loss: 0.2177, Train Acc: 91.98%
Batch 395/2797, Loss: 0.2182, Train Acc: 91.96%
Batch 400/2797, Loss: 0.2183, Train Acc: 91.96%
Batch 405/2797, Loss: 0.2189, Train Acc: 91.93%
Batch 410/2797, Loss: 0.2188, Train Acc: 91.92%
Batch 415/2797, Loss: 0.2188, Train Acc: 91.92%
Batch 420/2797, Loss: 0.2185, Train Acc: 91.93%
Batch 425/2797, Loss: 0.2183, Train Acc: 91.94%
Batch 430/2797, Loss: 0.2184, Train Acc: 91.93%
Batch 435/2797, Loss: 0.2185, Train Acc: 91.92%
Batch 440/2797, Loss: 0.2185, Train Acc: 91.91%
Batch 445/2797, Loss: 0.2185, Train Acc: 91.92%
Batch 450/2797, Loss: 0.2179, Train Acc: 91.93%
Batch 455/2797, Loss: 0.2183, Train Acc: 91.92%
Batch 460/2797, Loss: 0.2178, Train Acc: 91.95%
Batch 465/2797, Loss: 0.2181, Train Acc: 91.93%
Batch 470/2797, Loss: 0.2184, Train Acc: 91.92%
Batch 475/2797, Loss: 0.2185, Train Acc: 91.90%
Batch 480/2797, Loss: 0.2181, Train Acc: 91.91%
Batch 485/2797, Loss: 0.2190, Train Acc: 91.87%
Batch 490/2797, Loss: 0.2190, Train Acc: 91.87%
Batch 495/2797, Loss: 0.2189, Train Acc: 91.87%
Batch 500/2797, Loss: 0.2190, Train Acc: 91.87%
Batch 505/2797, Loss: 0.2196, Train Acc: 91.84%
Batch 510/2797, Loss: 0.2196, Train Acc: 91.83%
Batch 515/2797, Loss: 0.2194, Train Acc: 91.84%
Batch 520/2797, Loss: 0.2195, Train Acc: 91.84%
Batch 525/2797, Loss: 0.2193, Train Acc: 91.85%
Batch 530/2797, Loss: 0.2191, Train Acc: 91.85%
Batch 535/2797, Loss: 0.2188, Train Acc: 91.86%
Batch 540/2797, Loss: 0.2185, Train Acc: 91.86%
Batch 545/2797, Loss: 0.2185, Train Acc: 91.87%
Batch 550/2797, Loss: 0.2185, Train Acc: 91.86%
Batch 555/2797, Loss: 0.2189, Train Acc: 91.85%
Batch 560/2797, Loss: 0.2191, Train Acc: 91.83%
Batch 565/2797, Loss: 0.2189, Train Acc: 91.85%
Batch 570/2797, Loss: 0.2194, Train Acc: 91.83%
Batch 575/2797, Loss: 0.2194, Train Acc: 91.83%
Batch 580/2797, Loss: 0.2195, Train Acc: 91.82%
Batch 585/2797, Loss: 0.2195, Train Acc: 91.83%
Batch 590/2797, Loss: 0.2193, Train Acc: 91.84%
Batch 595/2797, Loss: 0.2193, Train Acc: 91.83%
Batch 600/2797, Loss: 0.2194, Train Acc: 91.83%
Batch 605/2797, Loss: 0.2196, Train Acc: 91.81%
Batch 610/2797, Loss: 0.2194, Train Acc: 91.83%
Batch 615/2797, Loss: 0.2193, Train Acc: 91.84%
Batch 620/2797, Loss: 0.2196, Train Acc: 91.83%
Batch 625/2797, Loss: 0.2197, Train Acc: 91.83%
Batch 630/2797, Loss: 0.2198, Train Acc: 91.82%
Batch 635/2797, Loss: 0.2197, Train Acc: 91.82%
Batch 640/2797, Loss: 0.2197, Train Acc: 91.82%
Batch 645/2797, Loss: 0.2196, Train Acc: 91.82%
Batch 650/2797, Loss: 0.2197, Train Acc: 91.81%
Batch 655/2797, Loss: 0.2196, Train Acc: 91.82%
Batch 660/2797, Loss: 0.2195, Train Acc: 91.83%
Batch 665/2797, Loss: 0.2198, Train Acc: 91.82%
Batch 670/2797, Loss: 0.2198, Train Acc: 91.82%
Batch 675/2797, Loss: 0.2202, Train Acc: 91.80%
Batch 680/2797, Loss: 0.2204, Train Acc: 91.79%
Batch 685/2797, Loss: 0.2206, Train Acc: 91.78%
Batch 690/2797, Loss: 0.2206, Train Acc: 91.79%
Batch 695/2797, Loss: 0.2206, Train Acc: 91.79%
Batch 700/2797, Loss: 0.2205, Train Acc: 91.80%
Batch 705/2797, Loss: 0.2205, Train Acc: 91.80%
Batch 710/2797, Loss: 0.2206, Train Acc: 91.80%
Batch 715/2797, Loss: 0.2207, Train Acc: 91.80%
Batch 720/2797, Loss: 0.2207, Train Acc: 91.79%
Batch 725/2797, Loss: 0.2207, Train Acc: 91.79%
Batch 730/2797, Loss: 0.2205, Train Acc: 91.79%
Batch 735/2797, Loss: 0.2205, Train Acc: 91.79%
Batch 740/2797, Loss: 0.2207, Train Acc: 91.79%
Batch 745/2797, Loss: 0.2207, Train Acc: 91.79%
Batch 750/2797, Loss: 0.2206, Train Acc: 91.80%
Batch 755/2797, Loss: 0.2207, Train Acc: 91.78%
Batch 760/2797, Loss: 0.2206, Train Acc: 91.79%
Batch 765/2797, Loss: 0.2204, Train Acc: 91.80%
Batch 770/2797, Loss: 0.2207, Train Acc: 91.79%
Batch 775/2797, Loss: 0.2207, Train Acc: 91.80%
Batch 780/2797, Loss: 0.2206, Train Acc: 91.79%
Batch 785/2797, Loss: 0.2207, Train Acc: 91.80%
Batch 790/2797, Loss: 0.2205, Train Acc: 91.80%
Batch 795/2797, Loss: 0.2204, Train Acc: 91.80%
Batch 800/2797, Loss: 0.2205, Train Acc: 91.79%
Batch 805/2797, Loss: 0.2205, Train Acc: 91.80%
Batch 810/2797, Loss: 0.2207, Train Acc: 91.79%
Batch 815/2797, Loss: 0.2209, Train Acc: 91.78%
Batch 820/2797, Loss: 0.2209, Train Acc: 91.78%
Batch 825/2797, Loss: 0.2208, Train Acc: 91.78%
Batch 830/2797, Loss: 0.2208, Train Acc: 91.78%
Batch 835/2797, Loss: 0.2209, Train Acc: 91.78%
Batch 840/2797, Loss: 0.2209, Train Acc: 91.78%
Batch 845/2797, Loss: 0.2210, Train Acc: 91.78%
Batch 850/2797, Loss: 0.2208, Train Acc: 91.79%
Batch 855/2797, Loss: 0.2206, Train Acc: 91.80%
Batch 860/2797, Loss: 0.2207, Train Acc: 91.80%
Batch 865/2797, Loss: 0.2208, Train Acc: 91.80%
Batch 870/2797, Loss: 0.2208, Train Acc: 91.80%
Batch 875/2797, Loss: 0.2205, Train Acc: 91.82%
Batch 880/2797, Loss: 0.2207, Train Acc: 91.81%
Batch 885/2797, Loss: 0.2207, Train Acc: 91.82%
Batch 890/2797, Loss: 0.2207, Train Acc: 91.82%
Batch 895/2797, Loss: 0.2210, Train Acc: 91.81%
Batch 900/2797, Loss: 0.2211, Train Acc: 91.82%
Batch 905/2797, Loss: 0.2212, Train Acc: 91.81%
Batch 910/2797, Loss: 0.2215, Train Acc: 91.81%
Batch 915/2797, Loss: 0.2218, Train Acc: 91.80%
Batch 920/2797, Loss: 0.2218, Train Acc: 91.80%
Batch 925/2797, Loss: 0.2221, Train Acc: 91.79%
Batch 930/2797, Loss: 0.2219, Train Acc: 91.79%
Batch 935/2797, Loss: 0.2222, Train Acc: 91.78%
Batch 940/2797, Loss: 0.2220, Train Acc: 91.79%
Batch 945/2797, Loss: 0.2220, Train Acc: 91.79%
Batch 950/2797, Loss: 0.2220, Train Acc: 91.79%
Batch 955/2797, Loss: 0.2219, Train Acc: 91.79%
Batch 960/2797, Loss: 0.2218, Train Acc: 91.79%
Batch 965/2797, Loss: 0.2216, Train Acc: 91.80%
Batch 970/2797, Loss: 0.2216, Train Acc: 91.80%
Batch 975/2797, Loss: 0.2215, Train Acc: 91.81%
Batch 980/2797, Loss: 0.2217, Train Acc: 91.80%
Batch 985/2797, Loss: 0.2221, Train Acc: 91.78%
Batch 990/2797, Loss: 0.2221, Train Acc: 91.78%
Batch 995/2797, Loss: 0.2220, Train Acc: 91.78%
Batch 1000/2797, Loss: 0.2219, Train Acc: 91.78%
Batch 1005/2797, Loss: 0.2220, Train Acc: 91.78%
Batch 1010/2797, Loss: 0.2219, Train Acc: 91.79%
Batch 1015/2797, Loss: 0.2219, Train Acc: 91.79%
Batch 1020/2797, Loss: 0.2221, Train Acc: 91.78%
Batch 1025/2797, Loss: 0.2220, Train Acc: 91.78%
Batch 1030/2797, Loss: 0.2221, Train Acc: 91.79%
Batch 1035/2797, Loss: 0.2221, Train Acc: 91.79%
Batch 1040/2797, Loss: 0.2220, Train Acc: 91.79%
Batch 1045/2797, Loss: 0.2222, Train Acc: 91.78%
Batch 1050/2797, Loss: 0.2221, Train Acc: 91.78%
Batch 1055/2797, Loss: 0.2221, Train Acc: 91.79%
Batch 1060/2797, Loss: 0.2223, Train Acc: 91.78%
Batch 1065/2797, Loss: 0.2222, Train Acc: 91.79%
Batch 1070/2797, Loss: 0.2222, Train Acc: 91.79%
Batch 1075/2797, Loss: 0.2223, Train Acc: 91.78%
Batch 1080/2797, Loss: 0.2225, Train Acc: 91.78%
Batch 1085/2797, Loss: 0.2226, Train Acc: 91.77%
Batch 1090/2797, Loss: 0.2227, Train Acc: 91.77%
Batch 1095/2797, Loss: 0.2229, Train Acc: 91.76%
Batch 1100/2797, Loss: 0.2228, Train Acc: 91.77%
Batch 1105/2797, Loss: 0.2228, Train Acc: 91.77%
Batch 1110/2797, Loss: 0.2227, Train Acc: 91.77%
Batch 1115/2797, Loss: 0.2228, Train Acc: 91.77%
Batch 1120/2797, Loss: 0.2227, Train Acc: 91.77%
Batch 1125/2797, Loss: 0.2227, Train Acc: 91.77%
Batch 1130/2797, Loss: 0.2228, Train Acc: 91.77%
Batch 1135/2797, Loss: 0.2227, Train Acc: 91.78%
Batch 1140/2797, Loss: 0.2226, Train Acc: 91.78%
Batch 1145/2797, Loss: 0.2227, Train Acc: 91.78%
Batch 1150/2797, Loss: 0.2224, Train Acc: 91.79%
Batch 1155/2797, Loss: 0.2224, Train Acc: 91.79%
Batch 1160/2797, Loss: 0.2223, Train Acc: 91.79%
Batch 1165/2797, Loss: 0.2224, Train Acc: 91.79%
Batch 1170/2797, Loss: 0.2224, Train Acc: 91.79%
Batch 1175/2797, Loss: 0.2224, Train Acc: 91.79%
Batch 1180/2797, Loss: 0.2225, Train Acc: 91.78%
Batch 1185/2797, Loss: 0.2224, Train Acc: 91.78%
Batch 1190/2797, Loss: 0.2225, Train Acc: 91.78%
Batch 1195/2797, Loss: 0.2225, Train Acc: 91.77%
Batch 1200/2797, Loss: 0.2227, Train Acc: 91.77%
Batch 1205/2797, Loss: 0.2231, Train Acc: 91.76%
Batch 1210/2797, Loss: 0.2233, Train Acc: 91.76%
Batch 1215/2797, Loss: 0.2234, Train Acc: 91.75%
Batch 1220/2797, Loss: 0.2235, Train Acc: 91.74%
Batch 1225/2797, Loss: 0.2234, Train Acc: 91.74%
Batch 1230/2797, Loss: 0.2234, Train Acc: 91.75%
Batch 1235/2797, Loss: 0.2236, Train Acc: 91.74%
Batch 1240/2797, Loss: 0.2235, Train Acc: 91.74%
Batch 1245/2797, Loss: 0.2235, Train Acc: 91.75%
Batch 1250/2797, Loss: 0.2235, Train Acc: 91.74%
Batch 1255/2797, Loss: 0.2236, Train Acc: 91.74%
Batch 1260/2797, Loss: 0.2239, Train Acc: 91.73%
Batch 1265/2797, Loss: 0.2239, Train Acc: 91.73%
Batch 1270/2797, Loss: 0.2239, Train Acc: 91.73%
Batch 1275/2797, Loss: 0.2240, Train Acc: 91.73%
Batch 1280/2797, Loss: 0.2240, Train Acc: 91.72%
Batch 1285/2797, Loss: 0.2241, Train Acc: 91.72%
Batch 1290/2797, Loss: 0.2243, Train Acc: 91.72%
Batch 1295/2797, Loss: 0.2243, Train Acc: 91.71%
Batch 1300/2797, Loss: 0.2244, Train Acc: 91.70%
Batch 1305/2797, Loss: 0.2243, Train Acc: 91.71%
Batch 1310/2797, Loss: 0.2244, Train Acc: 91.71%
Batch 1315/2797, Loss: 0.2244, Train Acc: 91.71%
Batch 1320/2797, Loss: 0.2242, Train Acc: 91.71%
Batch 1325/2797, Loss: 0.2242, Train Acc: 91.71%
Batch 1330/2797, Loss: 0.2242, Train Acc: 91.71%
Batch 1335/2797, Loss: 0.2242, Train Acc: 91.72%
Batch 1340/2797, Loss: 0.2243, Train Acc: 91.71%
Batch 1345/2797, Loss: 0.2243, Train Acc: 91.71%
Batch 1350/2797, Loss: 0.2242, Train Acc: 91.72%
Batch 1355/2797, Loss: 0.2242, Train Acc: 91.72%
Batch 1360/2797, Loss: 0.2243, Train Acc: 91.71%
Batch 1365/2797, Loss: 0.2242, Train Acc: 91.72%
Batch 1370/2797, Loss: 0.2242, Train Acc: 91.72%
Batch 1375/2797, Loss: 0.2242, Train Acc: 91.72%
Batch 1380/2797, Loss: 0.2239, Train Acc: 91.73%
Batch 1385/2797, Loss: 0.2241, Train Acc: 91.73%
Batch 1390/2797, Loss: 0.2243, Train Acc: 91.72%
Batch 1395/2797, Loss: 0.2243, Train Acc: 91.72%
Batch 1400/2797, Loss: 0.2243, Train Acc: 91.73%
Batch 1405/2797, Loss: 0.2242, Train Acc: 91.73%
Batch 1410/2797, Loss: 0.2243, Train Acc: 91.73%
Batch 1415/2797, Loss: 0.2243, Train Acc: 91.72%
Batch 1420/2797, Loss: 0.2244, Train Acc: 91.72%
Batch 1425/2797, Loss: 0.2245, Train Acc: 91.72%
Batch 1430/2797, Loss: 0.2244, Train Acc: 91.72%
Batch 1435/2797, Loss: 0.2243, Train Acc: 91.72%
Batch 1440/2797, Loss: 0.2252, Train Acc: 91.71%
Batch 1445/2797, Loss: 0.2253, Train Acc: 91.71%
Batch 1450/2797, Loss: 0.2254, Train Acc: 91.70%
Batch 1455/2797, Loss: 0.2253, Train Acc: 91.70%
Batch 1460/2797, Loss: 0.2256, Train Acc: 91.70%
Batch 1465/2797, Loss: 0.2256, Train Acc: 91.69%
Batch 1470/2797, Loss: 0.2256, Train Acc: 91.69%
Batch 1475/2797, Loss: 0.2257, Train Acc: 91.69%
Batch 1480/2797, Loss: 0.2257, Train Acc: 91.69%
Batch 1485/2797, Loss: 0.2258, Train Acc: 91.68%
Batch 1490/2797, Loss: 0.2259, Train Acc: 91.68%
Batch 1495/2797, Loss: 0.2259, Train Acc: 91.68%
Batch 1500/2797, Loss: 0.2261, Train Acc: 91.67%
Batch 1505/2797, Loss: 0.2262, Train Acc: 91.67%
Batch 1510/2797, Loss: 0.2263, Train Acc: 91.67%
Batch 1515/2797, Loss: 0.2263, Train Acc: 91.67%
Batch 1520/2797, Loss: 0.2273, Train Acc: 91.64%
Batch 1525/2797, Loss: 0.2272, Train Acc: 91.64%
Batch 1530/2797, Loss: 0.2273, Train Acc: 91.64%
Batch 1535/2797, Loss: 0.2273, Train Acc: 91.64%
Batch 1540/2797, Loss: 0.2273, Train Acc: 91.64%
Batch 1545/2797, Loss: 0.2273, Train Acc: 91.64%
Batch 1550/2797, Loss: 0.2274, Train Acc: 91.63%
Batch 1555/2797, Loss: 0.2273, Train Acc: 91.63%
Batch 1560/2797, Loss: 0.2273, Train Acc: 91.64%
Batch 1565/2797, Loss: 0.2272, Train Acc: 91.64%
Batch 1570/2797, Loss: 0.2272, Train Acc: 91.64%
Batch 1575/2797, Loss: 0.2273, Train Acc: 91.63%
Batch 1580/2797, Loss: 0.2272, Train Acc: 91.64%
Batch 1585/2797, Loss: 0.2272, Train Acc: 91.63%
Batch 1590/2797, Loss: 0.2271, Train Acc: 91.64%
Batch 1595/2797, Loss: 0.2273, Train Acc: 91.63%
Batch 1600/2797, Loss: 0.2272, Train Acc: 91.63%
Batch 1605/2797, Loss: 0.2273, Train Acc: 91.62%
Batch 1610/2797, Loss: 0.2272, Train Acc: 91.63%
Batch 1615/2797, Loss: 0.2272, Train Acc: 91.62%
Batch 1620/2797, Loss: 0.2273, Train Acc: 91.62%
Batch 1625/2797, Loss: 0.2273, Train Acc: 91.62%
Batch 1630/2797, Loss: 0.2273, Train Acc: 91.62%
Batch 1635/2797, Loss: 0.2274, Train Acc: 91.62%
Batch 1640/2797, Loss: 0.2274, Train Acc: 91.62%
Batch 1645/2797, Loss: 0.2275, Train Acc: 91.62%
Batch 1650/2797, Loss: 0.2275, Train Acc: 91.62%
Batch 1655/2797, Loss: 0.2274, Train Acc: 91.62%
Batch 1660/2797, Loss: 0.2275, Train Acc: 91.61%
Batch 1665/2797, Loss: 0.2275, Train Acc: 91.61%
Batch 1670/2797, Loss: 0.2275, Train Acc: 91.61%
Batch 1675/2797, Loss: 0.2276, Train Acc: 91.61%
Batch 1680/2797, Loss: 0.2278, Train Acc: 91.60%
Batch 1685/2797, Loss: 0.2278, Train Acc: 91.59%
Batch 1690/2797, Loss: 0.2280, Train Acc: 91.58%
Batch 1695/2797, Loss: 0.2280, Train Acc: 91.59%
Batch 1700/2797, Loss: 0.2281, Train Acc: 91.58%
Batch 1705/2797, Loss: 0.2281, Train Acc: 91.58%
Batch 1710/2797, Loss: 0.2281, Train Acc: 91.58%
Batch 1715/2797, Loss: 0.2280, Train Acc: 91.58%
Batch 1720/2797, Loss: 0.2281, Train Acc: 91.58%
Batch 1725/2797, Loss: 0.2280, Train Acc: 91.59%
Batch 1730/2797, Loss: 0.2279, Train Acc: 91.59%
Batch 1735/2797, Loss: 0.2281, Train Acc: 91.58%
Batch 1740/2797, Loss: 0.2280, Train Acc: 91.58%
Batch 1745/2797, Loss: 0.2281, Train Acc: 91.58%
Batch 1750/2797, Loss: 0.2279, Train Acc: 91.58%
Batch 1755/2797, Loss: 0.2281, Train Acc: 91.58%
Batch 1760/2797, Loss: 0.2280, Train Acc: 91.58%
Batch 1765/2797, Loss: 0.2281, Train Acc: 91.58%
Batch 1770/2797, Loss: 0.2280, Train Acc: 91.58%
Batch 1775/2797, Loss: 0.2280, Train Acc: 91.58%
Batch 1780/2797, Loss: 0.2279, Train Acc: 91.58%
Batch 1785/2797, Loss: 0.2280, Train Acc: 91.58%
Batch 1790/2797, Loss: 0.2280, Train Acc: 91.57%
Batch 1795/2797, Loss: 0.2280, Train Acc: 91.57%
Batch 1800/2797, Loss: 0.2282, Train Acc: 91.57%
Batch 1805/2797, Loss: 0.2283, Train Acc: 91.56%
Batch 1810/2797, Loss: 0.2284, Train Acc: 91.56%
Batch 1815/2797, Loss: 0.2285, Train Acc: 91.55%
Batch 1820/2797, Loss: 0.2285, Train Acc: 91.55%
Batch 1825/2797, Loss: 0.2285, Train Acc: 91.55%
Batch 1830/2797, Loss: 0.2283, Train Acc: 91.56%
Batch 1835/2797, Loss: 0.2283, Train Acc: 91.56%
Batch 1840/2797, Loss: 0.2284, Train Acc: 91.56%
Batch 1845/2797, Loss: 0.2285, Train Acc: 91.56%
Batch 1850/2797, Loss: 0.2285, Train Acc: 91.56%
Batch 1855/2797, Loss: 0.2285, Train Acc: 91.56%
Batch 1860/2797, Loss: 0.2285, Train Acc: 91.56%
Batch 1865/2797, Loss: 0.2285, Train Acc: 91.56%
Batch 1870/2797, Loss: 0.2286, Train Acc: 91.56%
Batch 1875/2797, Loss: 0.2287, Train Acc: 91.55%
Batch 1880/2797, Loss: 0.2287, Train Acc: 91.55%
Batch 1885/2797, Loss: 0.2287, Train Acc: 91.55%
Batch 1890/2797, Loss: 0.2288, Train Acc: 91.55%
Batch 1895/2797, Loss: 0.2289, Train Acc: 91.55%
Batch 1900/2797, Loss: 0.2287, Train Acc: 91.55%
Batch 1905/2797, Loss: 0.2287, Train Acc: 91.55%
Batch 1910/2797, Loss: 0.2287, Train Acc: 91.55%
Batch 1915/2797, Loss: 0.2287, Train Acc: 91.55%
Batch 1920/2797, Loss: 0.2288, Train Acc: 91.55%
Batch 1925/2797, Loss: 0.2288, Train Acc: 91.55%
Batch 1930/2797, Loss: 0.2287, Train Acc: 91.55%
Batch 1935/2797, Loss: 0.2287, Train Acc: 91.55%
Batch 1940/2797, Loss: 0.2287, Train Acc: 91.55%
Batch 1945/2797, Loss: 0.2288, Train Acc: 91.55%
Batch 1950/2797, Loss: 0.2289, Train Acc: 91.54%
Batch 1955/2797, Loss: 0.2289, Train Acc: 91.55%
Batch 1960/2797, Loss: 0.2289, Train Acc: 91.55%
Batch 1965/2797, Loss: 0.2288, Train Acc: 91.55%
Batch 1970/2797, Loss: 0.2288, Train Acc: 91.55%
Batch 1975/2797, Loss: 0.2287, Train Acc: 91.55%
Batch 1980/2797, Loss: 0.2286, Train Acc: 91.55%
Batch 1985/2797, Loss: 0.2286, Train Acc: 91.56%
Batch 1990/2797, Loss: 0.2287, Train Acc: 91.55%
Batch 1995/2797, Loss: 0.2289, Train Acc: 91.55%
Batch 2000/2797, Loss: 0.2290, Train Acc: 91.54%
Batch 2005/2797, Loss: 0.2291, Train Acc: 91.53%
Batch 2010/2797, Loss: 0.2291, Train Acc: 91.53%
Batch 2015/2797, Loss: 0.2291, Train Acc: 91.53%
Batch 2020/2797, Loss: 0.2301, Train Acc: 91.52%
Batch 2025/2797, Loss: 0.2302, Train Acc: 91.52%
Batch 2030/2797, Loss: 0.2302, Train Acc: 91.51%
Batch 2035/2797, Loss: 0.2302, Train Acc: 91.51%
Batch 2040/2797, Loss: 0.2303, Train Acc: 91.51%
Batch 2045/2797, Loss: 0.2303, Train Acc: 91.51%
Batch 2050/2797, Loss: 0.2304, Train Acc: 91.50%
Batch 2055/2797, Loss: 0.2304, Train Acc: 91.50%
Batch 2060/2797, Loss: 0.2304, Train Acc: 91.51%
Batch 2065/2797, Loss: 0.2310, Train Acc: 91.50%
Batch 2070/2797, Loss: 0.2321, Train Acc: 91.48%
Batch 2075/2797, Loss: 0.2321, Train Acc: 91.48%
Batch 2080/2797, Loss: 0.2320, Train Acc: 91.49%
Batch 2085/2797, Loss: 0.2319, Train Acc: 91.49%
Batch 2090/2797, Loss: 0.2320, Train Acc: 91.49%
Batch 2095/2797, Loss: 0.2320, Train Acc: 91.49%
Batch 2100/2797, Loss: 0.2319, Train Acc: 91.49%
Batch 2105/2797, Loss: 0.2318, Train Acc: 91.49%
Batch 2110/2797, Loss: 0.2318, Train Acc: 91.49%
Batch 2115/2797, Loss: 0.2318, Train Acc: 91.49%
Batch 2120/2797, Loss: 0.2318, Train Acc: 91.49%
Batch 2125/2797, Loss: 0.2318, Train Acc: 91.49%
Batch 2130/2797, Loss: 0.2319, Train Acc: 91.49%
Batch 2135/2797, Loss: 0.2320, Train Acc: 91.49%
Batch 2140/2797, Loss: 0.2320, Train Acc: 91.48%
Batch 2145/2797, Loss: 0.2320, Train Acc: 91.48%
Batch 2150/2797, Loss: 0.2320, Train Acc: 91.48%
Batch 2155/2797, Loss: 0.2320, Train Acc: 91.48%
Batch 2160/2797, Loss: 0.2320, Train Acc: 91.48%
Batch 2165/2797, Loss: 0.2321, Train Acc: 91.47%
Batch 2170/2797, Loss: 0.2321, Train Acc: 91.47%
Batch 2175/2797, Loss: 0.2321, Train Acc: 91.48%
Batch 2180/2797, Loss: 0.2322, Train Acc: 91.47%
Batch 2185/2797, Loss: 0.2323, Train Acc: 91.47%
Batch 2190/2797, Loss: 0.2323, Train Acc: 91.47%
Batch 2195/2797, Loss: 0.2322, Train Acc: 91.47%
Batch 2200/2797, Loss: 0.2322, Train Acc: 91.47%
Batch 2205/2797, Loss: 0.2321, Train Acc: 91.47%
Batch 2210/2797, Loss: 0.2323, Train Acc: 91.46%
Batch 2215/2797, Loss: 0.2324, Train Acc: 91.46%
Batch 2220/2797, Loss: 0.2324, Train Acc: 91.46%
Batch 2225/2797, Loss: 0.2325, Train Acc: 91.46%
Batch 2230/2797, Loss: 0.2325, Train Acc: 91.46%
Batch 2235/2797, Loss: 0.2327, Train Acc: 91.46%
Batch 2240/2797, Loss: 0.2327, Train Acc: 91.46%
Batch 2245/2797, Loss: 0.2327, Train Acc: 91.46%
Batch 2250/2797, Loss: 0.2328, Train Acc: 91.46%
Batch 2255/2797, Loss: 0.2327, Train Acc: 91.46%
Batch 2260/2797, Loss: 0.2327, Train Acc: 91.46%
Batch 2265/2797, Loss: 0.2327, Train Acc: 91.46%
Batch 2270/2797, Loss: 0.2326, Train Acc: 91.46%
Batch 2275/2797, Loss: 0.2326, Train Acc: 91.46%
Batch 2280/2797, Loss: 0.2325, Train Acc: 91.46%
Batch 2285/2797, Loss: 0.2325, Train Acc: 91.47%
Batch 2290/2797, Loss: 0.2325, Train Acc: 91.46%
Batch 2295/2797, Loss: 0.2325, Train Acc: 91.46%
Batch 2300/2797, Loss: 0.2325, Train Acc: 91.46%
Batch 2305/2797, Loss: 0.2326, Train Acc: 91.46%
Batch 2310/2797, Loss: 0.2326, Train Acc: 91.46%
Batch 2315/2797, Loss: 0.2326, Train Acc: 91.46%
Batch 2320/2797, Loss: 0.2326, Train Acc: 91.46%
Batch 2325/2797, Loss: 0.2326, Train Acc: 91.46%
Batch 2330/2797, Loss: 0.2326, Train Acc: 91.46%
Batch 2335/2797, Loss: 0.2326, Train Acc: 91.46%
Batch 2340/2797, Loss: 0.2326, Train Acc: 91.46%
Batch 2345/2797, Loss: 0.2325, Train Acc: 91.46%
Batch 2350/2797, Loss: 0.2325, Train Acc: 91.46%
Batch 2355/2797, Loss: 0.2324, Train Acc: 91.46%
Batch 2360/2797, Loss: 0.2325, Train Acc: 91.46%
Batch 2365/2797, Loss: 0.2325, Train Acc: 91.46%
Batch 2370/2797, Loss: 0.2325, Train Acc: 91.46%
Batch 2375/2797, Loss: 0.2324, Train Acc: 91.47%
Batch 2380/2797, Loss: 0.2324, Train Acc: 91.47%
Batch 2385/2797, Loss: 0.2325, Train Acc: 91.46%
Batch 2390/2797, Loss: 0.2325, Train Acc: 91.46%
Batch 2395/2797, Loss: 0.2324, Train Acc: 91.46%
Batch 2400/2797, Loss: 0.2324, Train Acc: 91.46%
Batch 2405/2797, Loss: 0.2324, Train Acc: 91.46%
Batch 2410/2797, Loss: 0.2323, Train Acc: 91.46%
Batch 2415/2797, Loss: 0.2323, Train Acc: 91.46%
Batch 2420/2797, Loss: 0.2323, Train Acc: 91.46%
Batch 2425/2797, Loss: 0.2322, Train Acc: 91.47%
Batch 2430/2797, Loss: 0.2322, Train Acc: 91.47%
Batch 2435/2797, Loss: 0.2323, Train Acc: 91.47%
Batch 2440/2797, Loss: 0.2323, Train Acc: 91.47%
Batch 2445/2797, Loss: 0.2323, Train Acc: 91.47%
Batch 2450/2797, Loss: 0.2322, Train Acc: 91.47%
Batch 2455/2797, Loss: 0.2322, Train Acc: 91.47%
Batch 2460/2797, Loss: 0.2322, Train Acc: 91.47%
Batch 2465/2797, Loss: 0.2322, Train Acc: 91.47%
Batch 2470/2797, Loss: 0.2322, Train Acc: 91.47%
Batch 2475/2797, Loss: 0.2322, Train Acc: 91.47%
Batch 2480/2797, Loss: 0.2322, Train Acc: 91.46%
Batch 2485/2797, Loss: 0.2321, Train Acc: 91.47%
Batch 2490/2797, Loss: 0.2321, Train Acc: 91.47%
Batch 2495/2797, Loss: 0.2320, Train Acc: 91.47%
Batch 2500/2797, Loss: 0.2320, Train Acc: 91.47%
Batch 2505/2797, Loss: 0.2320, Train Acc: 91.47%
Batch 2510/2797, Loss: 0.2321, Train Acc: 91.47%
Batch 2515/2797, Loss: 0.2322, Train Acc: 91.47%
Batch 2520/2797, Loss: 0.2321, Train Acc: 91.47%
Batch 2525/2797, Loss: 0.2321, Train Acc: 91.47%
Batch 2530/2797, Loss: 0.2321, Train Acc: 91.47%
Batch 2535/2797, Loss: 0.2321, Train Acc: 91.47%
Batch 2540/2797, Loss: 0.2321, Train Acc: 91.47%
Batch 2545/2797, Loss: 0.2321, Train Acc: 91.47%
Batch 2550/2797, Loss: 0.2321, Train Acc: 91.47%
Batch 2555/2797, Loss: 0.2322, Train Acc: 91.47%
Batch 2560/2797, Loss: 0.2322, Train Acc: 91.47%
Batch 2565/2797, Loss: 0.2322, Train Acc: 91.47%
Batch 2570/2797, Loss: 0.2322, Train Acc: 91.46%
Batch 2575/2797, Loss: 0.2323, Train Acc: 91.46%
Batch 2580/2797, Loss: 0.2322, Train Acc: 91.46%
Batch 2585/2797, Loss: 0.2322, Train Acc: 91.47%
Batch 2590/2797, Loss: 0.2322, Train Acc: 91.47%
Batch 2595/2797, Loss: 0.2321, Train Acc: 91.47%
Batch 2600/2797, Loss: 0.2321, Train Acc: 91.47%
Batch 2605/2797, Loss: 0.2321, Train Acc: 91.47%
Batch 2610/2797, Loss: 0.2321, Train Acc: 91.47%
Batch 2615/2797, Loss: 0.2321, Train Acc: 91.47%
Batch 2620/2797, Loss: 0.2322, Train Acc: 91.46%
Batch 2625/2797, Loss: 0.2322, Train Acc: 91.46%
Batch 2630/2797, Loss: 0.2322, Train Acc: 91.46%
Batch 2635/2797, Loss: 0.2321, Train Acc: 91.46%
Batch 2640/2797, Loss: 0.2321, Train Acc: 91.47%
Batch 2645/2797, Loss: 0.2321, Train Acc: 91.46%
Batch 2650/2797, Loss: 0.2321, Train Acc: 91.47%
Batch 2655/2797, Loss: 0.2321, Train Acc: 91.46%
Batch 2660/2797, Loss: 0.2321, Train Acc: 91.46%
Batch 2665/2797, Loss: 0.2322, Train Acc: 91.46%
Batch 2670/2797, Loss: 0.2322, Train Acc: 91.46%
Batch 2675/2797, Loss: 0.2321, Train Acc: 91.46%
Batch 2680/2797, Loss: 0.2322, Train Acc: 91.46%
Batch 2685/2797, Loss: 0.2322, Train Acc: 91.46%
Batch 2690/2797, Loss: 0.2322, Train Acc: 91.46%
Batch 2695/2797, Loss: 0.2321, Train Acc: 91.46%
Batch 2700/2797, Loss: 0.2321, Train Acc: 91.46%
Batch 2705/2797, Loss: 0.2320, Train Acc: 91.46%
Batch 2710/2797, Loss: 0.2319, Train Acc: 91.47%
Batch 2715/2797, Loss: 0.2319, Train Acc: 91.47%
Batch 2720/2797, Loss: 0.2319, Train Acc: 91.47%
Batch 2725/2797, Loss: 0.2318, Train Acc: 91.47%
Batch 2730/2797, Loss: 0.2319, Train Acc: 91.47%
Batch 2735/2797, Loss: 0.2319, Train Acc: 91.47%
Batch 2740/2797, Loss: 0.2318, Train Acc: 91.48%
Batch 2745/2797, Loss: 0.2317, Train Acc: 91.48%
Batch 2750/2797, Loss: 0.2317, Train Acc: 91.48%
Batch 2755/2797, Loss: 0.2317, Train Acc: 91.48%
Batch 2760/2797, Loss: 0.2317, Train Acc: 91.48%
Batch 2765/2797, Loss: 0.2316, Train Acc: 91.49%
Batch 2770/2797, Loss: 0.2316, Train Acc: 91.49%
Batch 2775/2797, Loss: 0.2316, Train Acc: 91.49%
Batch 2780/2797, Loss: 0.2315, Train Acc: 91.49%
Batch 2785/2797, Loss: 0.2314, Train Acc: 91.49%
Batch 2790/2797, Loss: 0.2314, Train Acc: 91.50%
Batch 2795/2797, Loss: 0.2314, Train Acc: 91.49%
Learning Rate: 0.002600
Epoch 12/50, Average Loss: 0.2314, Train Accuracy: 91.50%
Validation Batch 5/700, Validation Accuracy: 91.88%
Validation Batch 10/700, Validation Accuracy: 89.92%
Validation Batch 15/700, Validation Accuracy: 89.01%
Validation Batch 20/700, Validation Accuracy: 88.52%
Validation Batch 25/700, Validation Accuracy: 88.47%
Validation Batch 30/700, Validation Accuracy: 88.07%
Validation Batch 35/700, Validation Accuracy: 88.04%
Validation Batch 40/700, Validation Accuracy: 88.26%
Validation Batch 45/700, Validation Accuracy: 88.18%
Validation Batch 50/700, Validation Accuracy: 88.28%
Validation Batch 55/700, Validation Accuracy: 88.20%
Validation Batch 60/700, Validation Accuracy: 88.23%
Validation Batch 65/700, Validation Accuracy: 88.10%
Validation Batch 70/700, Validation Accuracy: 88.08%
Validation Batch 75/700, Validation Accuracy: 87.99%
Validation Batch 80/700, Validation Accuracy: 87.84%
Validation Batch 85/700, Validation Accuracy: 87.79%
Validation Batch 90/700, Validation Accuracy: 87.73%
Validation Batch 95/700, Validation Accuracy: 87.70%
Validation Batch 100/700, Validation Accuracy: 87.65%
Validation Batch 105/700, Validation Accuracy: 87.64%
Validation Batch 110/700, Validation Accuracy: 87.56%
Validation Batch 115/700, Validation Accuracy: 87.55%
Validation Batch 120/700, Validation Accuracy: 87.56%
Validation Batch 125/700, Validation Accuracy: 87.55%
Validation Batch 130/700, Validation Accuracy: 87.52%
Validation Batch 135/700, Validation Accuracy: 87.53%
Validation Batch 140/700, Validation Accuracy: 87.55%
Validation Batch 145/700, Validation Accuracy: 87.57%
Validation Batch 150/700, Validation Accuracy: 87.57%
Validation Batch 155/700, Validation Accuracy: 87.57%
Validation Batch 160/700, Validation Accuracy: 87.53%
Validation Batch 165/700, Validation Accuracy: 87.56%
Validation Batch 170/700, Validation Accuracy: 87.58%
Validation Batch 175/700, Validation Accuracy: 87.60%
Validation Batch 180/700, Validation Accuracy: 87.60%
Validation Batch 185/700, Validation Accuracy: 87.57%
Validation Batch 190/700, Validation Accuracy: 87.60%
Validation Batch 195/700, Validation Accuracy: 87.60%
Validation Batch 200/700, Validation Accuracy: 87.61%
Validation Batch 205/700, Validation Accuracy: 87.64%
Validation Batch 210/700, Validation Accuracy: 87.63%
Validation Batch 215/700, Validation Accuracy: 87.65%
Validation Batch 220/700, Validation Accuracy: 87.63%
Validation Batch 225/700, Validation Accuracy: 87.68%
Validation Batch 230/700, Validation Accuracy: 87.70%
Validation Batch 235/700, Validation Accuracy: 87.72%
Validation Batch 240/700, Validation Accuracy: 87.72%
Validation Batch 245/700, Validation Accuracy: 87.76%
Validation Batch 250/700, Validation Accuracy: 87.72%
Validation Batch 255/700, Validation Accuracy: 87.74%
Validation Batch 260/700, Validation Accuracy: 87.75%
Validation Batch 265/700, Validation Accuracy: 87.75%
Validation Batch 270/700, Validation Accuracy: 87.76%
Validation Batch 275/700, Validation Accuracy: 87.73%
Validation Batch 280/700, Validation Accuracy: 87.70%
Validation Batch 285/700, Validation Accuracy: 87.72%
Validation Batch 290/700, Validation Accuracy: 87.74%
Validation Batch 295/700, Validation Accuracy: 87.76%
Validation Batch 300/700, Validation Accuracy: 87.74%
Validation Batch 305/700, Validation Accuracy: 87.73%
Validation Batch 310/700, Validation Accuracy: 87.73%
Validation Batch 315/700, Validation Accuracy: 87.72%
Validation Batch 320/700, Validation Accuracy: 87.72%
Validation Batch 325/700, Validation Accuracy: 87.73%
Validation Batch 330/700, Validation Accuracy: 87.74%
Validation Batch 335/700, Validation Accuracy: 87.76%
Validation Batch 340/700, Validation Accuracy: 87.76%
Validation Batch 345/700, Validation Accuracy: 87.76%
Validation Batch 350/700, Validation Accuracy: 87.75%
Validation Batch 355/700, Validation Accuracy: 87.73%
Validation Batch 360/700, Validation Accuracy: 87.73%
Validation Batch 365/700, Validation Accuracy: 87.72%
Validation Batch 370/700, Validation Accuracy: 87.72%
Validation Batch 375/700, Validation Accuracy: 87.74%
Validation Batch 380/700, Validation Accuracy: 87.74%
Validation Batch 385/700, Validation Accuracy: 87.74%
Validation Batch 390/700, Validation Accuracy: 87.72%
Validation Batch 395/700, Validation Accuracy: 87.73%
Validation Batch 400/700, Validation Accuracy: 87.73%
Validation Batch 405/700, Validation Accuracy: 87.73%
Validation Batch 410/700, Validation Accuracy: 87.71%
Validation Batch 415/700, Validation Accuracy: 87.74%
Validation Batch 420/700, Validation Accuracy: 87.77%
Validation Batch 425/700, Validation Accuracy: 87.78%
Validation Batch 430/700, Validation Accuracy: 87.81%
Validation Batch 435/700, Validation Accuracy: 87.81%
Validation Batch 440/700, Validation Accuracy: 87.82%
Validation Batch 445/700, Validation Accuracy: 87.82%
Validation Batch 450/700, Validation Accuracy: 87.85%
Validation Batch 455/700, Validation Accuracy: 87.84%
Validation Batch 460/700, Validation Accuracy: 87.84%
Validation Batch 465/700, Validation Accuracy: 87.84%
Validation Batch 470/700, Validation Accuracy: 87.85%
Validation Batch 475/700, Validation Accuracy: 87.82%
Validation Batch 480/700, Validation Accuracy: 87.83%
Validation Batch 485/700, Validation Accuracy: 87.83%
Validation Batch 490/700, Validation Accuracy: 87.84%
Validation Batch 495/700, Validation Accuracy: 87.83%
Validation Batch 500/700, Validation Accuracy: 87.82%
Validation Batch 505/700, Validation Accuracy: 87.82%
Validation Batch 510/700, Validation Accuracy: 87.81%
Validation Batch 515/700, Validation Accuracy: 87.79%
Validation Batch 520/700, Validation Accuracy: 87.78%
Validation Batch 525/700, Validation Accuracy: 87.77%
Validation Batch 530/700, Validation Accuracy: 87.79%
Validation Batch 535/700, Validation Accuracy: 87.79%
Validation Batch 540/700, Validation Accuracy: 87.76%
Validation Batch 545/700, Validation Accuracy: 87.76%
Validation Batch 550/700, Validation Accuracy: 87.78%
Validation Batch 555/700, Validation Accuracy: 87.76%
Validation Batch 560/700, Validation Accuracy: 87.75%
Validation Batch 565/700, Validation Accuracy: 87.73%
Validation Batch 570/700, Validation Accuracy: 87.73%
Validation Batch 575/700, Validation Accuracy: 87.74%
Validation Batch 580/700, Validation Accuracy: 87.74%
Validation Batch 585/700, Validation Accuracy: 87.75%
Validation Batch 590/700, Validation Accuracy: 87.74%
Validation Batch 595/700, Validation Accuracy: 87.74%
Validation Batch 600/700, Validation Accuracy: 87.75%
Validation Batch 605/700, Validation Accuracy: 87.74%
Validation Batch 610/700, Validation Accuracy: 87.75%
Validation Batch 615/700, Validation Accuracy: 87.75%
Validation Batch 620/700, Validation Accuracy: 87.75%
Validation Batch 625/700, Validation Accuracy: 87.75%
Validation Batch 630/700, Validation Accuracy: 87.75%
Validation Batch 635/700, Validation Accuracy: 87.75%
Validation Batch 640/700, Validation Accuracy: 87.75%
Validation Batch 645/700, Validation Accuracy: 87.75%
Validation Batch 650/700, Validation Accuracy: 87.76%
Validation Batch 655/700, Validation Accuracy: 87.77%
Validation Batch 660/700, Validation Accuracy: 87.78%
Validation Batch 665/700, Validation Accuracy: 87.78%
Validation Batch 670/700, Validation Accuracy: 87.79%
Validation Batch 675/700, Validation Accuracy: 87.79%
Validation Batch 680/700, Validation Accuracy: 87.78%
Validation Batch 685/700, Validation Accuracy: 87.78%
Validation Batch 690/700, Validation Accuracy: 87.78%
Validation Batch 695/700, Validation Accuracy: 87.78%
Validation Batch 700/700, Validation Accuracy: 87.79%
Validation Accuracy for Epoch 12: 87.79%

--- Epoch 13/50 ---
Batch 5/2797, Loss: 0.2100, Train Acc: 92.50%
Batch 10/2797, Loss: 0.2337, Train Acc: 92.11%
Batch 15/2797, Loss: 0.2170, Train Acc: 92.76%
Batch 20/2797, Loss: 0.2147, Train Acc: 92.85%
Batch 25/2797, Loss: 0.2217, Train Acc: 92.50%
Batch 30/2797, Loss: 0.2229, Train Acc: 92.45%
Batch 35/2797, Loss: 0.2191, Train Acc: 92.52%
Batch 40/2797, Loss: 0.2166, Train Acc: 92.52%
Batch 45/2797, Loss: 0.2181, Train Acc: 92.45%
Batch 50/2797, Loss: 0.2171, Train Acc: 92.42%
Batch 55/2797, Loss: 0.2182, Train Acc: 92.34%
Batch 60/2797, Loss: 0.2148, Train Acc: 92.47%
Batch 65/2797, Loss: 0.2169, Train Acc: 92.48%
Batch 70/2797, Loss: 0.2167, Train Acc: 92.43%
Batch 75/2797, Loss: 0.2144, Train Acc: 92.46%
Batch 80/2797, Loss: 0.2148, Train Acc: 92.40%
Batch 85/2797, Loss: 0.2169, Train Acc: 92.29%
Batch 90/2797, Loss: 0.2181, Train Acc: 92.18%
Batch 95/2797, Loss: 0.2165, Train Acc: 92.18%
Batch 100/2797, Loss: 0.2171, Train Acc: 92.09%
Batch 105/2797, Loss: 0.2159, Train Acc: 92.12%
Batch 110/2797, Loss: 0.2171, Train Acc: 92.10%
Batch 115/2797, Loss: 0.2188, Train Acc: 91.98%
Batch 120/2797, Loss: 0.2175, Train Acc: 92.06%
Batch 125/2797, Loss: 0.2164, Train Acc: 92.12%
Batch 130/2797, Loss: 0.2150, Train Acc: 92.17%
Batch 135/2797, Loss: 0.2151, Train Acc: 92.19%
Batch 140/2797, Loss: 0.2140, Train Acc: 92.22%
Batch 145/2797, Loss: 0.2141, Train Acc: 92.20%
Batch 150/2797, Loss: 0.2140, Train Acc: 92.20%
Batch 155/2797, Loss: 0.2143, Train Acc: 92.19%
Batch 160/2797, Loss: 0.2148, Train Acc: 92.17%
Batch 165/2797, Loss: 0.2146, Train Acc: 92.16%
Batch 170/2797, Loss: 0.2220, Train Acc: 92.11%
Batch 175/2797, Loss: 0.2216, Train Acc: 92.11%
Batch 180/2797, Loss: 0.2217, Train Acc: 92.07%
Batch 185/2797, Loss: 0.2226, Train Acc: 92.02%
Batch 190/2797, Loss: 0.2235, Train Acc: 91.95%
Batch 195/2797, Loss: 0.2237, Train Acc: 91.94%
Batch 200/2797, Loss: 0.2227, Train Acc: 91.98%
Batch 205/2797, Loss: 0.2227, Train Acc: 91.96%
Batch 210/2797, Loss: 0.2226, Train Acc: 91.98%
Batch 215/2797, Loss: 0.2229, Train Acc: 91.99%
Batch 220/2797, Loss: 0.2223, Train Acc: 92.00%
Batch 225/2797, Loss: 0.2227, Train Acc: 92.00%
Batch 230/2797, Loss: 0.2224, Train Acc: 92.01%
Batch 235/2797, Loss: 0.2226, Train Acc: 92.00%
Batch 240/2797, Loss: 0.2333, Train Acc: 91.97%
Batch 245/2797, Loss: 0.2340, Train Acc: 91.95%
Batch 250/2797, Loss: 0.2349, Train Acc: 91.93%
Batch 255/2797, Loss: 0.2342, Train Acc: 91.94%
Batch 260/2797, Loss: 0.2340, Train Acc: 91.93%
Batch 265/2797, Loss: 0.2337, Train Acc: 91.94%
Batch 270/2797, Loss: 0.2329, Train Acc: 91.96%
Batch 275/2797, Loss: 0.2325, Train Acc: 91.97%
Batch 280/2797, Loss: 0.2320, Train Acc: 91.98%
Batch 285/2797, Loss: 0.2318, Train Acc: 91.97%
Batch 290/2797, Loss: 0.2311, Train Acc: 92.00%
Batch 295/2797, Loss: 0.2313, Train Acc: 91.98%
Batch 300/2797, Loss: 0.2316, Train Acc: 91.96%
Batch 305/2797, Loss: 0.2313, Train Acc: 91.97%
Batch 310/2797, Loss: 0.2312, Train Acc: 91.98%
Batch 315/2797, Loss: 0.2313, Train Acc: 91.97%
Batch 320/2797, Loss: 0.2308, Train Acc: 91.97%
Batch 325/2797, Loss: 0.2305, Train Acc: 91.98%
Batch 330/2797, Loss: 0.2306, Train Acc: 91.96%
Batch 335/2797, Loss: 0.2306, Train Acc: 91.95%
Batch 340/2797, Loss: 0.2301, Train Acc: 91.96%
Batch 345/2797, Loss: 0.2304, Train Acc: 91.93%
Batch 350/2797, Loss: 0.2294, Train Acc: 91.95%
Batch 355/2797, Loss: 0.2293, Train Acc: 91.95%
Batch 360/2797, Loss: 0.2288, Train Acc: 91.97%
Batch 365/2797, Loss: 0.2295, Train Acc: 91.93%
Batch 370/2797, Loss: 0.2294, Train Acc: 91.94%
Batch 375/2797, Loss: 0.2294, Train Acc: 91.92%
Batch 380/2797, Loss: 0.2296, Train Acc: 91.91%
Batch 385/2797, Loss: 0.2290, Train Acc: 91.92%
Batch 390/2797, Loss: 0.2286, Train Acc: 91.92%
Batch 395/2797, Loss: 0.2292, Train Acc: 91.88%
Batch 400/2797, Loss: 0.2292, Train Acc: 91.87%
Batch 405/2797, Loss: 0.2293, Train Acc: 91.86%
Batch 410/2797, Loss: 0.2287, Train Acc: 91.88%
Batch 415/2797, Loss: 0.2292, Train Acc: 91.87%
Batch 420/2797, Loss: 0.2292, Train Acc: 91.88%
Batch 425/2797, Loss: 0.2293, Train Acc: 91.86%
Batch 430/2797, Loss: 0.2290, Train Acc: 91.87%
Batch 435/2797, Loss: 0.2292, Train Acc: 91.87%
Batch 440/2797, Loss: 0.2291, Train Acc: 91.86%
Batch 445/2797, Loss: 0.2288, Train Acc: 91.86%
Batch 450/2797, Loss: 0.2289, Train Acc: 91.86%
Batch 455/2797, Loss: 0.2289, Train Acc: 91.85%
Batch 460/2797, Loss: 0.2287, Train Acc: 91.86%
Batch 465/2797, Loss: 0.2284, Train Acc: 91.87%
Batch 470/2797, Loss: 0.2286, Train Acc: 91.86%
Batch 475/2797, Loss: 0.2287, Train Acc: 91.84%
Batch 480/2797, Loss: 0.2287, Train Acc: 91.85%
Batch 485/2797, Loss: 0.2286, Train Acc: 91.84%
Batch 490/2797, Loss: 0.2285, Train Acc: 91.85%
Batch 495/2797, Loss: 0.2283, Train Acc: 91.85%
Batch 500/2797, Loss: 0.2287, Train Acc: 91.83%
Batch 505/2797, Loss: 0.2289, Train Acc: 91.83%
Batch 510/2797, Loss: 0.2287, Train Acc: 91.83%
Batch 515/2797, Loss: 0.2290, Train Acc: 91.82%
Batch 520/2797, Loss: 0.2293, Train Acc: 91.82%
Batch 525/2797, Loss: 0.2294, Train Acc: 91.81%
Batch 530/2797, Loss: 0.2298, Train Acc: 91.80%
Batch 535/2797, Loss: 0.2295, Train Acc: 91.81%
Batch 540/2797, Loss: 0.2290, Train Acc: 91.83%
Batch 545/2797, Loss: 0.2288, Train Acc: 91.84%
Batch 550/2797, Loss: 0.2286, Train Acc: 91.86%
Batch 555/2797, Loss: 0.2285, Train Acc: 91.86%
Batch 560/2797, Loss: 0.2281, Train Acc: 91.87%
Batch 565/2797, Loss: 0.2284, Train Acc: 91.86%
Batch 570/2797, Loss: 0.2282, Train Acc: 91.86%
Batch 575/2797, Loss: 0.2281, Train Acc: 91.86%
Batch 580/2797, Loss: 0.2282, Train Acc: 91.86%
Batch 585/2797, Loss: 0.2286, Train Acc: 91.85%
Batch 590/2797, Loss: 0.2289, Train Acc: 91.83%
Batch 595/2797, Loss: 0.2288, Train Acc: 91.83%
Batch 600/2797, Loss: 0.2286, Train Acc: 91.82%
Batch 605/2797, Loss: 0.2287, Train Acc: 91.82%
Batch 610/2797, Loss: 0.2287, Train Acc: 91.83%
Batch 615/2797, Loss: 0.2284, Train Acc: 91.82%
Batch 620/2797, Loss: 0.2281, Train Acc: 91.83%
Batch 625/2797, Loss: 0.2277, Train Acc: 91.84%
Batch 630/2797, Loss: 0.2278, Train Acc: 91.83%
Batch 635/2797, Loss: 0.2278, Train Acc: 91.84%
Batch 640/2797, Loss: 0.2277, Train Acc: 91.84%
Batch 645/2797, Loss: 0.2278, Train Acc: 91.84%
Batch 650/2797, Loss: 0.2278, Train Acc: 91.84%
Batch 655/2797, Loss: 0.2277, Train Acc: 91.84%
Batch 660/2797, Loss: 0.2276, Train Acc: 91.84%
Batch 665/2797, Loss: 0.2275, Train Acc: 91.85%
Batch 670/2797, Loss: 0.2273, Train Acc: 91.86%
Batch 675/2797, Loss: 0.2271, Train Acc: 91.87%
Batch 680/2797, Loss: 0.2273, Train Acc: 91.86%
Batch 685/2797, Loss: 0.2274, Train Acc: 91.85%
Batch 690/2797, Loss: 0.2272, Train Acc: 91.86%
Batch 695/2797, Loss: 0.2274, Train Acc: 91.85%
Batch 700/2797, Loss: 0.2276, Train Acc: 91.84%
Batch 705/2797, Loss: 0.2276, Train Acc: 91.84%
Batch 710/2797, Loss: 0.2274, Train Acc: 91.84%
Batch 715/2797, Loss: 0.2271, Train Acc: 91.85%
Batch 720/2797, Loss: 0.2273, Train Acc: 91.84%
Batch 725/2797, Loss: 0.2270, Train Acc: 91.86%
Batch 730/2797, Loss: 0.2268, Train Acc: 91.86%
Batch 735/2797, Loss: 0.2264, Train Acc: 91.88%
Batch 740/2797, Loss: 0.2263, Train Acc: 91.88%
Batch 745/2797, Loss: 0.2264, Train Acc: 91.87%
Batch 750/2797, Loss: 0.2263, Train Acc: 91.88%
Batch 755/2797, Loss: 0.2261, Train Acc: 91.89%
Batch 760/2797, Loss: 0.2263, Train Acc: 91.87%
Batch 765/2797, Loss: 0.2262, Train Acc: 91.88%
Batch 770/2797, Loss: 0.2260, Train Acc: 91.89%
Batch 775/2797, Loss: 0.2259, Train Acc: 91.88%
Batch 780/2797, Loss: 0.2260, Train Acc: 91.88%
Batch 785/2797, Loss: 0.2263, Train Acc: 91.86%
Batch 790/2797, Loss: 0.2262, Train Acc: 91.86%
Batch 795/2797, Loss: 0.2263, Train Acc: 91.85%
Batch 800/2797, Loss: 0.2263, Train Acc: 91.85%
Batch 805/2797, Loss: 0.2262, Train Acc: 91.85%
Batch 810/2797, Loss: 0.2259, Train Acc: 91.86%
Batch 815/2797, Loss: 0.2256, Train Acc: 91.87%
Batch 820/2797, Loss: 0.2255, Train Acc: 91.88%
Batch 825/2797, Loss: 0.2255, Train Acc: 91.88%
Batch 830/2797, Loss: 0.2255, Train Acc: 91.87%
Batch 835/2797, Loss: 0.2254, Train Acc: 91.87%
Batch 840/2797, Loss: 0.2252, Train Acc: 91.88%
Batch 845/2797, Loss: 0.2251, Train Acc: 91.88%
Batch 850/2797, Loss: 0.2250, Train Acc: 91.88%
Batch 855/2797, Loss: 0.2250, Train Acc: 91.88%
Batch 860/2797, Loss: 0.2250, Train Acc: 91.89%
Batch 865/2797, Loss: 0.2250, Train Acc: 91.89%
Batch 870/2797, Loss: 0.2249, Train Acc: 91.89%
Batch 875/2797, Loss: 0.2248, Train Acc: 91.90%
Batch 880/2797, Loss: 0.2249, Train Acc: 91.89%
Batch 885/2797, Loss: 0.2249, Train Acc: 91.89%
Batch 890/2797, Loss: 0.2247, Train Acc: 91.89%
Batch 895/2797, Loss: 0.2246, Train Acc: 91.88%
Batch 900/2797, Loss: 0.2246, Train Acc: 91.88%
Batch 905/2797, Loss: 0.2246, Train Acc: 91.88%
Batch 910/2797, Loss: 0.2245, Train Acc: 91.88%
Batch 915/2797, Loss: 0.2244, Train Acc: 91.88%
Batch 920/2797, Loss: 0.2243, Train Acc: 91.89%
Batch 925/2797, Loss: 0.2241, Train Acc: 91.89%
Batch 930/2797, Loss: 0.2241, Train Acc: 91.89%
Batch 935/2797, Loss: 0.2244, Train Acc: 91.88%
Batch 940/2797, Loss: 0.2242, Train Acc: 91.88%
Batch 945/2797, Loss: 0.2243, Train Acc: 91.88%
Batch 950/2797, Loss: 0.2242, Train Acc: 91.88%
Batch 955/2797, Loss: 0.2243, Train Acc: 91.88%
Batch 960/2797, Loss: 0.2244, Train Acc: 91.89%
Batch 965/2797, Loss: 0.2245, Train Acc: 91.88%
Batch 970/2797, Loss: 0.2244, Train Acc: 91.89%
Batch 975/2797, Loss: 0.2244, Train Acc: 91.89%
Batch 980/2797, Loss: 0.2244, Train Acc: 91.88%
Batch 985/2797, Loss: 0.2242, Train Acc: 91.89%
Batch 990/2797, Loss: 0.2241, Train Acc: 91.90%
Batch 995/2797, Loss: 0.2239, Train Acc: 91.90%
Batch 1000/2797, Loss: 0.2242, Train Acc: 91.89%
Batch 1005/2797, Loss: 0.2241, Train Acc: 91.89%
Batch 1010/2797, Loss: 0.2243, Train Acc: 91.88%
Batch 1015/2797, Loss: 0.2243, Train Acc: 91.88%
Batch 1020/2797, Loss: 0.2243, Train Acc: 91.88%
Batch 1025/2797, Loss: 0.2246, Train Acc: 91.87%
Batch 1030/2797, Loss: 0.2246, Train Acc: 91.86%
Batch 1035/2797, Loss: 0.2244, Train Acc: 91.87%
Batch 1040/2797, Loss: 0.2246, Train Acc: 91.86%
Batch 1045/2797, Loss: 0.2245, Train Acc: 91.86%
Batch 1050/2797, Loss: 0.2247, Train Acc: 91.86%
Batch 1055/2797, Loss: 0.2244, Train Acc: 91.87%
Batch 1060/2797, Loss: 0.2245, Train Acc: 91.87%
Batch 1065/2797, Loss: 0.2244, Train Acc: 91.87%
Batch 1070/2797, Loss: 0.2245, Train Acc: 91.86%
Batch 1075/2797, Loss: 0.2245, Train Acc: 91.86%
Batch 1080/2797, Loss: 0.2245, Train Acc: 91.86%
Batch 1085/2797, Loss: 0.2244, Train Acc: 91.86%
Batch 1090/2797, Loss: 0.2245, Train Acc: 91.85%
Batch 1095/2797, Loss: 0.2245, Train Acc: 91.85%
Batch 1100/2797, Loss: 0.2246, Train Acc: 91.84%
Batch 1105/2797, Loss: 0.2245, Train Acc: 91.85%
Batch 1110/2797, Loss: 0.2244, Train Acc: 91.85%
Batch 1115/2797, Loss: 0.2244, Train Acc: 91.85%
Batch 1120/2797, Loss: 0.2246, Train Acc: 91.84%
Batch 1125/2797, Loss: 0.2247, Train Acc: 91.84%
Batch 1130/2797, Loss: 0.2246, Train Acc: 91.85%
Batch 1135/2797, Loss: 0.2247, Train Acc: 91.85%
Batch 1140/2797, Loss: 0.2245, Train Acc: 91.86%
Batch 1145/2797, Loss: 0.2244, Train Acc: 91.87%
Batch 1150/2797, Loss: 0.2243, Train Acc: 91.87%
Batch 1155/2797, Loss: 0.2242, Train Acc: 91.88%
Batch 1160/2797, Loss: 0.2240, Train Acc: 91.88%
Batch 1165/2797, Loss: 0.2239, Train Acc: 91.88%
Batch 1170/2797, Loss: 0.2239, Train Acc: 91.88%
Batch 1175/2797, Loss: 0.2238, Train Acc: 91.89%
Batch 1180/2797, Loss: 0.2236, Train Acc: 91.89%
Batch 1185/2797, Loss: 0.2238, Train Acc: 91.88%
Batch 1190/2797, Loss: 0.2238, Train Acc: 91.88%
Batch 1195/2797, Loss: 0.2240, Train Acc: 91.87%
Batch 1200/2797, Loss: 0.2241, Train Acc: 91.87%
Batch 1205/2797, Loss: 0.2240, Train Acc: 91.86%
Batch 1210/2797, Loss: 0.2241, Train Acc: 91.86%
Batch 1215/2797, Loss: 0.2242, Train Acc: 91.86%
Batch 1220/2797, Loss: 0.2242, Train Acc: 91.85%
Batch 1225/2797, Loss: 0.2243, Train Acc: 91.85%
Batch 1230/2797, Loss: 0.2242, Train Acc: 91.85%
Batch 1235/2797, Loss: 0.2243, Train Acc: 91.84%
Batch 1240/2797, Loss: 0.2243, Train Acc: 91.84%
Batch 1245/2797, Loss: 0.2244, Train Acc: 91.83%
Batch 1250/2797, Loss: 0.2245, Train Acc: 91.83%
Batch 1255/2797, Loss: 0.2245, Train Acc: 91.83%
Batch 1260/2797, Loss: 0.2244, Train Acc: 91.84%
Batch 1265/2797, Loss: 0.2243, Train Acc: 91.85%
Batch 1270/2797, Loss: 0.2243, Train Acc: 91.84%
Batch 1275/2797, Loss: 0.2243, Train Acc: 91.84%
Batch 1280/2797, Loss: 0.2242, Train Acc: 91.84%
Batch 1285/2797, Loss: 0.2242, Train Acc: 91.84%
Batch 1290/2797, Loss: 0.2243, Train Acc: 91.84%
Batch 1295/2797, Loss: 0.2242, Train Acc: 91.84%
Batch 1300/2797, Loss: 0.2242, Train Acc: 91.84%
Batch 1305/2797, Loss: 0.2241, Train Acc: 91.84%
Batch 1310/2797, Loss: 0.2242, Train Acc: 91.83%
Batch 1315/2797, Loss: 0.2244, Train Acc: 91.83%
Batch 1320/2797, Loss: 0.2243, Train Acc: 91.83%
Batch 1325/2797, Loss: 0.2243, Train Acc: 91.83%
Batch 1330/2797, Loss: 0.2242, Train Acc: 91.83%
Batch 1335/2797, Loss: 0.2243, Train Acc: 91.83%
Batch 1340/2797, Loss: 0.2243, Train Acc: 91.83%
Batch 1345/2797, Loss: 0.2243, Train Acc: 91.83%
Batch 1350/2797, Loss: 0.2242, Train Acc: 91.83%
Batch 1355/2797, Loss: 0.2243, Train Acc: 91.83%
Batch 1360/2797, Loss: 0.2243, Train Acc: 91.83%
Batch 1365/2797, Loss: 0.2244, Train Acc: 91.83%
Batch 1370/2797, Loss: 0.2244, Train Acc: 91.83%
Batch 1375/2797, Loss: 0.2245, Train Acc: 91.82%
Batch 1380/2797, Loss: 0.2245, Train Acc: 91.81%
Batch 1385/2797, Loss: 0.2245, Train Acc: 91.81%
Batch 1390/2797, Loss: 0.2247, Train Acc: 91.81%
Batch 1395/2797, Loss: 0.2248, Train Acc: 91.80%
Batch 1400/2797, Loss: 0.2248, Train Acc: 91.80%
Batch 1405/2797, Loss: 0.2248, Train Acc: 91.80%
Batch 1410/2797, Loss: 0.2247, Train Acc: 91.80%
Batch 1415/2797, Loss: 0.2247, Train Acc: 91.79%
Batch 1420/2797, Loss: 0.2245, Train Acc: 91.80%
Batch 1425/2797, Loss: 0.2245, Train Acc: 91.80%
Batch 1430/2797, Loss: 0.2245, Train Acc: 91.80%
Batch 1435/2797, Loss: 0.2245, Train Acc: 91.80%
Batch 1440/2797, Loss: 0.2243, Train Acc: 91.81%
Batch 1445/2797, Loss: 0.2242, Train Acc: 91.81%
Batch 1450/2797, Loss: 0.2241, Train Acc: 91.81%
Batch 1455/2797, Loss: 0.2242, Train Acc: 91.81%
Batch 1460/2797, Loss: 0.2243, Train Acc: 91.80%
Batch 1465/2797, Loss: 0.2243, Train Acc: 91.80%
Batch 1470/2797, Loss: 0.2244, Train Acc: 91.80%
Batch 1475/2797, Loss: 0.2243, Train Acc: 91.80%
Batch 1480/2797, Loss: 0.2242, Train Acc: 91.80%
Batch 1485/2797, Loss: 0.2242, Train Acc: 91.80%
Batch 1490/2797, Loss: 0.2243, Train Acc: 91.80%
Batch 1495/2797, Loss: 0.2242, Train Acc: 91.80%
Batch 1500/2797, Loss: 0.2242, Train Acc: 91.80%
Batch 1505/2797, Loss: 0.2241, Train Acc: 91.80%
Batch 1510/2797, Loss: 0.2242, Train Acc: 91.80%
Batch 1515/2797, Loss: 0.2241, Train Acc: 91.81%
Batch 1520/2797, Loss: 0.2241, Train Acc: 91.80%
Batch 1525/2797, Loss: 0.2241, Train Acc: 91.80%
Batch 1530/2797, Loss: 0.2240, Train Acc: 91.80%
Batch 1535/2797, Loss: 0.2241, Train Acc: 91.80%
Batch 1540/2797, Loss: 0.2241, Train Acc: 91.80%
Batch 1545/2797, Loss: 0.2240, Train Acc: 91.80%
Batch 1550/2797, Loss: 0.2239, Train Acc: 91.81%
Batch 1555/2797, Loss: 0.2239, Train Acc: 91.82%
Batch 1560/2797, Loss: 0.2239, Train Acc: 91.82%
Batch 1565/2797, Loss: 0.2240, Train Acc: 91.81%
Batch 1570/2797, Loss: 0.2240, Train Acc: 91.81%
Batch 1575/2797, Loss: 0.2240, Train Acc: 91.81%
Batch 1580/2797, Loss: 0.2238, Train Acc: 91.82%
Batch 1585/2797, Loss: 0.2238, Train Acc: 91.82%
Batch 1590/2797, Loss: 0.2239, Train Acc: 91.81%
Batch 1595/2797, Loss: 0.2239, Train Acc: 91.81%
Batch 1600/2797, Loss: 0.2239, Train Acc: 91.81%
Batch 1605/2797, Loss: 0.2239, Train Acc: 91.81%
Batch 1610/2797, Loss: 0.2239, Train Acc: 91.81%
Batch 1615/2797, Loss: 0.2239, Train Acc: 91.81%
Batch 1620/2797, Loss: 0.2240, Train Acc: 91.81%
Batch 1625/2797, Loss: 0.2241, Train Acc: 91.81%
Batch 1630/2797, Loss: 0.2241, Train Acc: 91.80%
Batch 1635/2797, Loss: 0.2240, Train Acc: 91.81%
Batch 1640/2797, Loss: 0.2241, Train Acc: 91.80%
Batch 1645/2797, Loss: 0.2240, Train Acc: 91.80%
Batch 1650/2797, Loss: 0.2240, Train Acc: 91.80%
Batch 1655/2797, Loss: 0.2240, Train Acc: 91.81%
Batch 1660/2797, Loss: 0.2239, Train Acc: 91.81%
Batch 1665/2797, Loss: 0.2238, Train Acc: 91.81%
Batch 1670/2797, Loss: 0.2239, Train Acc: 91.81%
Batch 1675/2797, Loss: 0.2239, Train Acc: 91.81%
Batch 1680/2797, Loss: 0.2239, Train Acc: 91.81%
Batch 1685/2797, Loss: 0.2241, Train Acc: 91.80%
Batch 1690/2797, Loss: 0.2241, Train Acc: 91.79%
Batch 1695/2797, Loss: 0.2242, Train Acc: 91.79%
Batch 1700/2797, Loss: 0.2243, Train Acc: 91.78%
Batch 1705/2797, Loss: 0.2243, Train Acc: 91.79%
Batch 1710/2797, Loss: 0.2243, Train Acc: 91.79%
Batch 1715/2797, Loss: 0.2244, Train Acc: 91.78%
Batch 1720/2797, Loss: 0.2244, Train Acc: 91.78%
Batch 1725/2797, Loss: 0.2244, Train Acc: 91.78%
Batch 1730/2797, Loss: 0.2244, Train Acc: 91.78%
Batch 1735/2797, Loss: 0.2244, Train Acc: 91.78%
Batch 1740/2797, Loss: 0.2244, Train Acc: 91.78%
Batch 1745/2797, Loss: 0.2243, Train Acc: 91.78%
Batch 1750/2797, Loss: 0.2243, Train Acc: 91.78%
Batch 1755/2797, Loss: 0.2241, Train Acc: 91.78%
Batch 1760/2797, Loss: 0.2241, Train Acc: 91.78%
Batch 1765/2797, Loss: 0.2241, Train Acc: 91.78%
Batch 1770/2797, Loss: 0.2240, Train Acc: 91.78%
Batch 1775/2797, Loss: 0.2241, Train Acc: 91.78%
Batch 1780/2797, Loss: 0.2241, Train Acc: 91.78%
Batch 1785/2797, Loss: 0.2240, Train Acc: 91.78%
Batch 1790/2797, Loss: 0.2240, Train Acc: 91.78%
Batch 1795/2797, Loss: 0.2240, Train Acc: 91.78%
Batch 1800/2797, Loss: 0.2240, Train Acc: 91.78%
Batch 1805/2797, Loss: 0.2240, Train Acc: 91.78%
Batch 1810/2797, Loss: 0.2240, Train Acc: 91.78%
Batch 1815/2797, Loss: 0.2239, Train Acc: 91.78%
Batch 1820/2797, Loss: 0.2240, Train Acc: 91.78%
Batch 1825/2797, Loss: 0.2239, Train Acc: 91.78%
Batch 1830/2797, Loss: 0.2239, Train Acc: 91.78%
Batch 1835/2797, Loss: 0.2239, Train Acc: 91.78%
Batch 1840/2797, Loss: 0.2239, Train Acc: 91.78%
Batch 1845/2797, Loss: 0.2239, Train Acc: 91.78%
Batch 1850/2797, Loss: 0.2238, Train Acc: 91.79%
Batch 1855/2797, Loss: 0.2239, Train Acc: 91.78%
Batch 1860/2797, Loss: 0.2238, Train Acc: 91.78%
Batch 1865/2797, Loss: 0.2238, Train Acc: 91.78%
Batch 1870/2797, Loss: 0.2237, Train Acc: 91.78%
Batch 1875/2797, Loss: 0.2236, Train Acc: 91.78%
Batch 1880/2797, Loss: 0.2237, Train Acc: 91.78%
Batch 1885/2797, Loss: 0.2237, Train Acc: 91.77%
Batch 1890/2797, Loss: 0.2237, Train Acc: 91.78%
Batch 1895/2797, Loss: 0.2236, Train Acc: 91.78%
Batch 1900/2797, Loss: 0.2238, Train Acc: 91.78%
Batch 1905/2797, Loss: 0.2238, Train Acc: 91.78%
Batch 1910/2797, Loss: 0.2238, Train Acc: 91.77%
Batch 1915/2797, Loss: 0.2240, Train Acc: 91.77%
Batch 1920/2797, Loss: 0.2239, Train Acc: 91.77%
Batch 1925/2797, Loss: 0.2238, Train Acc: 91.77%
Batch 1930/2797, Loss: 0.2239, Train Acc: 91.76%
Batch 1935/2797, Loss: 0.2239, Train Acc: 91.77%
Batch 1940/2797, Loss: 0.2237, Train Acc: 91.77%
Batch 1945/2797, Loss: 0.2238, Train Acc: 91.77%
Batch 1950/2797, Loss: 0.2239, Train Acc: 91.77%
Batch 1955/2797, Loss: 0.2239, Train Acc: 91.77%
Batch 1960/2797, Loss: 0.2238, Train Acc: 91.77%
Batch 1965/2797, Loss: 0.2239, Train Acc: 91.77%
Batch 1970/2797, Loss: 0.2239, Train Acc: 91.77%
Batch 1975/2797, Loss: 0.2238, Train Acc: 91.78%
Batch 1980/2797, Loss: 0.2238, Train Acc: 91.77%
Batch 1985/2797, Loss: 0.2238, Train Acc: 91.77%
Batch 1990/2797, Loss: 0.2237, Train Acc: 91.78%
Batch 1995/2797, Loss: 0.2236, Train Acc: 91.78%
Batch 2000/2797, Loss: 0.2236, Train Acc: 91.78%
Batch 2005/2797, Loss: 0.2236, Train Acc: 91.78%
Batch 2010/2797, Loss: 0.2235, Train Acc: 91.78%
Batch 2015/2797, Loss: 0.2236, Train Acc: 91.78%
Batch 2020/2797, Loss: 0.2236, Train Acc: 91.78%
Batch 2025/2797, Loss: 0.2237, Train Acc: 91.78%
Batch 2030/2797, Loss: 0.2237, Train Acc: 91.78%
Batch 2035/2797, Loss: 0.2237, Train Acc: 91.78%
Batch 2040/2797, Loss: 0.2238, Train Acc: 91.78%
Batch 2045/2797, Loss: 0.2237, Train Acc: 91.78%
Batch 2050/2797, Loss: 0.2237, Train Acc: 91.78%
Batch 2055/2797, Loss: 0.2236, Train Acc: 91.79%
